:020000041000EA
:1000000000B5324B212058609868022188439860DF
:10001000D860186158612E4B002199600221596106
:100020000121F02299502B49196001219960352056
:1000300000F044F80222904214D00621196600F024
:1000400034F8196E01211966002018661A6600F04E
:100050002CF8196E196E196E052000F02FF8012189
:100060000842F9D1002199601B49196000215960AB
:100070001A491B48016001219960EB211966A021F2
:10008000196600F012F800219960164914480160C1
:100090000121996001BC002800D000471248134993
:1000A000086003C880F30888084703B5996A0420EC
:1000B0000142FBD001200142F8D103BD02B5186610
:1000C0001866FFF7F2FF186E186E02BD00000240BE
:1000D000000000180000070000035F00212200005C
:1000E000F4000018222000A00001001008ED00E03C
:1000F00000000000000000000000000074B24E7A12
:1001000000200420F7010010C3010010C5010010F9
:10011000C1010010C1010010C1010010C101001097
:10012000C1010010C1010010C1010010C701001081
:10013000C1010010C1010010C9010010CB01001065
:10014000CD010010CD010010CD010010CD01001037
:10015000CD010010CD010010CD010010CD01001027
:10016000CD010010CD010010CD010010CD01001017
:10017000CD010010CD010010CD010010CD01001007
:10018000CD010010CD010010CD010010CD010010F7
:10019000CD010010CD010010CD010010CD010010E7
:1001A000CD010010CD010010CD010010CD010010D7
:1001B000CD010010CD010010CD010010CD010010C7
:1001C00000BE00BE00BE00BE00BE00BEEFF3058054
:1001D000103800BEF2EB8871F47A0010147B001026
:1001E0003802001090A31AE71E481F49086006C88D
:1001F00081F3088810471D480068002801D019487D
:10020000F3E70DA40ECC002902D000F012F8F9E7B4
:100210001749184A002000E001C19142FCD116495B
:100220008847164988471649884700BEFDE701C937
:1002300001C29A42FBD37047147B0010C00000201B
:10024000AC100020008B00100000042000000420EF
:10025000008B00100010042000100420000000009B
:10026000704700000000000008ED00E0000000D032
:10027000AC10002044210020A14000101D040010FB
:1002800099400010F8B5C046044B10B5002B03D0C0
:100290000349044800E000BF10BDC0460000000054
:1002A000E02000206074001070B50C000C2800D90C
:1002B000A5E0594B80001B589F460A0000200021F2
:1002C00006F0B0FE22000021012006F0ABFE220065
:1002D0000121022006F0A6FE22000121032006F0E3
:1002E000A1FE13E00A000020012106F09BFE22007F
:1002F0000121012006F096FE22000021022006F0D6
:1003000091FE22000021032006F08CFE70BD0A0041
:100310000020012106F086FE22000121012006F0C6
:1003200081FE2200D4E74D082A000021002006F0BB
:1003300079FE22000021012006F074FE2200002137
:10034000022006F06FFE2A000021032006F06AFE5C
:10035000DCE70A000020012106F064FE22000021F3
:10036000012006F05FFE22000121C7E70A000020FD
:10037000002106F057FE22000021012006F052FE67
:100380002200BAE74D082A000121002006F04AFEAB
:1003900022000121012006F045FE22000121022059
:1003A00006F040FE2A000121032006F03BFEADE7E7
:1003B0000A0000200021650806F034FE2A00002112
:1003C000012006F02FFE2A0097E70A0000200121F5
:1003D000650806F027FE2A000121012006F022FE12
:1003E0002A0075E70A000020002106F01BFE22000B
:1003F0000121012006F016FE2200002169E70020FD
:1004000006F030FE012006F02DFE022006F02AFE46
:10041000032006F027FE79E76074001010B503F0A2
:100420007DFF06F0C3FD0123002876D13C4806F08D
:10043000B9FD3C4804F044F806F0ECFD3A4803F0FE
:10044000BBFF3A4803F0B8FF46210120FFF72CFF1D
:10045000FA20C00000F084FE46210B20FFF724FFA5
:10046000FA20C00000F07CFE46210C20FFF71CFFA4
:10047000FA20C00000F074FE46210220FFF714FFAE
:10048000FA20C00000F06CFE46210320FFF70CFFAD
:10049000FA20C00000F064FE46210420FFF704FFAC
:1004A000FA20C00000F05CFE46210520FFF7FCFEAC
:1004B000FA20C00000F054FE46210820FFF7F4FEA9
:1004C000FA20C00000F04CFE46210620FFF7ECFEAB
:1004D000FA20C00000F044FE46210720FFF7E4FEAA
:1004E000FA20C00000F03CFE46210A20FFF7DCFEA7
:1004F000FA20C00000F034FE46210920FFF7D4FEA8
:10050000FA20C00000F02CFE00210800FFF7CCFE0E
:10051000FA20C00000F024FE0023180010BDC046E1
:10052000B80B000094740010A4740010B074001094
:10053000094A83009A1810B514684022544080324A
:100540002240064CC000A44663441A60044B9C46FB
:100550006044416010BDC04604C0014004D0014069
:1005600000400140074B8000C3181B68C90092007F
:100570000A435A400C231340034A944660440360E4
:100580007047C04604C0014004D001408023DB0511
:100590001868000F7047C0460FB400B5084883B014
:1005A00003F00AFF049B002B07D005A91800019156
:1005B00003F058FD034803F0FFFE012003F06AFD3D
:1005C000BC740010CC74001070B5EFF3108C72B6D0
:1005D0000D4D2B68002BFCD0BFF35F8F0724CB0899
:1005E000C618C05C01230C40A3401C000440034219
:1005F00007D118433070BFF35F8F2C608CF31088E5
:1006000070BD1000FFF7C8FF2C0100D0F8B54746B9
:10061000CE46884680B5EFF3108C72B61C4D2C6820
:10062000002CFCD0BFF35F8F9A4222D8072101260D
:10063000894602E00132934218D34D4637001540F7
:10064000AF40D4080119045D2742F3D110003C43A8
:100650000C70BFF35F8F00220D4B1A608CF3108873
:1006600000280EDBC0BCB946B046F8BD01204042B0
:10067000EFE7BFF35F8F00232B608CF3108801201E
:1006800040424346002BEDD00898FFF785FFC04657
:100690002C0100D0044A1078431CDBB2172B00D980
:1006A000102313707047C046980F002010B5064BFA
:1006B000064C82B00100009318221F232000FFF790
:1006C000A5FF02B010BDC046D0740010701C002001
:1006D0000021044B044ABFF35F8F02C39342FAD157
:1006E0007047C046000100D0800100D0054B064A8B
:1006F0001360064A136053609360D36013615361C3
:10070000936170478080808000E400E004E400E0B2
:100710001F2318401E3B8340002905D0C021044AF6
:100720004900535013607047802201498B50FAE70B
:1007300000E100E001228240034B1B6813405A1E77
:100740009341D8B27047C04600E100E001238340E6
:10075000014A13607047C04600E200E0064B1030CB
:100760009B688000C358054A00209B1A2F229A429A
:100770004041C0B27047C04600ED00E09C0F002031
:1007800070B50D00EFF3108672B60F4A1368002B98
:10079000FCD0BFF35F8F0D4B10309B6884001B595A
:1007A0000B4A934203D09D4201D000F0FFFF074B5C
:1007B0009B681D51BFF35F8FBFF35F8F0022024B19
:1007C0001A6086F3108870BD240100D000ED00E0AF
:1007D000CD010010F0B557464E46DE464546E0B521
:1007E00085B0060000911700EFF3108B72B66A4ACD
:1007F0001368002BFCD0BFF35F8F0025674B5D575C
:100800009A46002D00DAA9E06B00654C01935B1954
:100810009B009846A146C1444B4652469B791036F0
:100820001370604BB6009B6899590B1B2F2B33D963
:100830005D4B994200D0ACE0019B42469C465B4B2D
:100840006544AD0063535A4B0232A218043B9B1A15
:100850001B05584A5B0D651913436B80564B0121EC
:10086000AB80FF23AB71009BEF71AB604B460B433A
:1008700019004C4B9B689951BFF35F8FBFF35F8F9B
:100880000022454B1A608BF3108805B0F0BCBB46C4
:10089000B246A946A046F0BD01200A008243D379A2
:1008A0008C46BB4231D84546130044491B1B5B4173
:1008B0005943090D3D4B63533D4B02356519043BCC
:1008C0005B1B1B053B4D5B0D2B43AA464D466B80C6
:1008D0000425AC465546E044131F44441B1B1B052E
:1008E0005B0D1D434B46997100999D809960494667
:1008F000DF71334B01431360BBE75800C018800021
:100900002018C179B9422FD902000623D356002BF3
:10091000F3DA02932B4B61460393131D9A4604238B
:100920005B429C46E14450464B461B1A1B055B0D3F
:100930009C46204B957198466346404603439380FE
:10094000019B5A199200039BA418A380029B1C4A86
:10095000A371009B2260E771A3608AE700F026FF85
:10096000002553465D574FE7908802934005131DBD
:100970009A46031561469C464046D444634604307B
:100980002018181AE0230005400D1B02184303909D
:10099000C5E700F00BFF4FE7240100D03E21002007
:1009A0009C0F002000ED00E0CD01001000A1FFFF32
:1009B000CC0F002000E0FFFF01BDFFFFAAAA00004E
:1009C0000148804701BD000070B501240443EFF3E6
:1009D0000581EFF3108C72B6214A1368002BFCD00E
:1009E000BFF35F8F1F4B05001F4AED1A6D416A432D
:1009F000120D1E4D8900AE6852B27658A6421CD028
:100A00000621595691421CD012215956914222D0AA
:100A10001E215956914220D02A2159560324914231
:100A200010D0134B19781A708171BFF35F8F0022B9
:100A30000B4B1A608CF3108870BDAB680D4C5C508A
:100A4000EFE700246100091989005B18FF21997103
:100A500009499980E5E70124F4E70224F2E7C0465A
:100A6000240100D09C0F0020AAAA000000ED00E0A5
:100A70003E210020CD01001001BDFFFF10B5084B45
:100A8000084C82B001000093002205232000FFF7EC
:100A9000BDFD002801DB1F23181A02B010BDC0469F
:100AA000EC74001042210020024B9C4661448900F6
:100AB000016070474000003470B5114C114DAC42DC
:100AC0000FD2FF262368002B0CD0FFF7E3FD0100B7
:100AD0002000FFF7E9FFA680BFF35F8F0834AC4228
:100AE000F0D370BDFFF7D6FD01002000FFF7DCFF5B
:100AF0002671BFF35F8F0834AC42E3D3F1E7C04601
:100B0000A4100020AC10002010B50400FFF7C2FDB7
:100B100001002000FFF7C8FFFF232371BFF35F8FA1
:100B200010BDC04610B504000120FFF7BFFD034B08
:100B3000C3189B002360BFF35F8F10BD40000034DB
:100B4000034B9C46614489000160BFF35F8F70478F
:100B5000400000340A4B1968EFF3108072B60A683F
:100B6000002AFCD0BFF35F8F1B68BFF35F8F0022AA
:100B70001A6080F3108840BF002000217047C046F3
:100B80001C210020F0B5DE4657464E464546E0B5EE
:100B900087B0EFF30583032201251A4095409100A9
:100BA0008846A946B34B03925C58B34B1D60B34BC8
:100BB00004934B46B24843630823E55E002D37DAC1
:100BC000A3881BB2002B00DBADE0A379002B00D083
:100BD000EEE00823E05E002820DB430062691B187A
:100BE000DB00D3189E68DD68731C00D111E1A448B6
:100BF00001004144826A0B69B71A9B1A9F4215D3C0
:100C00000123026A039883401A420FD09C4800F0E7
:100C1000B5FB8D4202DCCCD18642CAD940BF07B0B9
:100C2000F0BCBB46B246A946A046F0BD0E61EDE75A
:100C300062696B0092465B19DB009A4453469E68DA
:100C4000DF6800F09BFB8F42BADC00D103E1002F8C
:100C500000DAE8E05246534652691B699346049A0B
:100C6000934200D1D9E052460821605E52880004C8
:100C7000594610439847009001910099019A0B0042
:100C80001000134300D1CEE013000A00B61A9F41B2
:100C9000002806DB7A4800F071FB009E019F3618A1
:100CA0004F4153469E60DF6000229A5E002A00DAC0
:100CB00086E7530099186069C900411802938B6850
:100CC000C9689B46B94200DD7AE702D1B34200D938
:100CD00076E708239C46A444059565462281A446F0
:100CE000029B2C0006E053009918C90041188D683A
:100CF000C968AB469B18DB00C318B94206DC00D1BB
:100D0000B3E01C000023E25E002AECDA2300644614
:100D10009C4653461A806346059D1D80A3881BB2DE
:100D2000002B00DA51E72269EFF3108172B61368E5
:100D3000002BFCD0BFF35F8F0123A7885B42A38009
:100D40003FB22369BFF35F8F00221A6081F31088DE
:100D5000002F00DA39E72300083322009A4666693B
:100D60007B00DB19DB00F318996850468C46082499
:100D7000115FDD68002910DB029306E0AB4244D02E
:100D80000023E15E2000002906DB4C006418E4002B
:100D90003419E368AB42F1DD029B078000201F5E3F
:100DA0001980002FDCDA1400A379002B00D110E7A2
:100DB0000023A37126000823E15E08364B1C00D1F6
:100DC0002CE70800A246656902E03E004B1C1AD0E1
:100DD0004B005B18DB00EF180A008C46E95E7B884D
:100DE0001BB2002BF1DA01235B42DC17BB60FC6015
:100DF000824205D0534631801B893B8053461A817D
:100E000060464B1CE4D15446E5E6A3686345B7D978
:100E1000C2E76B1C00D0EAE6F8E65B4658461B6961
:100E2000984700281BD153461B8822692381EFF382
:100E3000108372B611680029FCD0BFF35F8F514652
:100E400062880A8022696580BFF35F8F002111608C
:100E500083F31088B4E6864200D8F8E6B0E65B4635
:100E60001A685B680092019307E7B34500D848E72A
:100E70004CE7C046002100203C700540850B001067
:100E80000040054070B52E4C2569002D04D00A2184
:100E90002C48FFF709FE70BD2B4E0321300000F0F7
:100EA00063FAE660FFF7F6FB284B03229C46D0234B
:100EB00022701B061B6801216370254B6044A360F0
:100EC0000F23800020610220638063694942A18072
:100ED00019800231198647311D83585218315A52F0
:100EE00075325C39995218320131995218320131F8
:100EF0009952183201319952083518329D520231F7
:100F000018329952183201319952183201319952DE
:100F10001832013199521832013199521832013187
:100F200099520C4B0C49DC6001303562FFF728FC0C
:100F300001210320FFF7ECFB084B1D60A7E7C0462B
:100F4000E40F00201C210020004005404000003438
:100F5000FFFF100000210020850B001038600540C5
:100F600000487047E40F0020F8B51F0008AB1B785D
:100F700004001600002B08D100F008FA32003B00F4
:100F8000121A8B41002B00DA52E02269EFF3108035
:100F900072B61368002BFCD0BFF35F8F0223E15EB3
:100FA00063694A005218D2009B182269002936DB77
:100FB0001D886580BFF35F8F0025156080F3108862
:100FC000069A9E60DF601A61079A5A615A88013258
:100FD0005204520C101C002A1FD082B25880080400
:100FE00010432669EFF3108772B63268002AFCD0EE
:100FF000BFF35F8FA2881A80A1802369BFF35F8F40
:1010000000221A6087F310880A4923788C4601323F
:101010009A40E36863441A60F8BD0120DDE7BFF33E
:101020005F8F0023136080F3108801204042F3E7B4
:101030000020F1E73C20000070B501000469EFF3E7
:10104000108C72B620680028FCD0BFF35F8F02209E
:101050000D5E4C6968004019C00024180869002D15
:1010600036DB26884E80BFF35F8F002606608CF348
:101070001088E36063880498013320615B0405985D
:101080005B0CA26060611A1C002B1FD093B2280475
:10109000628018430A69EFF3108C72B61368002B54
:1010A000FCD0BFF35F8F8B8823808D800B69BFF3EB
:1010B0005F8F00221A608CF310880B7801329A40FF
:1010C000CB6808498C4663441A6070BD0122DDE795
:1010D000BFF35F8F002303608CF310880120404230
:1010E000F3E7C0463C20000010B543890A14934240
:1010F0001ADD53009B184269DB00D3180469EFF333
:10110000108C72B62268002AFCD0BFF35F8F5A8819
:10111000090494B2090C8A4208D00369BFF35F8FB7
:1011200000221A608CF31088002010BD8022120269
:1011300014435C80012302698371BFF35F8F002138
:1011400011608CF31088044902788C469340C26881
:10115000012062441360E8E73C20000040787047BB
:10116000F0B5C64600B582B0040000F00FF9FA22CF
:1011700006000F00200000230021920001F09AFADF
:101180008019794104000D1E02DA01242E4D6442BB
:1011900006267642F71736196F41AF4214D811D0A0
:1011A00000F0F4F832003B00121A8B41002B15DCE2
:1011B000002B46D02000290000F0F2F802B080BCDD
:1011C000B846F0BDA642EBD90026002700F0DEF8B5
:1011D00032003B00121A8B41002BE9DD00F0D6F8FB
:1011E00032003B00121A8B41002B0ADB00230193D3
:1011F000164B3200009316483B00FFF71DFF0130ED
:10120000D8D000233900B0469C46124A1248536A8F
:10121000994204D8966AB045CCD99942CAD1066899
:10122000EFF3108772B63368002BFCD0BFF35F8FEB
:101230000368BFF35F8F66461E6087F3108820BF88
:10124000E5E7002AB6D0C9E7FFFFFF7F550B001086
:10125000E40F0020004005401C210020F0B5574657
:101260004E46DE464546E0B506000F0085B0EFF37A
:10127000058399468B46002B12D0384900204B6AD3
:10128000BB4206D38A6ADB1B591E8B41B2424041E6
:10129000184305B0F0BCBB46B246A946A046F0BD17
:1012A0002F4B9A46DB68984653461B78404603937B
:1012B00000F064F84246039B040004339B009B58F3
:1012C0000D001B1A39003000001BA941894510DCB4
:1012D0000DD020BF214A0020536A5B45D9D3926AC2
:1012E000DB1B591E8B41B24240411843D1E7834278
:1012F000EFD900F04BF832003B00121A8B41002B63
:101300001ADB00230193174B3200009350463B0039
:10131000FFF792FE011E0FDD104B5A6A5A451BD390
:101320009B6AB34216D35046FFF7DEFE0B4A0020FD
:10133000536A5B45ADD3D2E7084A0020536A5B4548
:10134000A7D30020926ADB1BB24240415A1E934150
:1013500018439EE75A45E6D120BFE4E70040054028
:10136000E40F0020550B001010B5024A0248FFF7A9
:101370002BF910BD08750010741C00200300416A91
:101380000A00986A596A8A42FAD17047034B596A2F
:101390000A00986A596A9142FAD1704700400540A4
:1013A000064A536A9942FCD807D1044B02E05A6AB4
:1013B000914202D19A6A9042F9D8704700400540A4
:1013C000F8B5DE464E4657464546E0B58B46050025
:1013D0000A991800160000F0EFFA0A9B6C001F0231
:1013E000324B64199C46A4006444636881469F4262
:1013F00000D967602B1FDBB29846012B30D9C02380
:1014000080229B01E31812011A60294BAD00595943
:101410009A4600291BD17301E026226853401E40E2
:10142000802342465B01E3181E60012A30D98023E5
:1014300080229B01E31812011A6053464A466760F6
:101440005A51F0BCBB46B246A946A046F8BD586901
:1014500000F0B2FA013043001B18033BFDD2DAE77B
:101460005B46012BCBD1C02303229B01E3181A60FA
:10147000023AA3681A42FCD07301E0262268AD004C
:1014800053401E4080230A4A5B019246E3181E60C7
:101490005A462168514003220A401A6001225B46E5
:1014A0009A40A3681A42FCD0C1E7C04600800040C1
:1014B000781C0020F0B546464F46D646C0B51F0002
:1014C000344B44009C462418A40064446368884656
:1014D0001600FF2B02D880235B006360031FDBB282
:1014E0009A46012B30D9C02380229B01E3181201B8
:1014F0001A60294B85005959994600291BD173015F
:10150000E026226853401E40802352465B01E318C8
:101510001E60012A30D9802380229B01E31812012A
:101520001A6080235B0063604B465F51E0BCBA46A3
:10153000B146A846F0BD586900F03EFA01304300BC
:101540001B18033BFDD2DAE74346012BCBD1C02366
:1015500003229B01E3181A60023AA3681A42FCD0E6
:101560007301E0262268850053401E4080230A4A0A
:101570005B019146E3181E604246216851400322F8
:101580000A401A60012342469340A2681342FCD0ED
:10159000C1E7C04600800040781C0020014B80005D
:1015A000C0587047781C0020F8B5040021481E0080
:1015B00017000D0000F000FA0100380000F0FCF9FF
:1015C000069B36041B031E432368002B20DB1A4BAB
:1015D0001A49E3185A1E93418022920194465B42B5
:1015E0001B0B174A1B0363441360164A13601F004A
:1015F0000A689743FBD1144B2560E2182123A060B1
:1016000013602368002BFCDA0823E6601360F8BD42
:101610003F2322681340AB42D9D1A3681B051B0DA1
:101620008342D4D1EE22E368D2021340B342CED13A
:10163000EDE7C046001BB7000040FDBF08C00040FA
:1016400000E0004000F000400430000010B58024AD
:101650001C4BE4051C6000281AD001231A4C1843C7
:101660001A4BDC611A4C44401C625962986280211A
:10167000144BC9051960174817490860E021C904CF
:101680001960002A07D18022144B12061A6010BD7F
:101690000E4BD861EBE753019B1A9B009A188023ED
:1016A00012015B049A4209D213000D490B60074BEB
:1016B0005A608022094BD2051A60E8E7094B1A00EC
:1016C000F3E7C04600B00540D3C007B00080054036
:1016D0002D3FF84FFCFF01000820014000A005400D
:1016E000D8200020FFFFFF008023024A9B000B430D
:1016F000D362704700800540002310B50100988A2E
:101700001B8B984710BDC046162310B501001888E2
:1017100002331B88984710BDF8B54746CE4680B5C2
:101720000F1E18D014239946043304000025012607
:1017300098464B461888434621681B88984701C441
:10174000431E984101350640AF42F2D13000C0BC83
:10175000B946B046F8BD0126F8E7C046002370B58B
:1017600004000D00988A05491B8B98470300002050
:10177000002C01DB0130A0402900984755420000B1
:10178000AA23064A1B0113608D235B00D360044922
:10179000044B19605368002BFCDA7047004002408C
:1017A00000B0FA00006002407047C04610B5014822
:1017B000FEF7F2FE2C75001070B5074D074EB542CE
:1017C00009D20024013E761BB60808CD98472300B5
:1017D0000134B342F9D170BD187400105474001074
:1017E000054B064A06491A60064A074B1A60100064
:1017F0000B689843FBD1704700E00040BFCDFBFE73
:1018000008C00040FE7F3C0000F00040044BDB6C51
:10181000002B03D18022034BD2021A607047C046CE
:10182000000011504C201150044A054B1A60054A23
:101830001368DB018033FBD17047C046FFFFFF0117
:1018400000F0004008C000404022034B9A675A67EE
:101850001A67DA667047C04600F0014010B5FEF71F
:1018600037FF10BD70B5044D044CA968C02220009C
:1018700000F090FFAC6070BD00ED00E000000020C3
:10188000002310B5294C82B0A367FFF779FF01222E
:10189000274B1A60636C012BFCD10322254B1A6085
:1018A000224A936B012BFCD1013300930121224A80
:1018B00022480433FFF778FE052301210093204AD4
:1018C0002048FFF771FE0022022104201E4BFFF783
:1018D000F1FD0022012105201C4BFFF7EBFD00224A
:1018E000002107201A4BFFF7E5FD00220021082008
:1018F000174BFFF7DFFD8023DB0000930022002160
:101900000920134BFFF75CFD0022104B002106203D
:10191000FFF7D0FD0420FFF741FE0E4900F04CF820
:1019200001000020FFF7E0FE02B010BD0080004083
:101930003CB0004030B00040002F685900800240A9
:10194000008C864700C00240001BB7004059730757
:10195000006CDC0240420F0001480421014B184793
:101960000010002019170010124A936F9B0815D21F
:101970009066D166002905D0FFE7FFE7FFE7516FCA
:10198000106F704704B580210906C2175140002826
:1019900000D0C84305F008FD002104BDF0B5146E69
:1019A000556E576F166FFFF7E3FF1466556657675E
:1019B0001667F0BD000000D0114A936F9B0813D248
:1019C00010665166002905D0FFE7FFE7FFE7516F7A
:1019D000106F704704B5002801D00020C04305F007
:1019E000E3FC002104BDC046F0B5146E556E576F80
:1019F000166FFFF7E5FF1466556657671667F0BD6B
:101A0000000000D094464A4A926F9208624601D282
:101A100028E0C046F0B5464E346E756E776F366F6F
:101A200000F020F89446424A1466556657671667D8
:101A30006246F0BD94463E4A926F9208624601D2D9
:101A400054E0C046F0B53A4E346E756E776F366F1F
:101A500000F04CF89446364A146655665767166788
:101A60006246F0BD002B24DB11D000293EDA00B520
:101A7000C943404200D1013100F038F8C943404227
:101A800000D10131DB43524200D1013300BD002AB5
:101A9000EBD1002801D1002905D00020C90FC907CA
:101AA00001D1C043410800B505F06EFC00220023BF
:101AB00000BD00B500290ADBDB43524200D10133EF
:101AC00000F014F8C943404200D1013100BDC943C0
:101AD000404200D10131DB43524200D1013300F0DA
:101AE00005F8DB43524200D1013300BD002923D168
:101AF000002B18D1002A0CD0BC460D4F38667A66F0
:101B000000210023FFE7FFE7FFE77A6F386F6746A2
:101B10007047002801D00748010000B505F034FCEB
:101B20000022002300BD02000B00002000217047AE
:101B3000000000D0FFFFFFFF002B00D0BFE0130C20
:101B400028D1002AE7D080B4114F39667A66FFE7C2
:101B5000FFE730B4040C7B6F396F1B0423433B66F3
:101B60007A66FFE7FFE7FFE7C04684B27B6F3D6F11
:101B70001B0423433B667A66FFE7FFE7C04600236A
:101B80002C042D0C7A6F386F00196941B0BC704776
:101B9000000000D0F0B594460025140E01D11202C9
:101BA0000835140F01D112010435940F01D19200B0
:101BB0000235D40F01D152000135D40B0134254F29
:101BC0007C66254C3C660E0C93B2FFE7FFE7FFE70F
:101BD0003C6F6643360C7703BE467343DF0B5B04F2
:101BE000C01AB941130C7343DB18C91ACE086643F7
:101BF000360CB64493B273431F0F1B01C01AB94190
:101C0000130C73431F0B1B05C01AB941860D8F02BD
:101C10003E436643360C092D24DB520A7243801A78
:101C20007703460A6643360C16235B1BDE40DF4013
:101C3000BF1964466643821B7046043506330100B3
:101C4000D940A840C01900D30131A24206D20023D6
:101C5000F0BD0000000000D0FFFFFFFF121B0130AD
:101C6000F3D3F1E709277F1BFE406446A2B272431B
:101C7000801A00D20139220C7243130C1204821A0A
:101C800099410B007046043513370100F940A84014
:101C9000801900D30131002B02D1A2420AD2F0BD3B
:101CA000013000D30131121BFAD2013BF8D1A2421C
:101CB00000D2F0BD013000D30131121BF7E7F0B5BF
:101CC0001C0C00D080E00CB400251C0A04D11B02BF
:101CD000160E3343120208351C0B04D11B01160FDC
:101CE0003343120104359C0B04D19B00960F334300
:101CF00092000235DC0B02D192185B4101351C00C9
:101D0000971864410134464F7C66464C3C660E0C85
:101D1000FFE7FFE7FFE7C0463C6F6643360C7703FB
:101D2000BE4697B27743C01B00D20139C01B00D218
:101D300001399FB27743C91BC91B170C77437E0437
:101D4000FF0B801BB941CE086643360C0C2D33DBEC
:101D5000B644120B1F053A431B0B97B27743C01BC7
:101D600000D201399FB27743C91B170C77433E0459
:101D70003F0C801BB941860D8F023E4366432927E5
:101D80007F1BFE400C3D7746AF40BF1930BCA2B26E
:101D9000ABB272437343801A9941220C7243130C05
:101DA0001204801A994102000B000137001BA9415F
:101DB000F9D2781E0021F0BD0C277F1BFE4077462C
:101DC0007F0BAF40FF19E0E700245D1C07D0144FE4
:101DD0007D663966FFE7FFE7FFE7FFE73C6F95B2F7
:101DE0009EB265436643401BB141150C1E0C654312
:101DF000664336042F0C3E432D04401BB1419942EB
:101E000004D202000B0020000021F0BD01D190425D
:101E1000F7D3801A994101349942F2D3F6E70000D2
:101E2000000000D0FFFFFFFF48404140484018B489
:101E30001B4B5B68FC46019308BD04DF8721001043
:101E400018B4174B1B68FC46019308BD00DF9121B5
:101E500000109446134A926F920809D2624618B451
:101E60000F4BDB68FC46019308BD0CDF49240010D2
:101E70000C4AF0B5146E556E576F166F6246FFF739
:101E8000EEFF084A1466556657671667F0BD18B42A
:101E9000034B9B68FC46019308BD08DFED22001050
:101EA00038120020000000D0FFB5504042405040A2
:101EB00059404B40594000E0FFB5154F4C00640DB0
:101EC00003D0BC4204D10C0314D80020090D09052D
:101ED0005C00640D03D0BC4204D11C030AD800226C
:101EE0001B0D1B0501264B4009D44B4003D58B42EB
:101EF00000D18242FFBD9942FCD19042FFBD0B430D
:101F0000DB1803431343F5D0C9434918FFBD000054
:101F1000FF07000000B5FFF7CFFF804100BDC046BE
:101F200000B5FFF7C9FF01D9002000BD012000BDA9
:101F300000B5FFF7B9FF01D9002000BD012000BDA9
:101F400000B5FFF7B1FF804100BD012040054A0008
:101F5000121804D85A00121801D800207047012026
:101F6000704700000021002805D17047C117484084
:101F7000401AFAD0C90713B5064B1B6898470CBC2A
:101F8000441CA2401005120B0349091B0905194303
:101F9000114310BD182100201F04000010B54C0093
:101FA000620D8023D218DB00D21A5B057E2A10DD79
:101FB0009E3A13DACC170903490819435242D1401B
:101FC000640001341532202A05DAD040084360430A
:101FD00010BD002010BD0846604310BDC80FC018DA
:101FE000013810BD18B4044B5B6AFC46019308BD70
:101FF00024DFF9250010000038120020132370B5EB
:102000001D78012D19D014DD1F48FFF77DFB060058
:102010001E48FFF779FB1E4C80223100200000F0A3
:10202000B9FB022D2DD01B48FFF766FB1A4B186039
:1020300070BD1A4B164CA364F5E7184B144C236083
:102040006360A360E36023616361A361E361236272
:102050006362A362E36223636363A363E363236452
:102060006364A364E36423656365A365E365236632
:102070006366A366E36623676367A367E367A36496
:10208000D1E7064BA364CEE753440000534600005B
:10209000381200204C330000182100205521001078
:1020A000F0B50B004900020085B0490D40D027482B
:1020B000091837D434261000761A1900002E2FDDA7
:1020C0003100203938D401200024002588400094B4
:1020D000019501900121B140009101204042C117BA
:1020E000009C019D001969410D0000210400D80FDA
:1020F000002746428F4102940395029C3440200001
:10210000039C3C40210012184B4100980199002784
:1021100046428F413400144020003C001C40210006
:1021200005B0F0BD00200021002BF9DA0849F7E7DF
:10213000DB0F0020D907F3E720210120891B0024B1
:102140000025C840009401950190C3E701FCFFFF02
:102150000000F0BF07B5604601880A0A0230DF2A96
:10216000FAD1C9B2820804D302884088000410431F
:1021700000E00068014A5050039007BD381200206B
:102180000FB403BC0CBCF0B50124E407634000E0CD
:10219000F0B50C0DCF0F661E3605891B640503D301
:1021A000C943404200D30131640D03D0661CF60AD6
:1021B00007D0E41B00207F00791C89078912803C2E
:1021C00024031D0DDF0F6E1E36059B1B6D0503D30B
:1021D000DB43524200D301336D0D03D06E1CF60A6F
:1021E00007D0ED1B00227F007B1C9B079B12803DCC
:1021F0002D032F1B661B58D4A446202E46DA203709
:102200001400BC401D00BD40F24033412A438018F9
:102210005941CB0F05D0C943C0430022644250410D
:10222000514162464D0D28D10D0D07D100281FD018
:10223000241940414941013A0D0DF9D0640006D3FB
:10224000013000D30131002C01D140084000013A97
:102250000BD4941CE40A04D112051144DB07194481
:10226000F0BDD907204B194300E0D9070020F0BD8D
:102270000029DDD1002CDBD1F0BD0132C6074008BA
:10228000CD0728434908002EE1D0D9E73C2E29DAB2
:10229000203E40371400BC4000D00124F2401443DB
:1022A0001A00BB401C43D317ACE7AC46202F08DA1A
:1022B00020360400B4400D00B540F84039412843B1
:1022C000A5E73C2F0CDA203F40360400B44000D094
:1022D0000124F84004430800B1400C43C117EAE769
:1022E00010001900002494E70000F07FF0B50C0DF9
:1022F000661E3605891BE60A6405640D02D0651C5E
:10230000ED0A04D0002001210905803C2403A446E5
:102310001C0D671E3F05DB1BE70A6405640D02D038
:10232000651CED0A04D0002201231B05803C240318
:102330007740644497B484B296B27443070C7E43EA
:10234000150C6F4380B26843361802D30120000495
:102350003F183004350C00197D41844688B29AB28A
:1023600050430C0C62431F0C7C438EB27E43921987
:1023700002D301263604A4191604170C3618674137
:1023800001BC81B29AB25143040C62431B0C5C4302
:1023900080B25843121802D30120000424181004FC
:1023A000130C401863412D185E410020474106BCC4
:1023B00088B293B258430C0C6343120C544389B255
:1023C00051435B1802D301210904641819041A0C43
:1023D000091862416D1856410020474118BCF902A6
:1023E000720D1143F0026A0D1043ED020A0D03D184
:1023F0006D1940414941013B124E9B1B7600B3428F
:102400000ED26D0007D30130002671416646354378
:1024100001D1400840001B05C918E4072144F0BD64
:102420000BDA013306D1013004D101314F0D01D057
:102430004908F2E7E1070020F0BD01363105002030
:10244000EBE70000FF030000F0B51C0D671E3F0521
:10245000DB1BE70A6405640D02D0661CF60A04D093
:10246000002201231B05803C2403D0252D060026D5
:10247000F6432E661E096E66CE0FF619B446490065
:102480004F0D02D07E1CF60A03D000200021403FF1
:102490003F033E1BB600B444013F7F05C91B4908FA
:1024A0002E6F013676089C02950D25437543ED137A
:1024B0007543AD1301356D10F603761B0CB4CC02D9
:1024C000450D2C43A2B2B3B25A43270C7B43350CC3
:1024D0006F43A4B26C431B1902D3012424043F1997
:1024E0001C041D0CA4187D4124196D41009A91B261
:1024F000ACB26143170C7C432B0C5F4392B25A433E
:10250000A41802D301221204BF182204230C52186B
:102510007B41019C6C431B19520ED9010A434401B3
:10252000A01A81B2B2B2514303145A43360C73431A
:1025300087B27743D617D21900277E4136049B19FC
:102540001704160C7F185E417316ED18F301002670
:1025500080337541A90F06D16400690AE8055B0A5A
:10256000184309D22FE00422944480337541A90A0C
:10257000A8059B0A184326D3404149412404009AE8
:10258000019B0D005543641B4343E41A95B286B288
:102590007543170C7E43030C5F4392B25A43B6183F
:1025A00002D301221204BF183204330C52197B41AA
:1025B00052429C41002C02D400220130514140087B
:1025C000CA071043490802B06246D7079210084B69
:1025D000D218084B9A4203D212058918C919F0BDC6
:1025E0000020002A01DC3900F0BD01331905F5E7B0
:1025F000FD030000FE070000002200B5203200F0BD
:1026000004F8080000BD000000220B150AD410B524
:10261000944600F031F81414013400DA0021CB178D
:10262000144C20470020002170476244343A0CD4F7
:102630000C2A07DA04009140904052422032D440E4
:10264000214310BDD843D94310BD203207D40C46D6
:102650009440524220321141D040204310BD080026
:10266000C917203203D452422032104110BD180045
:10267000190010BD2B2600100A0DCC0F531E1B0590
:10268000C91A520503D3C943404200D30131520D48
:1026900003D0531CDB0A07D0121B00206400611C0E
:1026A00089078912803A1203014BD21A7047000041
:1026B000FF03000051434343C9188C46110C83B2F9
:1026C0004B4310B4040C614392B280B25043624356
:1026D0001C041B0C001910BC59411304120CC01827
:1026E0005141614470470000132310B512481C7813
:1026F000FFF70AF80100012C0AD003DD80220F4801
:1027000000F048F80E48FEF7F7FF0E4B186010BDBA
:102710000A4C5422200000F03DF80B4B6365A36582
:10272000E36523666366A366E36623676367A3675F
:10273000E3672362E361E5E75346000038130020B6
:102740004C330000182100204D27001007B56046CB
:1027500001880A0A0230DF2AFAD1C9B2820804D3FA
:10276000028840880004104300E00068014A50508D
:10277000039007BD3813002001480421014B18477E
:102780001010002019170010014B1B68184700009B
:1027900010100020014B5B6818470000101000204B
:1027A0007047C046F8B55746DE464E464546E0B54A
:1027B00099460A9B07009A460D9B884693460B9CB8
:1027C0009B073BD10C9B9C423DD21E1B0B941500DA
:1027D0000C005E442A004B46013521002020B847FA
:1027E000B542F7D1A0460B9C002C20D045463619A7
:1027F0005346321B013C185D29004B46B847002C5C
:10280000F6D12B00350098460D9B9B070FD55B46F4
:10281000EC1A0C9BA3420AD9464698462A004B461E
:10282000310020200134B84701354445F6D3280053
:10283000F0BCBB46B246A946A046F8BD160015003E
:10284000002CD3D1E0E716001500002CCED1EEE726
:10285000F0B54546DE4657464E46E0B585B09C4647
:1028600010AB1B78149F934698460F9C129E139DA5
:10287000BB074CD4002D42D1B44248D201233B4087
:1028800099460E9B013B9A46302304E052460134A0
:102890001355A64201D9202CF8D14B46002B00D16C
:1028A00083E00E9B013B99463023A54205D82EE0DC
:1028B0004A4601341355AC4229D0202CF8D1FB06EE
:1028C0000CD57B0554D4A64263D0A54261D0119BA0
:1028D000102B50D0022B57D0202C32D12023019323
:1028E0000E9B5A460093039763460295FFF75AFFE3
:1028F00005B0F0BCBB46B246A946A046F0BD0123D8
:102900003B40994601233B422AD1B442B9D3FB064E
:102910001CD57B05DBD4002CD5D1119B102B5BD0B3
:10292000119B022B6BD0302301240E9A1370434667
:10293000002B10D17B073ED52B260E9A631C165513
:10294000CDE72300013430260E9AD654202CC5D072
:102950004346002BEED02D260E9A631C1655BEE77B
:102960004346002B2FD0013DB44200D289E798E7BF
:10297000119B102BB2D1BB0637D5202CAED05823DB
:102980000E9A13550134A7E7202CA7D02300013459
:1029900007E0631E012CC0D0119A102A31D0022A00
:1029A000D1D162260E9AD65496E7FB06CED57B058A
:1029B00000D488E78BE723003E0790D520260E9AA7
:1029C000013316558BE70C233B405A1E9341ED1AF9
:1029D000B44200D255E764E7BB060ED478230E9AC2
:1029E0000224137030235370A1E7202C00D175E727
:1029F00078230E9A135501346EE75823EFE76033BE
:102A0000EDE70E9AA61E91464E44BA0602D558220C
:102A1000327098E77822327095E7C04610B50028EA
:102A200000D110BD01F07EFCFBE7C0460B0010B5E5
:102A3000002802D049681B68984710BDF0B557467A
:102A4000DE464E464546E0B595B083460F009246B9
:102A500098461E9A1F9B10001900209EFFF775FADA
:102A6000002800D0EAE11E981F990122C54B52426E
:102A7000FFF750FA002800D014E11E981F99012298
:102A8000C14B5242FFF75CFA002800D0E9E01E98E3
:102A90001F990022BD4BFFF753FA002800D0C8E071
:102AA0001E981F990022BA4BFFF734FA002800D075
:102AB000BFE01E981F9900220023FFF72BFA002881
:102AC00000D0E4E000230B93229B5B0500D4062694
:102AD0000024302307E0172106AA013452181355A9
:102AE000013E202C01D0092EF5D81E981F99FFF722
:102AF00055FAA84BF2009B181A685B68050008920B
:102B00000993FFF733FA02000B001E981F99FFF795
:102B10008EF9089A099BFFF7BAF906900791FFF71B
:102B200061FA8146FFF71EFA02000B00069807992A
:102B3000FFF77DF90022984B06900791FFF700FA06
:102B4000002800D10DE101239C46E1444846FFF7EF
:102B500009FA02000B0008980999FFF7E1F900282B
:102B600002D0002399460135002E00D1D9E0069508
:102B70004D46B94614E006AA944617230A21634439
:102B8000280001341F19FEF717FF30313970280073
:102B90000A21013EFEF710FF092D00D817E10500BC
:102BA000202CE8D14F46069D20240CAE06AA172300
:102BB0009446634499465B46B34606930FE04B4602
:102BC00028000A210134E618FEF7CEFE3031280035
:102BD00031700A21FEF7C8FE051E00D1E4E0202C6A
:102BE000EDD1069B5E469B460323229A1340012BA0
:102BF00018D1219B002B15D00B9B002B00D1FDE0A1
:102C0000219B013B2193202B0CD93023219A07E0F3
:102C1000172006A9013409180B55944200D3CCE0C3
:102C2000202CF5D1229B01940393219B00960293C3
:102C300022E0229B52460493219B3900039358467D
:102C40001E9B1F9C029600930194434600F04AF994
:102C50000400200015B0F0BCBB46B246A946A04611
:102C6000F0BD229B5B070FD403224C4B22990192AB
:102C700003912199009302914346524639005846E8
:102C8000FFF790FD0400E4E70422454BEEE71E9AAF
:102C90001F9B00200021FFF7CAF801231E901F91FF
:102CA0000B9311E7229B54469B0711D1219B042BC8
:102CB0000ED9219B55469C465E46043C64442A003E
:102CC0004346013539002020B047A542F7D1B3462D
:102CD000344D26002B1F99465B46A3461C0032004C
:102CE000E87843463900013DA04701364D45F6D10D
:102CF00023005C469B46229B04349B07A9D5534680
:102D0000219AE31A9A42A4D95E461500220043464E
:102D100039002020B04753460134E31A9D42F5D8CC
:102D200097E72800FFF722F902000B001E981F9971
:102D3000FFF77DF80022184B06900791FFF7EAF89D
:102D40000CAE002800D031E7069807990022124BFC
:102D5000FFF7F6F8002800D028E7012301359D434E
:102D600024E70022069807990B4BFFF7D3F80028B9
:102D700000D0F9E64B46002B5CD101239C46E14490
:102D8000F2E6C046FFFFEFFFFFFFEF7F65CDCD41CD
:102D900065CDCDC1407800100000E03F7C7500108B
:102DA0007475001084750010069B5E469B460323D5
:102DB000229A1340012B00D181E0202C00D131E771
:102DC0000B9B002B27D02D23335501342AE74F4688
:102DD000069D202C00D1E7E63022331907E01720AA
:102DE00006A9013409180A55202C00D1DCE6A342BB
:102DF000F5D12E220CAE0134F254D7E60C23229AE0
:102E0000134257D0219B013B2193A34200D9FCE6FA
:102E1000202C00D106E7229B5B0703D52B233355DB
:102E20000134FFE6229B1B0700D4FBE62023335529
:102E30000134F7E6DB0700D496E69EE7229B554671
:102E40009B0711D1219B032B0ED9219B54469C46F5
:102E50005E46033D6544220043460134390020208C
:102E6000B047AC42F7D1B346B9465F461C4EEC1CA6
:102E70002A00B078434649460135B847013EAC4286
:102E8000F6D1229BBB464F469B0700D4E1E6534652
:102E9000219AE31A9A4200D8DBE65E46150022002A
:102EA000434639002020B04753460134E31AAB4271
:102EB000F5D3CEE6219BA34200D9A6E6B2E6219B3C
:102EC000002B00D179E70B9B002B97D0219B013B76
:102ED00021939C4200D298E6202C00D073E7A1E613
:102EE00080750010F0B5DE4657464E464546E0B5C3
:102EF00099B081468B4692469846229A239B1000B1
:102F00001900FFF722F8002800D0CAE02298239980
:102F10000122824B5242FFF713F8002800D0C0E094
:102F20002298239901227E4B5242FEF7F3FF00289C
:102F300000D0B6E02298239900220023FEF7EAFF92
:102F4000002800D0C9E1229B239C0893099408988B
:102F500009998023269ADB001A400D928022269C34
:102F60001201144022000B94269C07000E001C4204
:102F700000D0ADE00B00034300D0D5E0002A00D024
:102F80000AE2220006332493022313400C93022307
:102F9000134200D002E2259B042B00D20FE2043B37
:102FA0000B93002304250A930022229823990023DF
:102FB000FEF7B0FF002800D003E25A4B269A1340D8
:102FC00004930B9B0393249B0293089B099C0093FF
:102FD00001945946434652464846FFF72FFD0200EA
:102FE0002020269B1F27034059424B415B4218403B
:102FF000531C0893594643464530C8470A9AD3178D
:10300000D4185C40D30F0A936B1E0B9308AB9C46FD
:103010000025674401E0202D0FD020000A21FEF793
:10302000CBFC01357E193031317020000A21FEF7CA
:10303000C3FC26000400092EEDD8052306930B9B44
:1030400059460593002304930A3303930A9B484689
:10305000029310AB0093089A43460195FFF7F8FBE3
:103060000C9B002B2DD05346C41A259BA34228D974
:103070004D465F4681461E00534639001A192020EE
:1030800043460134A847A642F6D8534648462599F8
:10309000C21A01320023914200D386E10130181890
:1030A0000FE0269B0493259B0393249B0293229B72
:1030B000239C009301944346524659464846FFF7E5
:1030C000BDFC19B0F0BCBB46B246A946A046F0BD57
:1030D00001432BD10B9B2200002B00D154E700238E
:1030E0000A93249B0A9A0024934200DD85E12298EA
:1030F000239900220023FEF70DFF002800D035E1C0
:10310000269B084A02941A408023DB001343049351
:10311000259B0393089B099CCBE7C046FFFFEF7FED
:10312000FFFFEFFFFFF7FFFF06232493B44B700070
:103130009C46400D6044FEF719FFB24AB24BFEF7C1
:10314000A6FEB24AB24BFEF77BFE3603B14B360BFE
:10315000334304000D00380019000022AE4BFEF787
:1031600066FEAE4AAE4BFEF792FE02000B00200058
:103170002900FEF765FEFEF711FF0A90FEF7F6FE46
:10318000A84AA94B04000D00FEF781FE0022A74BC0
:10319000FEF756FEFEF702FFA54A0600A54B2000EB
:1031A0002900FEF774FE040030000D000C96FEF7B7
:1031B000DDFEA14AA14BFEF76AFE02000B002000D3
:1031C0002900FEF734FE02000B0006000F00FEF798
:1031D0005EFE320004000D003B0030003900FEF7B7
:1031E0002FFE00220E900F91954B20002900FEF734
:1031F00030FE0022934BFEF723FE02000B0020005E
:103200002900FEF726FE00228F4BFEF719FE020072
:103210000B0020002900FEF71CFE0D008021040099
:1032200032003B000020C905FEF701FE02000B0042
:1032300020002900FEF704FE02000B000E980F99F3
:10324000FEF707FE0022734BFEF7FAFD7F4B0C9C46
:103250009C46644400222305FEF719FE06000F0079
:1032600002000B0008980999FEF754FE00280AD0C6
:103270000A9B3000013B39000A930022714BFEF794
:10328000E8FD06000F000A9A330063323900C62AAF
:1032900012D802222698042510400B9A0C90002A7E
:1032A00025D1259B042B05D9002800D0A1E0259B22
:1032B000043B0B93042541E00222269810400B9A10
:1032C0000C90002A12D1259B052B76D9002872D1AB
:1032D000259B0525053B0B9334E08022120694467E
:1032E000229B0893239B6344099330E605250B43F7
:1032F00000D1F6E608980999554A564BFEF718FE94
:10330000002808D0089809990022534BFEF702FEC6
:10331000002800D0E5E6249B002B1CD00D9B002B41
:1033200019D0249B013B2493259BAB4204D90C9BD1
:10333000002B5AD002230C9300230B930A9B002BE3
:1033400000D131E60898099932003B00FEF781FD73
:103350000890099128E6259BAB42EDD90C9B002BE8
:1033600043D000230B9302330C93E7E78020269B86
:103370003A4A00061A40802384460294089C099D1C
:103380002900DB0013430493259B6144220003932F
:103390000B00009201938EE60524A8E600230B9310
:1033A0000A93023304250C93FEE553468C46013BF9
:1033B00063441B1A72E602230C930525C2E704231B
:1033C000EDE58020089E099F000639008446269A74
:1033D000224B6144134004930B9B32000393249BC4
:1033E00002930B0000920193F3E5259B5B1B0B936B
:1033F000A4E7022304250C93A0E79C1A013C76E67F
:1034000001FCFFFFFB799F501344D33FB3C8608B8F
:10341000288AC63F0000F03F0000F83F61436F6319
:10342000A787D23F71A379094F930A400000E03F7C
:103430001655B5BBB16B0240EF39FAFE422EE63F9E
:1034400000002C400000244000001840FF03000052
:103450002D431CEBE2361A3F80842E41FFF7FFFF1D
:10346000F0B5DE4657464E464546E0B5A5B01E00CF
:103470002E9B92460C93CD4ACD4B80468B461A60CC
:10348000002900D1EAE1002330789946002800D1D4
:10349000ECE1C84B4C460B93C74B454657460E9341
:1034A0000AE0631C984622003B005946A847444660
:1034B0003078002800D187E001362528F1D1082393
:1034C0009A46043B9946023B9846013B00229C46A3
:1034D0000D943078711C0300203BDBB2102B03D815
:1034E0000B9C9B00E3589F460300303B89460D9C94
:1034F000092B3AD9002398462A2800D1C1E000239D
:103500009A462E284BD00300683BDBB2122B1ED804
:103510000E999B00CB589F4663460E001A43D8E78E
:1035200043460E001A43D4E74B460E001A43D0E739
:1035300010230E001A43CCE753460E001A43C8E787
:1035400080235B001A43FF3B9C467078E1444E4663
:1035500067284FD82428A4D90300253BDBB2422B8F
:103560009FD896499B00CB589F46002394461E0047
:1035700000E00131B3009B195B001E180878303E53
:103580000300303B092BF4D90123624689469C464F
:103590000023B0469A460E00E1442E28B3D13021D4
:1035A000802049428C46C000024370784B468444D8
:1035B0006146092900D86CE12A2800D17AE101236B
:1035C0009C464E46E1449EE7A146A846BA46CA45F7
:1035D00003D801235B425344994653464A46594611
:1035E0000020C047200025B0F0BCBB46B246A9462B
:1035F000A046F0BD0300693BDBB20D930F2B00D951
:103600004FE7012199408C466D49894661464B46FA
:1036100019400F91634649460B4200D028E10D9BAB
:103620000A2B3AD0072B00D03BE70C9B190008C9A6
:103630008846002B00D14BE121200243914614A97A
:103640008C461F220F2162448C4651460D950C91E9
:10365000A24615000F9902E020290CD01300644601
:103660001C4020003730092C00D80738013168543D
:103670001A090F2BF0D80C9B54460D9D9A460F91BA
:1036800033E10C9B02CB8846002947DB0C930123D6
:103690009C4670784E46E14431E70C9B02CB149374
:1036A0005346002B00D138E19C4608780B000C9063
:1036B0008C44002801D100F098FC8946614694466C
:1036C00003E05A780133002A01D08B42F9D14946F0
:1036D00062465B1A0C900F93530500D520E102233C
:1036E000180010400D90134200D1CBE30D930B1B3B
:1036F000B1469A465E460C9822003B003100A8472E
:1037000053460134185D0028F6D1B3464E460D9B52
:10371000002B00D0C7E1149B0C93C9E60C93012346
:103720009C46283849420243884670784E46E14418
:10373000E5E670786C2800D17FE180235B001A43B6
:10374000FF3B9C46E14402E780239B001A43012390
:103750009C467078E144FAE67078682800D173E1FD
:1037600080231A437F3B9C46E144F0E6672800D162
:1037700003E1472800D15AE1452800D15AE10492DB
:10378000072142460C9B0392073352468B43190094
:1037900002920CC92800009201930C9122003B0078
:1037A0005946FFF79FFB040082E6C04661340010D3
:1037B000D4200020A4760010E876001034770010A2
:1037C00041900000462800D1DBE0049207214246E8
:1037D0000C9B0392073352468B43190002920CC98B
:1037E0002800009201930C9122003B005946FFF7FC
:1037F00025F904005CE6631C984622003B0059460C
:103800002520A847444653E60C9B04330D93631CC4
:103810009946920700D422E10C9B22001878594661
:103820003B00A84743464444012B00D885E23300BF
:10383000B8462E005F4625004C4699462200434676
:10384000013439002020B047AC42F7D12C00BB46F0
:10385000350047464E460D9B0C9329E6DB4B3078EE
:10386000984600239946002800D012E60024AEE6D0
:103870006F2800D188E000D80BE31023782800D10E
:10388000CFE09A430A239C4600230F930A330D93FB
:1038900080E05646B1008919490001330E181878A6
:1038A000303E010030390929F4D9B2461E000133F7
:1038B000994628E60C9B023602CB8A46C9435046FD
:1038C000C917084082460C933078731C99461AE653
:1038D00010231000984311331843814680201300B1
:1038E000C0000340024200D1A9E64B4606930823DC
:1038F00005935346049310230393002302930F9BD5
:10390000220001931CAB009359463B002800FEF7B0
:103910009FFF434604000C93CAE501235B42C3E6C4
:103920000F9B534501D953460F93022318001040B3
:103930000D90134200D1B7E10D93D1460B1B9A466F
:103940003300A1442E0022004D460C98B9465F4634
:103950009B4608E04B463900541CB0475346185D5F
:10396000002877D022009542F4D15B46BB464F46F3
:10397000A94635004C461E00C9E680231B011A43A8
:10398000FDE620231A4320E708239C4600230F93DB
:1039900008330D9380231100DB0019401A4200D137
:1039A00016E10D239A431000802302009B001A4069
:1039B0001492184200D0C2E1802302005B001A403A
:1039C00091460C9A04320F92184200D0B7E2430697
:1039D00000D59FE1030600D419E30C9B1B880993D3
:1039E000002B00D0FCE110339843002900D1F7E10F
:1039F0000023994643460593534604930D9B069036
:103A000003930023D2E0582808D0622867D102230C
:103A10009C4600230F9302330D93BBE720231A43E8
:103A2000103B9C4600230F9310330D93B2E7802385
:103A30001B011A4320231A43A1E6C0239B001A430B
:103A4000F31C9946B07882E5C0231A43F31C9946CB
:103A5000B0787CE535005E46BB464F4657E64346A8
:103A6000012B00D863E1631E43449A463300B946F4
:103A70002E005F4655469B46A24622004B46013427
:103A800039002020B047AC42F7D135005E46BB4636
:103A90004F46A14654460C9B4A46187859463B006F
:103AA0004444A847D7E6A1460F9B984500D832E684
:103AB0004444E41A3300B8462E005F4625004C46C5
:103AC000994622004346013439002020B047AC42D9
:103AD000F7D12C00BB46350047464E461BE68023F7
:103AE0001000DB0018401A4200D10FE1112118002C
:103AF0008A430D920D9A802311009B0019408C4639
:103B00001A4269D1802311005B00194089460C9943
:103B100004310F911A4200D0CAE113005B0600D5B0
:103B2000F0E013001B0600D459E20C9B00229B5EC0
:103B3000D9175A184A4092B2D90F0C91002B00D1D4
:103B4000F9E1100014AA944642461F2314925246EB
:103B50006344A84616944D460400B946B2461F0079
:103B6000159201E0202D0FD020000A21FDF724FF3F
:103B700001357E193031317020000A21FDF71CFF1C
:103B800026000400092EEDD8149B4F46A946454651
:103B90009846159B56469A46169C0D9B069343469F
:103BA0000593534604930A2303930C9B02934B46BD
:103BB00001931CAB2200009359463B002800FEF7FE
:103BC00047FE0F9B04000C9372E4C046A12700102F
:103BD0000C239A431000E7E607220C9B073393431C
:103BE000013294469C4462460C920CCBD90F0F9143
:103BF0001100194300D191E0D9171391129151404E
:103C0000109113995940119110981199129A139B80
:103C1000801A99411090119114AA002394464246AB
:103C20009946149252461F336344A846B2461694EE
:103C30004E46109C119DB94615921F0001E0202EA2
:103C400010D0200029000A220023FDF7F3FE0136E0
:103C500030322B00BA550D0022000400002BEED1AB
:103C6000092AECD8149B1094119545469846159B4B
:103C70004F46B14656469A46169C0D9B06934346C0
:103C80000593534604930A2303930F9B02934B46D9
:103C900001931CAB2200009359463B002800FEF71D
:103CA000D7FD0400FFF704FC0F9B984500D8C1E145
:103CB0008023DB000D9343460F9A1B199B1A9946EC
:103CC00033002E004D46B9465F469B460C912200BC
:103CD0004B46013439002020B047AC42F7D143466F
:103CE0000C9901330F930B7835000C935E46BB465D
:103CF0004F46002B00D10EE50D9B002B00D1F6E4C2
:103D0000002319E60C9B1B781A0015E710239A4331
:103D10000D92EFE60C9B1B78099361E60023994610
:103D20000028AAD1002200231092119374E70C9B63
:103D30002200187859463B00A8474C468BE50C9A60
:103D4000FA3BFF3B07329A430133994691444B4675
:103D50000C931368526815921A4306D1103290439F
:103D600000220992002900D081E06122810600D55D
:103D70004122D2B20A9214AA91460A9A00210A3A22
:103D8000149242461792524618925A460991B346E7
:103D90001F311E000F9B4944BA4619941A950024FE
:103DA000674698468946159D16901B920AE0303268
:103DB000D2B24B4601341A55A8454AD0202C4AD0DD
:103DC00006000D003A00002330002900FDF732FE06
:103DD000D2B2092AEBD9149B9C466244D2B2E8E7DE
:103DE0006123820600D54123DBB20A3B0C93434694
:103DF00014A91F228C46159353466244A046B2462E
:103E00004C461797A9461700099D0D9E14901693CE
:103E100008E03033DBB201343B55B5420ED3202CE1
:103E20000CD0050031002800FDF7C6FDCBB20929F2
:103E3000EFD90C9A94466344DBB2ECE7159B4D46F0
:103E4000A14644469846169B564614989A46179F94
:103E5000D0E5B742B2D9179B57469846189B5E46A5
:103E60009A461B9B09949B461698199C1A9D43469B
:103E70000593534604930D9B0690039300230293EE
:103E8000099B05E70F9B984500D914E701330F9371
:103E90002DE41023110099430D91692800D0BAE058
:103EA00080231000DB0018401A4200D122E61DE6F4
:103EB0000C9B1B68DA0F1100002B00D18CE0DA1785
:103EC0009818504014AA914642461F231492524615
:103ED0004B44A046A946169704006546B2461F000B
:103EE0000C91159201E0202D0FD020000A21FDF742
:103EF00063FD01357E193031317020000A21FDF754
:103F00005BFD26000400092EEDD8149B444698461C
:103F10000C9BAC461900159B56464D469A46169F7B
:103F20000D9B0291069343460593534604930A233F
:103F3000039363463CE6002800D02EE602E60C9B85
:103F40001B689946002B03D110339843002938D1C0
:103F50006123820600D54123DBB20A3B0C93434622
:103F60001693534614A91F228C4617932B006244C4
:103F7000A0464D46B246189799461700149C0D9ED0
:103F8000159008E03033DBB201343B55B5420ED317
:103F9000202C0CD0050031002800FDF70DFDCBB220
:103FA0000929EFD90C9A94466344DBB2ECE7169BDF
:103FB000149444469846179B56464D469A46159883
:103FC000189F43460593534604930D9B0690039315
:103FD00000230293149BEBE50028A1D172E70C9B10
:103FE0001B68D9175A184A40A6E580231000DB0049
:103FF00018409C460F901A420FD002200300134035
:104000000F93104219D00023A1460F934CE50C9B4F
:104010001B680993E4E40A0034E40223180010400A
:104020000D90134200D03EE54346002B00D042E6FF
:10403000FFF771FB01330F937FE463460D93F3E7C2
:1040400010B50C0084B00394012402A902900093DF
:10405000034813006242FFF703FA04B010BDC046E4
:104060002D2A001010B5094A0300146884B0002CF2
:1040700008D0012200910648524203A9A04701201E
:1040800004B010BD00F098F90020F9E7D42000201A
:104090001D2A001000BEFDE710B5FFF7FBFFC0466C
:1040A00070B5FDF789FB074D074EB54209D20024D4
:1040B000013E761BB60808CD984723000134B34271
:1040C000F9D170BD5474001060740010030010B575
:1040D000080011001B68984710BDC046F0B5C646E1
:1040E00000B5437D07000C001600002B46D0002AC7
:1040F00017DD0B780A2B24D000239846012E13D00D
:1041000001252900635C01350A2B26D0B542F8D180
:10411000464509DCA419013C23780D3B5A42534122
:104120003B7580BCB846F0BD4346E018A419F11AAF
:10413000013C3B68984723780D3B5A4253413B75FD
:10414000EFE7037D002BD7D102210F483B6898474A
:10415000012EDFD001239846D2E7631E5B5C0D2B56
:10416000D4D0884504DA4346C91AE0183B6898471A
:10417000022105483B68A8469847C7E70368110035
:1041800020009847CDE7C04690780010F0B5C646AD
:104190000B6806000C0000B5802B06D05A1C22606C
:1041A000E418267180BCB846F0BD0F4B1D68002D89
:1041B00016D00B1D98460D4F02E02D69002D0FD033
:1041C0002B68002BF9D03B68002B01D0AB42F4D117
:1041D000280041462268FFF781FF2D69002DEFD1AD
:1041E00001220023DBE7C046C81C0020D01C0020B1
:1041F000F0B54546DE464E465746E0B583B091469B
:104200001C0080460D00FDF7C1F80023304A12184B
:104210004B41002B02DA01222E4B52422E4908005C
:104220008A4603F0E1F807006B1C03D1404603F017
:1042300001F80500002C27D0284E294B1C68002CC3
:1042400018D04B46002B21D1264B994602E0246919
:10425000002C0FD02368002BF9D04B461B68002B95
:1042600001D09C42F3D120002A004146B047246986
:10427000002CEFD1002F26D1280003B0F0BCBB46A4
:10428000B246A946A046F0BD174ED6E7154B994653
:104290000A239B4602E02469002CEBD02368002B04
:1042A000F9D04B461B68002B01D0A342F3D12A0062
:1042B00041462000B0476B465A462000DA71D91DAE
:1042C0000122B047E7E7504603F056F8D4E7C0466E
:1042D00040420F00FFFFFF7FA4100020DD400010D0
:1042E000C81C0020D01C0020CD4000100A4A1368D2
:1042F000002B05D10CE01A001B691032002B07D0EF
:104300008342F8D1002902D1186910601961704701
:104310000029FCD01060FAE7C81C002010B500F09E
:10432000F1FA10BDF0B5CE46474680B583B06B4676
:104330000600DD1D2870FDF729F80023194A121820
:104340004B41002B02DA0122174B52421749080059
:10435000884603F049F8164B81461C68002C14D09F
:10436000144F02E02469002C0FD02368002BF9D0F1
:104370003B68002B01D09C42F4D12000012229008F
:10438000FFF7ACFE2469002CEFD14B46002B05D182
:10439000300003B0C0BCB946B046F0BD404602F0A4
:1043A000EBFFF5E740420F00FFFFFF7FA410002066
:1043B000C81C0020D01C002070B5040002F03AFF99
:1043C00001230100050001222000FFF711FF084B27
:1043D0001C68002C06D06368002B05D09847246920
:1043E000002CF8D1280070BD2469002CF3D1F9E726
:1043F000C81C0020F0B5CE46474680B5A3B00400E7
:104400000D00FCF7C3FF0023274A12184B41002B75
:1044100002DA0122254B5242254E300002F0E4FF21
:1044200000232200019307002B00224801A9FFF777
:1044300007FE214B804699461C68019B002B1AD031
:10444000002C2FD01D4D02E02469002C0FD02368D2
:10445000002BF9D02B68002B01D0A342F4D120000F
:10446000019A02A9FFF73AFE2469002CEFD14B46CE
:104470001C6800230193002C06D06368002B0BD02E
:1044800098472469002CF8D1002F07D1404623B06B
:10449000C0BCB946B046F0BD2469ECE7300002F07C
:1044A0006BFFF3E70194EFE740420F00FFFFFF7F50
:1044B000A41000208D410010C81C0020D01C00203A
:1044C0000FB400B583B004A901C90191FFF792FFB1
:1044D00003B008BC04B018477047C0460022014B27
:1044E0001A7070473F2100204B790020FF2B0BD121
:1044F0008B79002B08D1CB79012B05D1082A03D960
:10450000024B8A7809301A707047C0463F2100205C
:104510000120704710B5012913D112495379107940
:1045200009781B0203430020994200D010BD537844
:10453000012B08D0022BF9D1642200210020FDF7C5
:1045400085F80120F2E7D37891781B021943480AD5
:10455000DB0501D4012040427F238A05D20F194098
:10456000FDF7FCF83F210020004870475C790010FF
:1045700070B5050014000120012909D153780020ED
:10458000012B05D1637912791B021343072B00D04D
:1045900070BD21002800024A9F3301F055FAF7E769
:1045A000B47800100123037000487047947800101D
:1045B0004B780A781B0213438A7810B512041A4309
:1045C000CB781B0613439622D200934200D010BD35
:1045D0000022012011004042FDF7C0F8024B186094
:1045E000024B19607047C046681C00206C1C0020FC
:1045F00010B5024B1878FCF7A9F810BD4021002037
:10460000154B70B51A68002A22D0EFF3108172B6EC
:1046100010680028FCD0BFF35F8F00200F4A59605C
:1046200010701B68BFF35F8F186081F3108800243F
:1046300000250B4E3078FCF77DF8002804D10024CB
:1046400000252900200070BD3078FCF77FF8F8E7DE
:10465000FA240025A400ECE7F820002041210020E6
:104660004021002070B5040000200E0001F00AFB7C
:10467000002834D0002001F01BFB00282FD0FCF7CD
:1046800085FE0023174A12184B41002B16DB164DEE
:10469000280002F0A9FE002821D0002001F0F2FA43
:1046A00000280FD101200021404200F001FD032429
:1046B0006442280002F060FE200070BD01220B4B16
:1046C0005242E4E7002001F0F3FA0028EAD021008A
:1046D0003200002001F0F6FA041EEAD1E7E70324D5
:1046E0006442E9E740420F0020210020FFFFFF7FE6
:1046F00010B5FCF74BFE00230D4A12184B41002B5E
:1047000002DA01220B4B52420B4C200002F06CFEED
:1047100000280CD001200021404200F0C9FC0020FC
:1047200001F014FB0028F5D1200002F025FE10BD99
:1047300040420F00FFFFFF7F20210020F8B5DE463A
:10474000574680B505000C00FCF720FE0023364AD2
:1047500012184B41002B02DA0122344B52423449E9
:1047600008008A4602F040FE002803D1C0BCBB46C8
:10477000B246F8BD002001F085FA00284AD0002694
:10478000002C43DD2B4B9B4614E0A919002001F0BF
:1047900017FB070001200021404200F089FC0020A7
:1047A00001F0D4FAFCF7F2FD224BF61918605960BB
:1047B000B4422BDD002001F023FBA71B0200B8420E
:1047C00000DD3A00002AE0D101200021404200F043
:1047D0006FFC002001F0BAFA002001F053FA002823
:1047E00014D0002001F00CFB0028E1D1FCF7CEFD35
:1047F0005B460F001A685B68002184460E48121859
:104800004B419F4202D8D3D19445D1D9504602F0B2
:10481000B3FDABE700200021064B186059605046FD
:1048200002F0AAFDA2E7C04640420F00FFFFFF7F53
:10483000202100203012002020A1070030B52A4C92
:1048400085B00021200002F0BFFD00281CD1274BBD
:104850001A68002A16D0EFF3108172B6106800288B
:10486000FCD0BFF35F8F01242148596002781B6898
:10487000D2B20470BFF35F8F0020186081F31088FC
:10488000002A17D005B030BD01200021404200F0C1
:104890000FFC002001F00CFA0500200002F06CFD76
:1048A000002DEFD0134B1B68002BEBD0124A106881
:1048B0009847E7E7FCF754FB0400FCF767FDFA2292
:1048C0000023920012184B41002B02DA01220B4BFD
:1048D00052420121029100210191094920000091D9
:1048E000FCF742FBCEE7C04620210020F820002044
:1048F00041210020681C00206C1C0020FFFFFF7F6E
:1049000001460010D02310B51B0684B01C68FCF7CC
:1049100027FBFCF723FCA04202D0002004B010BD0E
:10492000294B002100201B7801F05EFD2748036819
:10493000002B45D00120FCF7A1F8FF23244C25498A
:1049400020701840FBF71CFF20780121FBF7E0FEE8
:104950000520FBF703FF002824D1082200211E4870
:10496000FDF712FFFCF7FCFA0400FCF70FFDFA223A
:104970000023920012184B41002B02DA0122174B40
:10498000524201210291002101911549200000911C
:10499000FCF7EAFA0028C0DB12480121FFF7A6FC69
:1049A0000120BBE70120FBF781FE0B4B0100180043
:1049B000FCF7C6F8002205200B49FBF70BFFEBE7DD
:1049C000FCF7A2F8B6E7C046107B001020210020BB
:1049D000402100203D480010F8200020FFFFFF7F0D
:1049E0000146001020100020F145001000487047DB
:1049F000F879001000487047A479001010B5040041
:104A000017480378002B20D0002C06D1154B1648F0
:104A10004380063BFF3B038010BD052C1DD8134B84
:104A2000A400E05812490123013804E001330A8050
:104A30000231142B0DD0C25C002AF7D1C022DBB2A8
:104A40005B00920008481343E5E7112100F01AF8D3
:104A5000DAE7CA2304489B00DDE70020DCE7C04614
:104A60002821002009040000A01C00208C790010DF
:104A7000A21C002010B5024800F0D8F810BDC046B6
:104A80001021002030B54B1E012900D1A7E0664A55
:104A900011780D092C0030349F2900D9A2E0047050
:104AA000012B00D1BEE00F21147821400C003034DE
:104AB000092900D998E04470022B00D1B2E0547863
:104AC0002509290030319F2C00D990E08170032BFB
:104AD00000D1A7E00F2121400C003034092900D972
:104AE00087E0C470042B00D19CE09478250929004C
:104AF00030319F2C00D97FE00171052B00D191E06E
:104B00000F2121400C003034092900D976E044718E
:104B1000062B00D186E0D4782509290030319F2C5E
:104B200000D96EE08171072B00D17BE00F2121407D
:104B30000C003034092966D8C471082B00D171E00B
:104B400014792509290030319F2C5FD80172092B77
:104B500068D00F2121400C003034092958D8447204
:104B60000A2B5FD054792509290030319F2C52D867
:104B700081720B2B56D00F2121400C0030340929B3
:104B80004BD8C4720C2B4DD09479250929003031B3
:104B90009F2C00D9073101730D2B43D00F212140E9
:104BA0000C003034092901D937310C0044730E2B25
:104BB00038D0D1790C09220030329F2900D9073230
:104BC00082730F2B2ED00F220A4011003731092A91
:104BD00001D830321100C173102B23D010300023C4
:104BE000037030BD07345AE737310C0063E70731F3
:104BF0006CE737310C0074E707317DE737310C0083
:104C000085E707318EE737310C0095E707319DE7DF
:104C100037310C00A3E70731AAE737310C00C47223
:104C20000C2BB1D1C018DAE71021002010B588B0E4
:104C300004000D2200216846FDF7A6FD0D2200218B
:104C400004A8FDF7A1FD4B236A466846137004A92A
:104C50000D2202F089FB1521082220006944FDF78E
:104C600099FD08B010BDC046F8B500F047F90C2317
:104C7000194DFF22AB6705201849FBF7ABFD184C17
:104C8000402200212000FDF77FFD40270023012660
:104C90002121144A66702783A260136063545F3138
:104CA000618445396354104A10496360E260278784
:104CB000A1620B606362E26202F06EFB80239B05DF
:104CC0002E64EB6490230A4A0120EA508022094BAB
:104CD0005202DA64F8BDC04600001150F904002009
:104CE000D41C00208400105000011050800010508F
:104CF00010D001000020115010B501210520FBF754
:104D000007FD10BD10B500220021024800F016F981
:104D100010BDC046F41C0020044B1970002904D0BB
:104D200080219023024A8902D15070473B21002004
:104D3000002011500B785B0602D14B78052B00D078
:104D400070478A78014B1A60FAE7C046000011509C
:104D5000F0B5C646C87800B58007830F1800012B50
:104D600060D08F780A794B797F213940FC091B028A
:104D70004E001343334D32195201AA189770012780
:104D80006740577000275B055B0DD7701383D076A3
:104D9000B846CA00012C32D02B4FBC468F0162446A
:104DA000BC46AC446746BA6047461760002932D01B
:104DB000264AC90090466246414451603F223F3333
:104DC0009343022837D0224937190A687F01D31844
:104DD0000B602049EF19FA608B422ED83619760104
:104DE000AD19EB7E1C499B064A40134380221206F4
:104DF00013436A681360012080BCB846F0BD174FAA
:104E0000BC468F016244BC46AC446746BA62474622
:104E10001760002908D1002364012C196360104B2E
:104E2000E360E8E70020E7E70B4AC90090466246E6
:104E300041445162C2E75B00C5E7FCF7B7FCFA6882
:104E4000CCE7C046D41C0020840010500400105051
:104E5000DC200020FF0F1050000010508000105088
:104E60000001105010B502F097FA10BD10B57F2068
:104E70000C0020404000E409110000191A00034B07
:104E80004001C01800F05AF8012010BDD41C0020C9
:104E90007F23180000B5084083B00B4204D14B4279
:104EA0004B41084A013393668022C9094000064BF2
:104EB000401840010021C018120102F0A5FA03B009
:104EC00000BDC04600201150D41C00207F221300DA
:104ED00010B50B400A4200D110BDC9095B005B1838
:104EE00004485B01C018002300220349C37002F08C
:104EF0008BFAF1E7D41C0020FFF7FFFF80220A4B5A
:104F0000520410B51A60094B09491A6010000B6869
:104F10009843FBD18022002152010648FDF734FC62
:104F20000922054B5A6710BD00E0004000F0004028
:104F300008C000400000105000001150002310B5C0
:104F4000C3820133828283760161040002F034FA65
:104F5000002804D080219023074A8902D1502000E4
:104F600002F0FAF9002802D00123237710BD2000B7
:104F700002F042FAFAE7C046002011507047C046DE
:104F80007047C04600207047002070477047C046F9
:104F90007047C0467047C0467047C046024B5878BD
:104FA000431E9841C0B2704780170020024B18780A
:104FB0004007C00F7047C04680170020F0B5D646A6
:104FC0004F464646C0B52F4B07009A461B780E0049
:104FD000FF2B50D1002941D0002154222A48FDF74F
:104FE000D3FB0022294C2A4B20001A70FBF78CFDC2
:104FF000284B1C60284C2000143CFBF793FD20003C
:1050000001F0FAFD254B264D1C60264B002B04D0E9
:105010002800FFF7C7FA244B18602449002489466A
:105020002149002388462A7810E043461B68620124
:105030009B18002B12D05B68002B0FD098472A7862
:105040000134E4B2511C2300A14209DBA242ECD896
:105050009B1A5B014B445B68002BEFD100200BE0F7
:105060005346310038001F70FFF7FEFD0028F5D0D1
:105070003800FFF741FE0120E0BCBA46B146A84621
:10508000F0BDC04654100020801700207817002083
:105090003C210020D41700204C100020D8170020FD
:1050A0003A210020A5450010D0150020B47A001048
:1050B000F0B5DE4657464E464546E0B5C84B91B082
:1050C00002931B78FF2B00D13EE1C64BC64E9B4698
:1050D0005F46C64B0DAC0193C54B009335686A69BA
:1050E000EFF3108172B61368002BFCD0BFF35F8F13
:1050F000A9612800210001F0AFFB6A69AB69BFF329
:105100005F8F0021116083F31088002800D11BE11C
:105110006378082BE2D89B00FB589F466368002BFE
:10512000DCD0A0689847D9E77F222179AF4D0A40AB
:105130005300EB189846C80980444046012330309C
:1051400005799D430571057903339D430571002A57
:1051500000D100E14346A74A1B7D1278934200D359
:10516000EFE0A54A5B011568ED18002D00D1EBE0DA
:10517000A36862792078AD69A847AFE79F4A1378A2
:10518000002B00D1E0E01378013BDBB21370137801
:10519000002BA3D10122954D01212B78042013432C
:1051A0002B703423EA5C8A43EA54EA5C8243EA5473
:1051B0000133EA5C8A43EA54EA5C8243EA54237886
:1051C00000209B4600F09EFC602223791A40602A52
:1051D00000D1EFE0402A00D1F5E0DB06DB0E012B29
:1051E00000D113E1022B00D1C7E0002B00D0E1E099
:1051F000202A00D11CE2002A00D0DBE06379092BD1
:1052000000D9D7E07E4A9B00D3589F46774D2B7834
:10521000DB0700D462E7FFF7BFFE5FE7019BDB78A7
:10522000DB0700D45AE76068FFF7AAFE56E76F4D28
:105230002B78DB0700D451E728780007C00FFFF771
:10524000A9FE4BE723786A4999468B46694B6A4920
:1052500098468A4639001A7847460023B04600250A
:105260004E46894610E053461B686A019B18002B86
:1052700000D176E0DB68300098473A780135EDB22E
:10528000511C2B008D4244DC9542ECD39B1A5B01F0
:105290005B44EFE7237858499946564B8A4698462F
:1052A0003100BB464E461A78002500234746894602
:1052B0000FE053461B686A019B18002B55D0DB6832
:1052C000300098473A780135EDB2511C2B008D42E1
:1052D00007DC9542EDD39B1A009A5B019446634428
:1052E000EDE7019D542200212800FDF74DFA102220
:1052F000FF214448FDF748FA28002022FF211430FE
:105300004E465F46FDF740FA00F0F2FBFFF740FE25
:10531000E4E6364D542200212800FDF735FA10222C
:10532000FF21281DFDF730FA28002022FF2114302C
:1053300046464F46FDF728FA00F0DAFB2379AB70BA
:10534000CCE6501C984213DA11B0F0BCBB46B24612
:10535000A946A046F0BDA3686279207800F0E6FB7C
:10536000BCE646464F46214DE6E74E465F46CBE754
:105370001F4D9B1A5B015D19FAE67023217A0B42DF
:1053800018D1C80982460F330B405B009846194874
:10539000EB1853441B7D00789946834266D2164829
:1053A0005B01006881469944002A00D15FE14B46C9
:1053B000002B68D120780021FFF76AFD802120783A
:1053C000FFF766FD8AE6104800F09CFB0121584675
:1053D0000EAAFFF7CDF8002800D07FE6EAE7C04626
:1053E000541000200C7A0010D817002080170020DD
:1053F000B47A00103A210020D01500203C21002072
:10540000307A00108417002071450010237A0F2B8A
:10541000D0D8CF4AEB181B791578AB423ED3691C24
:105420009942C7DB5D1BCB4B6D01ED18686900F03D
:1054300069FB012158466B690EAA9847002800D0E5
:105440004CE66022150023791D401A42B2D16379DF
:105450000A3B012BAED800F055FB63790A2B00D133
:1054600099E158460EA900F0D9FA37E6431C4B459E
:1054700000DAF7E04B461B1A5B019946B5488144B8
:10548000002A00D1F3E04B46586900F03BFB4B4645
:10549000012158465B690EAA98479CE7AE4A5B011A
:1054A0001568ED18002DC1D184E7A37999466B7872
:1054B0009945D6D06B78002B00D033E14B466B700A
:1054C000002B00D12BE148460138C0B2FFF792FA19
:1054D000002800D17EE143780793022B00D079E1C8
:1054E0000122C179B1468B11491113400A40302184
:1054F00012015B0113432A78A8468A4313432B7099
:1055000009239A4682445646BA46C37882781B02DB
:105510001343C31805938E4B04938E4B08938E4B05
:1055200009938E4B0A93059BB34200D855E17378DB
:1055300001220B2B03D13378F278F6187378042B01
:1055400000D044E1059B00279B1B9BB20693049B64
:105550000B921D78002303931BE0099A7B011568C9
:10556000ED18002D00D132E1310058462B69069A22
:1055700098478446082803D9069A824200D313E14B
:10558000049B01371D78FFB26B1C03979F4200DD1F
:105590001DE1BD42E1D8039B5D1B089B6D019C464C
:1055A0006544E1E76B780CAA023213705846012378
:1055B0000EA900F049FA91E5E3881A0AD8B20F2A39
:1055C00000D9F7E666499300CB589F460EA800F035
:1055D0009FFA5846A179FFF795FB02222B781343D7
:1055E0002B707BE5E388012B00D0E3E608222B78C3
:1055F000584693430EA92B7000F010FA6EE5022076
:1056000029780CAB9A1C8B068908DB0F01400B43F1
:105610001380584602230EA900F016FA5EE5E388CF
:10562000012B00D0C6E608222B7813432B7018E715
:10563000237A0F2B00D9BDE6EB181D79444B1B785C
:105640009D4228D2444B6D011B685D19002D00D18D
:10565000B0E6686900F056FA012158466B690EAA57
:105660009847B8E6002A00D0A4E60023994662795C
:105670000220130003928343012B15D0002A00D08F
:1056800098E62B004344534430331B790CAA9B0704
:10569000DB0F0232BCE75A1CAA4200DA8AE6ED1A96
:1056A0002C4B6D01ED18D4E7E388002B12D1029B3F
:1056B0001878039B012B23D0FFF7EAFB4346022116
:1056C000EB18534430331A790A4301211A711A79BD
:1056D0000A431A714B46002B00D1FFE4586900F0D1
:1056E00011FA4B4601215B690EAA584698470020E3
:1056F00000F008FA3523EB5CDB0700D5EEE4B0E6FA
:10570000FFF7E4FB43460221EB18534430331A7988
:105710008A431A711A7903998A431A71DAE7FFF7F3
:1057200037FC9EE600215846FFF7F6FA5846FFF789
:1057300099FBAB78074903930491054B06499846BA
:105740001A780591002329001D008A461BE0C046F7
:105750003A210020B47A0010D015002094170020C0
:10576000587A0010059B6A011B689B18002B4DD0CE
:10577000DB685846984743461A780135EDB2511C0C
:105780002B008D422EDC9542ECD39B1A049A5B01D0
:1057900094466344ECE70CAB9A1C584601230EA9CF
:1057A000157000F051F999E40B9A012A4FD0002AA4
:1057B0003CD00023B07804E00133DBB20F71934298
:1057C00034D2C118C9B241440D79FF2DF4D04E46F0
:1057D0004546574600236B70ECE54E465746FFF7AB
:1057E000D5FB3EE65546542200212800FCF7CCFFAD
:1057F0001022FF21281DFCF7C7FF28002022FF21CF
:105800001430FCF7C1FF039BAB7057E65546FAE72F
:10581000FEF7AAFE021E00D1CCE5D37891781B02D8
:105820000B4358460EA900F00FF9D4E565463B003E
:105830002A0031000A9800F07FFEAC46049B039AD0
:105840001B7866440133934200DB6CE6BFE7174BDD
:1058500029699942ADD1079AABE7FFF793FB021E86
:1058600000D1A7E5584613780EA900F0EDF8B2E58F
:105870002189FFF7C3F8021EF4D19BE5022A0FD05D
:10588000FFF782FB021EC8D194E5FFF7AFF8021EB6
:1058900000D18FE5122358460EA900F0D5F89AE5FD
:1058A000FFF7A8F8021EB8D184E5C046015F0010DA
:1058B000F8B557464E46DE4645460C00E0B51600A4
:1058C0001F00002A3CD0702398461E4B00259B46A3
:1058D0001D4B9A461AE05B461B78200099465346BA
:1058E000997800F0EBFD00281CD021004846FFF716
:1058F0002FFA002816D0A378DA09012A19D00A9ABB
:10590000013513702378E418AE4219DD6378052B56
:1059100008D1E3789B079B0FBB4203D14246A37893
:105920001A42D8D00020F0BCBB46B246A946A046D9
:10593000F8BD0B9A013513702378E418AE42E5DC0C
:105940000120F0E75410002080170020702270B56D
:105950008B780C001A4201D0002070BD064B20004D
:105960001D78064B997800F0A9FD0028F4D021009D
:105970002800FFF7EDF9F0E7541000208017002011
:105980000B007F2010B51840DB0934334000044A77
:10599000C018044B1168C01800F04CFD10BDC04683
:1059A000D4170020801700200B007F2010B518406E
:1059B000DB0934334000044AC018044B1168C01896
:1059C00000F060FD10BDC046D417002080170020F5
:1059D00070B57F240F480C4064000419CD09641988
:1059E00030342079C00701D5002070BD012625790B
:1059F0000948354300782571FFF738FA0028F4D1BB
:105A00000122237993432371237903329343237132
:105A1000EAE7C046801700205410002070B5094CFA
:105A20000600082220000D00FCF7B4FE00238021B0
:105A3000E360A3602B783000994300220023FFF736
:105A4000C7FF70BD60170020F8B5CE4647469046A8
:105A5000254E80B58146082230000D001F00FCF75E
:105A600099FE4346B3600023F381EC79AB792402BD
:105A70001C43231CBC4200D93B1C9FB2B381002CA9
:105A80000DD0002F17D04246002A2BD0402F1BD814
:105A90009FB233787F2B1CD80021144A0FE080215D
:105AA0002B780022994348460023FFF791FFC0BCA2
:105AB000B946B046F8BD7F230022317899433B00B8
:105AC0004846FFF785FFF2E740239FB233787F2BEC
:105AD000E2D9064C3A0041462000FCF75BFE8021EB
:105AE0002200ECE70020E2E76017002020170020EA
:105AF00010B5142200210248FCF746FE10BDC04636
:105B000060170020014B18617047C04660170020E5
:105B100010B5054C010008222000FCF73BFE0023D5
:105B2000A360E36010BDC0466017002070B5384C1C
:105B30001D0023780600DA09C9098A4210D0002026
:105B4000002D00D070BD21003000FFF7F3F823696D
:105B5000002B03D022000321300098470120F1E7F9
:105B60007F2B06D8A068002834D02A002949FCF7EA
:105B700011FEE289A1685219E38892B24919E281C3
:105B8000A160934214D03F2D12D9A389981A051C05
:105B900080B240282AD82078ADB27F2828D80021AA
:105BA0009A4232D01B4A2B003000FFF711FFC9E7A1
:105BB0002369002B05D022000221300098470028DD
:105BC0000AD0802123780022994330000023FFF778
:105BD000FFFEB7E70020B5E700213000FFF758F9D6
:105BE00030008021FFF754F90120ABE74025D2E7D0
:105BF0009A4207D0074C2A002000FCF7CBFD8021F9
:105C00002200D0E780210022CDE70022CBE7C0466A
:105C1000601700202017002070B50400FFF7BEF9C0
:105C2000002800D170BDFFF7C1F90028FAD1C823C0
:105C30006343124DEE18F1780029F3D010335D194B
:105C4000280000F0F3FD3F28ECD90020F178FFF7A1
:105C500097FE0028E6D0280000F0E8FDF1783F2804
:105C600007D9074BE201D21800204023FFF7B0FE0E
:105C7000D8E70020FFF798FED4E7C046581600206A
:105C8000D415002010B50400FFF788F9002801D1D1
:105C9000002010BDFFF78AF90028F9D1C82262431D
:105CA000024B01309B181B791840F2E75816002070
:105CB000C82310B543430248181800F099FD10BDE1
:105CC00068160020F8B5C824802344431C4F1034C4
:105CD00005003C195B029A4200D31A4A200092B296
:105CE00000F008FE0600FFF759F9002801D1300046
:105CF000F8BDFFF75BF90028F9D1C8236B43FF1803
:105D0000FB78002BF3D0200000F090FD3F28EED967
:105D10000020F978FFF734FE0028E8D0200000F0DA
:105D200085FDF9783F2807D9074BEA01D2180020F2
:105D30004023FFF74DFEDAE70020FFF735FED6E7F8
:105D400058160020FFFF0000D4150020F8B504000D
:105D5000FFF724F9002801D10020F8BDFFF726F94C
:105D60000028F9D1C82565432E00134F2436F619B3
:105D7000300000F03DFD0028EED07F190020B978FA
:105D8000FFF7FEFD0028E7D00C4DE401651929005E
:105D90004022300000F0AEFDB978041E08D00300A8
:105DA0002A000020FFF714FE0028D5D02000D4E7F9
:105DB0000020FFF7F9FDCFE7581600201416002049
:105DC00070B5C82444430C4B0500E41880235B02E3
:105DD0009A4200D3094A200092B200F051FE060018
:105DE000200000F005FD3F2801D8300070BD2800DC
:105DF000FFF7ACFFF9E7C0467C160020FFFF00006C
:105E0000C82310B543430248181800F00FFD10BD19
:105E10007C160020F0B50025184C83B0C822002164
:105E20002000FCF7B1FC164B21001D70FF236371AD
:105E3000E1235B02A360200008234022A3733831D2
:105E40000095073B103000F09DFC27000123210046
:105E500020002600402278310093B837243000F02B
:105E600091FCC0363800FAF74FFE3000FAF74CFECE
:105E7000E56127622663656303B0F0BD5816002014
:105E8000541600200A4A116B136A00290CD0002B0B
:105E900007D00023D36153631363002313620120EF
:105EA000704753631363FAE7002BF8D0D161F4E72E
:105EB0005816002070B50F4C052200212000FCF779
:105EC00063FC0D4D2B78DA0707D50C4C9B070CD5DE
:105ED0000121200000F0B0FE70BD2000103000F065
:105EE0008BFE2B78054C9B07F2D4200000F084FE3B
:105EF000EEE7C04658160020541600207C160020FD
:105F0000F0B54B79060083B0022B02D18B79022BBE
:105F100003D00025280003B0F0BD204FBB78002B34
:105F2000F7D18B7809253B700C780C196378242BFA
:105F300007D00CE02378E4185D196378ADB2242B08
:105F400005D19542F6D90020FFF766FEE2E71A0078
:105F5000052B15D0042AF6D163790A2BF3D1104B07
:105F6000277801930133009330000223E119023AAC
:105F7000FFF79EFC0028CCD00E35ED19ADB2E2E75C
:105F800021003000FFF7E2FC0028C2D0A3787B702C
:105F900023785D19E4186278ADB2DBE7581600206B
:105FA0005A160020F8B5602314001278050013403B
:105FB0000020202B07D1304A6379277916781B02FD
:105FC0003B439E4200D0F8BD6378222B1AD007D8FD
:105FD000202B34D0212BF6D101293ED00120F2E72D
:105FE000232BF0D1012940D00329F7D1234B002BDB
:105FF000F4D0E178A37809020020194300E000BF43
:106000000120E0E7012930D00329E7D101252E0046
:10601000A378E478023924021C4314712640243208
:106020001000714000F008FE154B002BD6D062081E
:10603000002031002A4000E000BF0120C3E7012911
:106040000BD00329CAD10F4B002BC7D00832002038
:106050001100FEF7ADFA0120B5E707232100280063
:10606000094AFFF7F1FC0120ADE721002800FFF706
:10607000D5FC0120A7E7C04658160020000000000C
:1060800000000000B145001060160020F0B54F463A
:106090004646D646C0B5364D8046EA780C001F000D
:1060A0008A423CD0AB788B4210D00020E0BCBA468C
:1060B000B146A846F0BD2F4B002B04D02E4800F06F
:1060C000ADFB002851D00020FFF7A6FDAB78A3421E
:1060D00001D00120EAE7294B002B02D0002000E08C
:1060E00000BF0020FFF732FE0028F2D1244C200030
:1060F00000F07EFB0028ECD1002FEAD0BF06E8D1EB
:10610000243C4046A178FFF73BFC0028E1D0002367
:1061100000224046A178FFF75BFC0120C6E79AB257
:1061200010239A46174EAA443100504600F0A8FCAE
:10613000154B002BBFD06B79FF2BBCD0002FBAD0F2
:10614000F219914603E001364E45B4D06B793278AE
:106150009A42F8D1504600F061FB0028F3D1534633
:10616000103B597900E000BFEDE700E000BFAAE76F
:1061700058160020000000006816002000000000F3
:106180007C160020D4150020000000009322F0B5FA
:10619000134C85B0002120009200FCF7F5FA230093
:1061A0002000802640270F4D4D337600FF332930E5
:1061B0000295009300220023002103970196FF30EF
:1061C00000F0D4F94035201D28340023012200219D
:1061D000039702950196009400F0C8F905B0F0BD50
:1061E0001C1900209C18002010B5054C200000F060
:1061F000F3F920002538FF3800F0EEF9012010BD3A
:10620000441A002070B5084C002520003130FF30C2
:10621000257000F0F1FC20000C3000F0EDFC2A238A
:10622000FF33E554657170BD1C190020F8B5574661
:106230004546DE464E46E0B54B7980460F00FF2BC3
:106240005BD1404B99462A234946FF33CB5C002B58
:1062500053D14E79002E50D1BB783C780B703B79EE
:106260003C19002B46D098235B004B449A460C23E4
:106270004B449B46A51803E0AC423BD22378E4187C
:106280006378052BF8D1AC4234D221004046FFF7A9
:106290005DFB002831D0A3780136F6B2DB09012B73
:1062A00032D0504600F0A8FC2A234946A278FF339A
:1062B000CA54637922791B021343234A5B0594462F
:1062C0005B0D942163445A4253414A4602204900DF
:1062D000525C5B00824313434A4653545146404646
:1062E000083900F0E3F9002807D02378E4183B7957
:1062F000B342C5D8E01B80B200E00020F0BCBB4632
:10630000B246A946A046F8BD584600F075FC5A466C
:10631000A3780C3A5371637921791B020B430A4924
:106320005B058C465B0D634459424B410220117959
:106330005B0081430B43594600200839137100F07C
:1063400081F9D2E71C19002000FEFFFFF8B52A25CD
:1063500006001F48FF35455D1F008D4215D043796B
:106360008B4201D00020F8BD1A4B002B04D0390419
:106370000020090C00E000BF174C3000210000F0A5
:1063800061F900281DD00120EDE79A235B00C35A74
:10639000002B0DD1114B002B04D000201049BAB2B4
:1063A00000E000BF30000F4900F080F90120DAE77B
:1063B00096235B00C1583130BAB2FF3000F060FB69
:1063C000E8E73A002100300000F008F90120CAE7B0
:1063D0001C1900200000000020190020000000000F
:1063E0009C180020441A002000B5030083B0002947
:1063F00010D00020012B07D80A78002A04D00C48BE
:10640000C2540120012A01D003B000BD1800FEF7DC
:10641000D5FDF9E701236A46002001A99380FEF724
:10642000CDFD0028F0D00122014B1A70ECE7C046E8
:1064300074170020037870B5DB0704000E00DD0F31
:10644000002B17D103785B0701D5280070BD01210F
:106450003000494200F0C0FF2378DB07DD0F002B3E
:106460000AD123785B0708D404222378012513433B
:10647000237002E00025E8E70025300000F07CFFF3
:10648000E3E7C04670B50C00012106004942200038
:1064900000F0A2FF33785B07DD0F002B04DB200048
:1064A00000F06AFF280070BD3378DB0704D40422B3
:1064B000337893433370F2E70025F0E743790279AC
:1064C0001B021343C2785B0592075B0D920F022AF1
:1064D0001DD0032A0CD00020012A08D102394A42DB
:1064E0005141124A9446614499424041C0B27047BA
:1064F00002394A1E91410E4A494211408022D2007F
:1065000094460020614499424041C0B2EFE702291D
:1065100005D0002040229A424041C0B2E7E7054A38
:10652000981843425841C0B2E1E7C046FF0300005B
:1065300040FCFFFF00FEFFFF8A1870B5914207D2B2
:106540007F264C78052C04D00C7809198A42F8D89B
:1065500070BD34008D782C4064000419ED0963553A
:106560000C7809198A42ECD8F2E7C046F0B5C64665
:1065700000B582B0150008AA40CA040017886A4610
:10658000928D012090460A0021780240814320002C
:10659000114321703A00009331000123083000F0CC
:1065A000F1F8002E01D0002F08D10A9B0120636072
:1065B0004346638002B080BCB846F0BD26001C365E
:1065C0003000FAF7A1FA0023002D01D03300002695
:1065D0006361A661E9E7C04601207047F8B502246F
:1065E0000B7807001C4063425C41144B64421C4022
:1065F000134B08009C4608300D001600644400F060
:10660000F7F8002807D1002E05D0344203D1012429
:106610002B781C4201D00020F8BD38006978FFF7C4
:10662000AFF90028F7D02B781C42F4D100230022C8
:1066300038006978FFF7CCF9EEE7C04640FEFFFF6F
:10664000FF010000F8B50D000835060028000C0019
:1066500000F0CEF8002803D0012723781F4201D094
:106660000020F8BD30006178FFF78AF90028F7D0E4
:1066700028006288616800F03DF9237805001F401A
:1066800000280BD0002FEBD1030062683000617846
:10669000FFF79EF90028E3D02800E2E7002FDFD1C2
:1066A00030006178FFF780F9DAE7C046F8B5CE46EA
:1066B000474680B58A8906000C000B78002A07D16E
:1066C00001251D4240D00020C0BCB946B046F8BDEF
:1066D0009B0733D42A4B40259946270008373800BA
:1066E00000F0A4F88542EED80122237890461A42A1
:1066F000E9D130006178FFF743F90028E3D0380092
:1067000000F094F8424623781A40854231D8002A96
:10671000D9D1494662880140151C8A4200D90D1C16
:10672000ADB200226178002D00D062682B003000ED
:10673000FFF74EF90028C6D02800C5E7FE238025C4
:106740001B029946AD00C8E74978FFF719F9002800
:10675000B9D023781D42B6D1638800226178002B1E
:1067600000D062683000FFF733F90028ABD06088B2
:10677000AAE7002AA7D130006178FFF715F9A2E750
:10678000C0FF0000F0B5C64600B504006846057EAF
:106790008020884617001E000002824226D8E0684A
:1067A000002803D00121494200F016FE206900288C
:1067B00003D00121494200F00FFE434623607304D9
:1067C0005B0CED031D430023E0686381A780E58037
:1067D0002381002801D000F0CFFD2069002801D0DE
:1067E00000F0CAFD012080BCB846F0BD0020FAE7E9
:1067F00010B5048941898288A3B288B28C4207D33C
:106800001B1A9BB2101C9A4200D9181C80B210BDF2
:106810005100091A5B189BB2F4E7C046038940890E
:10682000181A43425841C0B27047C04610B5048997
:1068300041898288A3B288B28C4207D31B1A9BB2CB
:1068400000209A4201D9D21A90B210BD5100091A03
:106850005B189BB2F4E7C04670B5040000690E00F7
:10686000002803D00121494200F0B6FD2589608946
:10687000A288A9B283B2854232D3CD1AADB2002D1F
:1068800028D0AA4208D291422FD3891A8BB26381B1
:106890009A4203D89B1A9BB29A42FBD9E28821689C
:1068A0005204520C53433000C918FBF773FF63893D
:1068B0000125591C89B2A2888B420DD900215200B2
:1068C000891A89B220696181002801D000F054FD45
:1068D000280070BD618989B252009142F2DBEFE776
:1068E0005500ED1A4D19ADB2C9E789188BB2638115
:1068F000CEE7C046F0B546464F46D646C0B5060080
:10690000006989469046002803D00121494200F0E1
:1069100063FD31897289B5888BB294B2914254D3A8
:106920001F1BBFB2002F4AD0BD4205D2AB4251D28D
:106930005B199CB22F0074814346B8453DD89FB285
:10694000A54203D8641BA4B2A542FBD9F2883168E2
:106950005204520C904662432B1B9BB2891842464C
:106960009F4225D953439BB21A0048469A46FBF7EB
:1069700011FF434648467D1B64195C43316850440F
:10698000A2B2FBF707FF7189B588CB199BB26A00E9
:10699000994216D99B1A9BB230697381002801D0A5
:1069A00000F0EAFC3800E0BCBA46B146A846F0BDAB
:1069B00048467A43FBF7EEFEE5E73B1CBFE77389E9
:1069C0009BB26A009342E7DBE4E76F003F1BDF19ED
:1069D000BFB2A7E75B1B9CB2ACE7C046F8B50400AA
:1069E000C0680E00002803D00121494200F0F4FCE9
:1069F000258920896189A288ADB283B28FB288428D
:106A000029D3DB1B9BB29A4209D8E779FF0906D14B
:106A1000E068002801D000F0AFFC3800F8BD2B0082
:106A200095421DD39B1A9BB29342FBD2E288206809
:106A30005204520C53433100C018FBF7ABFE6B1CE1
:106A40009BB2A2889D4217D9002352009B1A9BB289
:106A500001272381DCE75100C91B5B189BB2D2E7F9
:106A6000E28820685204520C53433100C018FBF7EF
:106A700091FE0135A288ABB252009342E8DBE5E714
:106A8000F0B54E465746DE464546E0B58946060017
:106A9000170083B0002A67D0C068002803D0012106
:106AA000494200F099FC3389F2799BB29846738988
:106AB000B5889BB2D20940D198455ED26A00D31AFC
:106AC00043449BB2AB425DD2EB1A1A1C9BB2BB4251
:106AD00000D93A1C97B27B1B9BB20193F3885B04ED
:106AE0005B0C9A464346DB199BB29B464446A8453D
:106AF00003D3641BA4B2AC42FBD253466343306859
:106B00002D1BADB2C018BD424BD3524649467A4305
:106B1000FBF740FEB3885B00D84501D89B4503DBFB
:106B20005A46D31A9BB29B465B463D003381F068C0
:106B300000281AD000F020FC17E0F2885204520C12
:106B40009246AF4220D298454DD34246D21A92B2D5
:106B50006900781B80B2D21901908A4233DA434629
:106B6000FB189BB29B46C1E70025280003B0F0BC90
:106B7000BB46B246A946A046F0BD4246D31A9BB2D8
:106B8000AB42A1D30025D2E7002DD0D07F1B5743C5
:106B900098465A19002392B2B94493462F000193A4
:106BA000A4E753465D43ADB22A004946FBF7F2FD28
:106BB000019B2900E21853465A43306892B2494477
:106BC000FBF7E8FDA6E75A1992B29346D21B92B2A0
:106BD000904693420CD94346591A8BB29846FB18FB
:106BE0009BB29B4682E76900CA1A424492B2B0E760
:106BF000914200DD7AE7EEE710B50400C068002896
:106C000003D00121494200F0E7FB2069002803D0AE
:106C10000121494200F0E0FB0023E0686381238109
:106C2000002801D000F0A8FB2069002801D000F066
:106C3000A3FB012010BDC04670B50400C0680D0064
:106C4000002803D00121494200F0C6FB206900283A
:106C500003D00121494200F0BFFB7F21E379ED0120
:106C60001940E0682943E171002801D000F084FB5D
:106C70002069002801D000F07FFB012070BDC046D4
:106C8000F0B5DE4657464E464546E0B5070083B0B0
:106C90000CA80192027800203C689B46E066616087
:106CA00001219146E166002B34DD5A1E9046802278
:106CB0005200944680264025616F1029FCD00021A7
:106CC000002801D13979890240451DD0624611431F
:106CD0002161A159616B0D420BD00120636D4042CF
:106CE0004B463B7103B0F0BCBB46B246A946A0463A
:106CF000F0BDA16F0029ECD02169019B195401302E
:106D00008345EDD03C68D7E74B4601225A405302F9
:106D10001943DBE70020E3E7F0B5DE4657464E4671
:106D2000454690460022E0B585B01E000EAB1B78AC
:106D300007009B460368DA6601325960DA66002E66
:106D400060DD027959469202924601224A4052027F
:106D50009446802291465A46802403926246BB465E
:106D6000002010214746B446751EA4000192421B24
:106D7000160072427241019E5242164002963E5CDB
:106D8000B0465646424616433200029E16431E61E6
:106D9000019E5A6B1142FCD04A469A58019692467F
:106DA000002A0AD1A84228D0002201309246844508
:106DB000DDD1039B5F469B4616E05A6D012290464B
:106DC0005A6B2242FCD01A6E42460196002AEBD042
:106DD000039B5F469B465346002B15D05346DB076B
:106DE00012D453461B070FD55B463B7105B0F0BC70
:106DF000BB46B246A946A046F0BD039A002AD3D1AD
:106E00009046DDE70020EFE701204042ECE7C04676
:106E1000F8B5DE4657464E4645468346E0B5052062
:106E20000C00FAF7BBFB0600600821008019FAF796
:106E3000C3FD430098468044070005214046FAF709
:106E4000BBFD3B1A9A461E4B8146700080199C423E
:106E500031D81C49FAF7B0FD451C5B461C6800237D
:106E6000E366226804335A40023313408022520101
:106E7000A21813605346E3614B4623624346012048
:106E80004F2B03D950214046FAF796FDA023E0503E
:106E9000E36F39005D400C4B2D042D0CE3181D6091
:106EA00001233000E366FAF787FDF0BCBB46B2462B
:106EB000A946A046F8BD0549FAF77EFD451CCCE77A
:106EC0003F420F00809698007C10000040787D01C2
:106ED0000F4A70B5821A531E9A410E4BD2000832E7
:106EE0001A600D4B0D4C1A60150023689D432B1E34
:106EF000FAD166240268FF340571D5661460633CDC
:106F00008833FF3CD5639563D450FFF781FF70BD94
:106F10005810002000E0004000F0004008C0004091
:106F200010B582B06C46247C0094FFF7F5FE02B0E9
:106F300010BDC04610B582B06C46247C0094FFF7AB
:106F40009FFE02B010BDC046130010B584B003AA66
:106F500053700023044C1170010000932000023391
:106F6000FFF7DEFF04B010BD581000200F220123F0
:106F700070B50B4C86B06A44117005000100009397
:106F800020001726FFF7CCFF00236E440093320049
:106F9000290020000133FFF7CDFF307806B070BD27
:106FA0005810002010B5FAF7DBF810BD10B5FDF74A
:106FB000B5F9FA204000FAF7D3F8124C2000FDF79B
:106FC000FBF92000FDF7F8F92000FDF7F5F90E496F
:106FD0000E48FFF77DFF03211420F9F7A9FA0321DA
:106FE0001520F9F7A5FA002201211420F9F7BAFAC1
:106FF000002201211520F9F7B5FA0548FDF7DCF963
:10700000002010BD28760010E093040058100020E6
:107010003876001010B5402000F030F8642000F001
:1070200037F810BDF8B50F00111C642A00D964218F
:1070300046000A4D3618B600A85D89B200F07AF80D
:10704000074CAD19FF00E15B2879E41900F098F8CE
:10705000287AA18800F094F8F8BDC046701000208E
:107060006010002010B54300034A1B189B0000214C
:10707000D05C00F05FF810BD7010002010B5034B1D
:10708000002200211870FFF75FFF10BD392100209A
:10709000F8B5FAF76BFF214A214BFAF7F8FEFAF739
:1070A000A1FF80B2FAF762FF02000B0000201D4929
:1070B000FAF7CFFE00221C4BFAF7B9FE00221B4B59
:1070C000FAF7BEFEFAF7ECFF194C06000F00207825
:1070D0000021FFF74BFF6F22102302401A430500E7
:1070E00000212078FFF730FF39003000FAF77AFFEF
:1070F000FE21C2B22078FFF727FF2A000021207866
:10710000FFF722FF0520FFF74DFF802252422A435E
:1071100000212078D2B2FFF717FFF8BDCDCCCCCC40
:10712000CCCCEC3F84D7B7400000F03F0000E03FFC
:1071300039210020282370B5594380000F4EC4B276
:107140000D00A11D30780022C9B2FFF7FDFEE11D40
:1071500030780022C9B2FFF7F7FE2100013DADB241
:1071600008313078EAB2C9B20934FFF7EDFE307861
:107170002A0AE1B2FFF7E8FE70BDC04639210020BF
:107180008C468000F8B5C3B21E00991DDF1D09337F
:10719000DCB26346164D083600222878C9B2FFB229
:1071A000F6B2012B11D0FFF7CFFE0022390028786C
:1071B000FFF7CAFE002231002878FFF7C5FE002243
:1071C00021002878FFF7C0FEF8BDFFF7BDFE3900AB
:1071D00028780022FFF7B8FE31002878FF22FFF759
:1071E000B3FE0F2221002878FFF7AEFEECE7C04681
:1071F0003921002010B5010000230022002000F0FA
:1072000047F810BD70B5074C074D641BA41005D09E
:10721000013CA300EB589847002CF9D100F098F8F6
:1072200070BDC04660740010607400107047C046A6
:107230007047C04610B583070AD00300032102E05F
:1072400001330B4205D01A78002AF9D1181A10BD63
:10725000030019680C4A0D4C8A188A4322420FD148
:107260005968094A04338A188A43224208D1596866
:10727000054A04338A188A432242F1D000E00133E0
:107280001A78002AFBD1E1E7FFFEFEFE80808080B5
:10729000F0B5D6464F4646469846244BC0B5060044
:1072A00018689A460F009146FFF7C0FF204B1D68F3
:1072B000002D32D053466C6818681F2C30DC002E2D
:1072C0000CD1631C0234A4006B606751FFF7B0FF60
:1072D0000020E0BCBA46B146A846F0BD4946882227
:1072E000A300EB189950C42149008C46AC44614678
:1072F000873AA24009689146114362461160842191
:10730000424649005A50022EDBD129004A468D31AF
:10731000FF310B6813430B60D3E7064D1D60C9E7CF
:10732000FFF786FF01204042D3E7C046A0100020AF
:10733000381400203C140020034B10B5002B02D061
:107340000248FFF757FF10BD000000000572001053
:10735000F8B5C0460000000001B40248844601BCF4
:10736000604700BFF50B002001B40248844601BC11
:10737000604700BFC102002001B40248844601BC3E
:10738000604700BF2502002001B40248844601BCCA
:10739000604700BF110F002001B40248844601BCC1
:1073A000604700BFF103002001B40248844601BCDD
:1073B000604700BF110F002001B40248844601BCA1
:1073C000604700BFCD0B002001B40248844601BCD9
:1073D000604700BFC100002001B40248844601BCE0
:1073E000604700BF9901002001B40248844601BCF7
:1073F000604700BF0101002001B40248844601BC7F
:10740000604700BF850C002001B40248844601BCDF
:10741000604700BF350C0020E11700100D18001068
:107420005919001079270010FD1F0010E9260010DF
:107430008118001029180010491800105D1800105C
:10744000B90A001065180010850E0010A917001069
:10745000ED0600103973001089020010754A001003
:10746000FE0300106C0300100E030010E402001075
:10747000BA0200102603001084030010B0030010AD
:10748000CA030010E4020010BA020010E403001066
:10749000520300104D4F544F522054455354000096
:1074A000000000004D6F746F725F496E69740D00CB
:1074B0004D6F746F725F52756E0D00000A2A2A2A92
:1074C0002050414E4943202A2A2A0A000A0000007F
:1074D0004E6F207370696E6C6F636B7320617265A1
:1074E00020617661696C61626C6500004E6F207589
:1074F0007365722049525173206172652061766113
:10750000696C61626C6500004861726477617265E4
:1075100020616C61726D20256420616C726561640C
:107520007920636C61696D65640000004861726474
:10753000206173736572740052656C6561736500D8
:10754000626F6F74325F773235713038300000000F
:10755000322E312E310000007069636F0000000090
:107560006D61696E0000000041707220323520327A
:1075700030323500666E692B00000000666E6900CF
:107580006E616E00666E692D00000000555342204A
:10759000737464696E202F207374646F75740000B7
:1075A0005261737062657272792050690000000048
:1075B0005069636F00000000426F617264204344B1
:1075C000430000005265736574000000556E6861E9
:1075D0006E646C65642049525120307825780A0029
:1075E000657020253032582077617320616C726598
:1075F00061647920617661696C61626C650000008C
:1076000043616E277420636F6E74696E75652078B0
:10761000666572206F6E20696E616374697665209D
:1076200065702025303258004C434420496E6974FF
:107630002E2E2E0D000000004445565F4D6F6475E0
:107640006C655F496E6974204F4B200D000000008F
:1076500006005250D3F075423875001006005250A3
:10766000E182887F4075001006005250ABB3605332
:107670005075001006005250BBFF3CB65875001004
:1076800006005250861C030260750010060052501E
:107690005422A29D6875001005005250DE65F46802
:1076A000008B001038350010E8340010E83400106A
:1076B00030350010E8340010E8340010E8340010D1
:1076C000E8340010E8340010E8340010E83400100A
:1076D00028350010E834001020350010E834001080
:1076E000E834001018350010583700104E350010DF
:1076F000483700104E350010323700104E3500105C
:107700004E3500104E3500104E3500104E3500102D
:107710004E3500104E350010403500104E3500102B
:107720004E3500104E3500104E3500104E3500100D
:1077300040350010F6370010A2340010A2340010BB
:10774000A2340010A2340010A2340010A2340010A1
:10775000A2340010A2340010A2340010A234001091
:10776000A2340010A2340010A2340010A234001081
:10777000A2340010A2340010A2340010A234001071
:10778000A2340010A2340010A2340010A234001061
:10779000A2340010A2340010A2340010A234001051
:1077A000A2340010A2340010A2340010A234001041
:1077B000A23400106C370010C43700106C37001072
:1077C000A2340010A2340010A2340010A234001021
:1077D000A2340010A2340010A2340010A234001011
:1077E000A2340010A2340010A2340010A234001001
:1077F000A2340010A2340010A2340010A2340010F1
:10780000063A0010A2340010A2340010A234001076
:10781000A2340010A2340010A2340010A2340010D0
:10782000A2340010A2340010063A001008380010EC
:10783000063A00106C370010C43700106C37001087
:10784000000000000000F03F0000000000002440A5
:1078500000000000000059400000000000408F4080
:10786000000000000088C34000000000006AF840EB
:107870000000000080842E4100000000D01263410F
:107880000000000084D797410000000065CDCD4185
:107890000D0A000000000000D944001000000000A4
:1078A000DD440010E944001015450010114500109A
:1078B000000000000A00000000000306A600080007
:1078C000020002009C001400030057494E55534229
:1078D0000000000000000000000080000400010023
:1078E00028004400650076006900630065004900D7
:1078F0006E00740065007200660061006300650040
:10790000470055004900440000004E007B00620023
:1079100063003700330039003800630031002D0068
:1079200037003300630064002D0034006300620000
:1079300037002D0039003800620038002D00390072
:1079400031003300610038006600630061003700D9
:107950006200660036007D0000000000050F210077
:10796000011C100500DF60DDD88945C74C9CD2653D
:107970009D9E648A9F00000306A60001000000008F
:107980000600525053B4F4A18C75001000000000A2
:10799000A0750010B075001028210020B8750010E7
:1079A000C475001009025400030100807D080B001B
:1079B0000202020000090400000102020004052482
:1079C000002001052401000104240206052406000C
:1079D000010705810308001009040100020A0000E4
:1079E000000705020240000007058202400000096E
:1079F00004020000FF00010512011002EF02014025
:107A00008A2E0A000001010203010000DC50001070
:107A100044520010945200101C5200102E520010BC
:107A20000C5200107C510010285100101C51001005
:107A3000FE550010E4550010B45300101E560010FF
:107A4000B4530010CC550010B8550010B4530010BA
:107A5000A4550010AA540010B45300108A58001006
:107A60007C58001070580010B4530010B45300102C
:107A70005A5800107C580010B4530010B453001032
:107A8000B4530010B4530010B4530010B45300109A
:107A9000B453001010580010520D0020520D002059
:107AA0009C0D0020BC0D0020000E0020120E0020B6
:107AB000480D002000000000155E0010855E0010DB
:107AC000B55E0010015F0010A55F00108D60001012
:107AD00000000000000000008D610010E96100104E
:107AE000056200102D620010714500104D630010FA
:047AF0000000000092
:107AF400507600105C7600106876001074760010E2
:107B0400807600108C760010987600108079001032
:107B140003000068EFF3108C72B60268002AFCD0F0
:107B2400BFF35F8F04229A56002A0BDB002900D092
:107B34000A6000201B68BFF35F8F00221A608CF379
:107B440010887047D0221206126801201A71F1E7DA
:107B5400F0B5C646150000B504001E000268EFF338
:107B6400108172B61368002BFCD0BFF35F8F04231F
:107B7400E3562268002B2BDBBFF35F8F00201060DD
:107B840081F31088D02212061278002752B2904650
:107B94009A420ED1002080BCB846F0BDBFF35F8F7F
:107BA400176081F310882800310000F0DDFE002802
:107BB400F0D12268EFF3108172B61368002BFCD069
:107BC400BFF35F8F237922687F2BE7D9434602E016
:107BD400D0231B061B682371BFF35F8F0023136040
:107BE40081F310880120D6E7F0B5C64600B50D0034
:107BF400040000F0C9FEFA2206000F00002328004A
:107C04000021920000F0C8FE36184F41002F02DA1E
:107C14000126174F7642D0231B061B680025984681
:107C24000AE0BFF35F8F156081F3108830003900DC
:107C340000F09AFE002818D12268EFF3108172B682
:107C44001368002BFCD0BFF35F8F237922687F2B4E
:107C5400E7D943462371BFF35F8F0023136081F399
:107C64001088012080BCB846F0BD0020FAE7C04669
:107C7400FFFFFF7F0268EFF3108172B61368002BD9
:107C8400FCD0BFF35F8FFF2303710368BFF35F8FE3
:107C940000221A6081F3108840BF704710B5084C69
:107CA4002378002B0AD18023064807495B051A680C
:107CB400C25004338B42FAD10123237010BDC04655
:107CC4003D210020681B00100001001010B5014B7D
:107CD400984710BD691B0020034B1A68C0239B0002
:107CE4009343024A136070470C8001400C9001409A
:107CF400054B1A6880239B005340C0229200134016
:107D0400024A13607047C0460C8001400C90014049
:107D14000023F0B5DE4657464E4645469A46E0B542
:107D240083B001900E00988A42491B8B1400984737
:107D3400534681464049988A1B8B984753463F498E
:107D44000500988A1B8B98478046FFF7A7FFC84712
:107D5400A847FFF7CDFF251E22D00823C0219C464B
:107D64000220490562468B6A1A4018423CD0631BC4
:107D7400002D2CD1002A11D1002C11D0C0235B0579
:107D84009B4602239A46063399465B464A46574623
:107D94009B6A1A401F423FD0002AF6D0002C2DD1F6
:107DA400FFF79AFFC047FFF791FF03B0F0BCBB4653
:107DB400B246A946A046F0BD002C2FD1C0225205E0
:107DC400926A914608224F463A40BF072DD50D2BA3
:107DD4001BD9002AF0D1C0225205926A914608228A
:107DE4004F463A40BF07F2D4002A04D12B00234364
:107DF400002BB7D1D4E72B00002CF9D00B6E013C3B
:107E04003370230001362B43F2E7019F013D3B7899
:107E140001370B660197E7E70025E5E7C0235B051B
:107E24001B6E013C337001369CE72B00002ADFD126
:107E3400DCE7C046494600004558000046430000C0
:107E44000022154B10B59A60DA601A615A619A6182
:107E5400DA611A625A629A62DA621A635A639A633C
:107E6400DA631A645A649A64DA641A655A659A651C
:107E7400DA651A665A669A66DA661A675A679A67FC
:107E8400DA67F03292000021044800F0A5FD044BAB
:107E9400044A1A6010BDC04600001050141D002092
:107EA400DC20002080011050F0B54E464546DE46E9
:107EB4005746E0B5214B00249E6D012585B0002E68
:107EC40022D01F4B9A46012399461E4B984601E047
:107ED400202C19D02A00230001342F003240E4B2B0
:107EE4006D00002AF4D0524697654A465B085B0051
:107EF40022409B185B01434418009B4600F01EFC83
:107F0400002808D1BE43E3D105B0F0BCBB46B2465D
:107F1400A946A046F0BD5B46E0219A78DB8A01A819
:107F240083600023C900018001210271437100F0C4
:107F340025FC584600F0A0FBE4E7C04600001150C1
:107F440000301150D41C00209823F0B5C646C84A0E
:107F540000B5D55880232E009B02102484B01E4007
:107F64001D4274D0C34BC44C9A6AC44B00261A6099
:107F74003B23E35C022B00D14FE17B23E35C022B28
:107F840000D1F3E0BB23E35C022B00D1FAE0FB2336
:107F9400E35C022B00D101E13C23FF33E35C022BC1
:107FA40000D12DE17C23FF33E35C022B00D10EE1F1
:107FB400BC23FF33E35C022B00D13FE1FC23FF33FE
:107FC400E35C022B00D1F5E0AD4BE35C022B00D166
:107FD40074E1AC4BE35C022B00D105E1AA4BE35CFA
:107FE400022B00D175E1A94BE35C022B00D132E1F5
:107FF400A74BE35C022B00D1A0E1A64BE35C022B70
:1080040000D171E1A44BE35C022B00D1A1E1A34BAD
:10801400E35C022B00D17FE1002E08D1A04B1B783A
:10802400002B04D180219F4A90338902D150C02271
:1080340069468F4B92009B6C80265B058A805B0DA2
:10804400012101A8029300F099FB974CB602EB06BC
:1080540000D57FE080235B021D4231D01E43012303
:1080640002249846844FBB7E002B14D000F0ACFC55
:10807400012800D972E0C02200213800920100F0EA
:1080840001FB380000F0F8FA00F09EFC012802D948
:10809400844B5C661C664346FB702037012C22D15E
:1080A400C0236A46DB009380804A02AB03CA03C341
:1080B400012101A800F062FB80227A4B92021A652A
:1080C40080235B011D4210D18023DB011D4223D19B
:1080D40080231B021D422FD1AE4200D0C0E104B068
:1080E40080BCB846F0BD0124BDE700241E43604BAC
:1080F4001C60FFF7A5FE80236A465B009380147220
:10810400012101A800F03AFB8022664B12031A6594
:108114008023DB011D42DBD01E4380236A46DB0043
:108124009380012101A800F029FB10225D4B1A6500
:1081340080231B021D42CFD01E43A0236A46DB00CE
:108144009380012101A800F019FB8022554B1201F4
:108154001A65C1E7FFF7A8FE26007BE7544B444AA3
:108164001C66536E2340A342FBD184E77833E75C5B
:10817400002F00D106E70233E25C002A00D00DE1B3
:108184003E00FFE6B833E75C002F00D1FFE6023380
:10819400E25C002A00D0F9E03E00F8E6F833E75C40
:1081A400002F00D1F8E60233E25C002A00D041E15E
:1081B4003E00F1E6F933FF33E75C002F00D103E71B
:1081C4000233E25C002A00D02BE13E00FCE6793366
:1081D400FF33E75C002F00D1EAE60233E25C002AB9
:1081E40000D015E13E00E3E6324BE75C002F00D1FE
:1081F400F4E60233E25C002A00D001E13E00EDE641
:108204003933FF33E75C002F00D1CBE60233E25C65
:10821400002A00D0EBE03E00C4E63833E65C002ED2
:1082240000D1AAE60233E25C002A00D1A5E62000D0
:1082340000222030E25400F04DFA9EE6B933FF33B9
:10824400E75C002F00D1B9E60233E25C002A00D0DB
:10825400C4E03E00B2E6184BE75C002F00D1C7E64D
:108264000233E25C002A00D0B0E03E00C0E6C04623
:108274000000115000400540D41C0020CC1C0020FC
:108284003B0200007B020000BB020000FB02000076
:108294003B0300007B030000BB030000FB03000062
:1082A4003B2100200030115010000200000010504B
:1082B400002011507A020000FA0200006B4BE75CC8
:1082C400002F00D185E60233E25C002A76D13E001D
:1082D4007FE6674BE75C002F00D184E60233E25C63
:1082E400002A63D13E007EE6624BE75C002F00D19A
:1082F40088E60233E25C002A00D0A3E05E4BE35C34
:10830400022B30D15D4BE35C002B27D15C4BE35C4B
:10831400022B00D08BE63E005A4BE35C002B00D1CD
:108324007AE6FF239B00E25C002A00D17FE600226C
:10833400E2541C3BE01800F0CDF978E6524BE75CC0
:10834400002F00D159E60233E25C002A16D13E0028
:1083540053E64A4BE35C002B00D158E6EF239B0025
:10836400E25C002A75D1464BE35C022B00D05EE64A
:10837400444BE35C002B00D159E6D2E70022E254DF
:108384001C3BE01800F0A6F93E0036E6200000226F
:10839400A030E2543E0000F09DF9F8E520000022F0
:1083A4006030E2543E0000F095F9EBE50022E2541F
:1083B4001C3BE01800F08EF93E0014E60022E25463
:1083C4001C3BE01800F086F93E0002E60022E2546D
:1083D4001C3BE01800F07EF93E0009E62000002274
:1083E400A130FF30E2543E0000F074F9E6E52000CD
:1083F40000222130FF30E2543E0000F06BF9D1E559
:108404000022E2541C3BE01800F064F93E00E5E56C
:10841400200000226130FF30E2543E0000F05AF99F
:10842400C6E520000022E130FF30E2543E0000F0B7
:1084340051F9C9E520000022E030E2543E0000F08A
:1084440049F9A9E50022E2541C3BE01800F042F986
:1084540054E70022E2541C3BE01800F03BF982E7A9
:1084640031000A48694000F087FAC0463A02000029
:10847400BA0200007A030000BB030000BA03000044
:10848400FB030000FA0300003A030000CC7500105F
:10849400F0B5C64600B50200838A008B8C46011CE9
:1084A400984200D9191CD47880252000461EB0417A
:1084B40089B2ED000D434003284301256C405B1A4B
:1084C400D47054789BB29382002C31D16446D56821
:1084D400A4014E1E2D19B0461469002923D0062E7E
:1084E40032D92B0023439B072ED1631CEB1A022B9A
:1084F4002AD900238F08BF00E658EE5004339F4268
:10850400FAD14346ED19DB1BE419B94209D02678A8
:108514002E70002B05D066786E70012B01D0A378E5
:10852400AB701469938A6418146180221202104398
:10853400002B02D18023DB0118436346002B00D0BB
:10854400000480BCB846F0BD0023E65CEE54013361
:108554009942FAD1E5E7C0468368F0B51A68040089
:10856400002900D0120C63789205900D002B08D1DD
:10857400E38AC318E382238B834201D90023A382B5
:10858400F0BDE368890125695E18471E002822D0E2
:10859400062F26D901315B18EB1A022B21D92B00A7
:1085A40033439B071DD10023120E9200F158E9506A
:1085B40004339A42FAD1BF1AAD18B618904209D0C2
:1085C40032782A70002F05D072786A70012F01D09A
:1085D400B278AA702569E38A2D18C318E38225614D
:1085E400C9E70022B35CAB5401329042FAD1256949
:1085F400F1E7C04610B50400836800211B68FFF74B
:10860400ABFF63681B685B0002D5238B834200D0F9
:1086140010BD01212000FFF79FFFF9E7084A03007E
:10862400126C0020920703D49A78D209012A00D050
:108634007047D87E023843425841C0B2F8E7C0467A
:108644000000115010B5FFF7E9FF00280CD00749CE
:10865400074B8C46074A9B6A126863449B1A0020A6
:10866400C6229A424041C0B210BDC046E0FCFFFFA2
:1086740000400540CC1C0020002383764361036145
:108684007047C04610B58368002901D01C6821409A
:10869400002A12D08024E400114322420DD01A682B
:1086A40022420CD1084A0A401A60084A126C920706
:1086B40003D40C23033BFDD28368196010BD817879
:1086C400034800F059F9C046FFFBFFFF00001150BA
:1086D400E0750010436870B50021802504001E6811
:1086E400FFF7D6FE124B6D011A6C0543A37892076F
:1086F4000ED55B060ED00F4B1E4080239B053343E3
:1087040062680021136020002A00FFF7BBFF70BDE0
:10871400DB09F0D0A38A002BEDD001212000FFF764
:10872400B7FEA023044ADB05324005431343E7E7C1
:1087340000001150FFFFFFAFFFFFFFDF70B5857E24
:108744000400002D14D0FFF755FFA38A002B01D19C
:10875400280070BD2000FFF775FF002803D0012317
:1087640000252377F4E72000FFF7B4FF0025EFE7A7
:108774008178014800F000F900760010F0B5CE468B
:10878400474680B5437805000E0085B0062B08D80F
:108794006C4A9B00D3589F466B4A13780133DBB273
:1087A40013706A4B1C686269EFF3108172B6136828
:1087B400002BFCD0BFF35F8FA1612000290000F0E3
:1087C400FBF86269A369BFF35F8F0021116083F333
:1087D4001088002804D105B0C0BCB946B046F0BD2D
:1087E40032006978287800F0DFF8F4E70121584B6B
:1087F4001A788A431A701A7801318A431A7000224F
:108804005A701A7802318A431A70CAE75149524F92
:10881400894652490024002388463A7812E04346A8
:108824001B6861015B18002B06D0DB69002B03D0A9
:108834006968287898473A780134E4B2511C2300D7
:10884400A14217DBA242EAD89B1A5B014B44ECE736
:108854003F4B1A78D207BED504211A780A431A70FE
:108864009FE73B4B1A78D207B5D504211A788A437F
:108874001A7096E7364F3B785B072BD504223B787A
:10888400002193433B706B460632981D00F0A4F818
:108894002B7801AC2370052363702C4B1B6898461E
:1088A4005A69EFF3108172B61368002BFCD0BFF342
:1088B4005F8F434640469961210000F07DF84346AE
:1088C4005A699B69BFF35F8F0021116083F310889D
:1088D400002831D1FB78DB0700D47CE76B460A2201
:1088E4000021981D00F078F82B7801AC2370032345
:1088F40063706B686360154B1D686A69EFF31081E0
:1089040072B61368002BFCD0BFF35F8FA9612800F7
:10891400210000F051F86A69AB69BFF35F8F002151
:10892400116083F31088002800D154E73200617885
:10893400207800F039F84EE732006178207800F0B2
:1089440033F8C7E7987A00103C210020D81700209C
:1089540080170020B47A00103A210020D01500209E
:108964007047C0460000000001B40248844601BCC0
:10897400604700BF5D12001001B40248844601BC88
:10898400604700BF9905001001B40248844601BC49
:10899400604700BF8D13001001B40248844601BC37
:1089A400604700BFB526001001B40248844601BCEC
:1089B400604700BF7D4F001001B40248844601BCEB
:1089C400604700BFDD69001001B40248844601BC61
:1089D400604700BF8D05001001B40248844601BC05
:1089E400604700BF8927001010000000000000004D
:1089F4000000010000000000000000000000020070
:108A0400000000000000000000000300000000005F
:108A1400000000000000FF000000000001B54868ED
:108A240001318E460047704609380149884701BD27
:108A3400C909001000000000000000000000000050
:108A44000000000000000000B01000200000000042
:108A5400503300004C330000543300005233000004
:108A64004D5300004D4300005334000043340000D4
:108A74003D470010F146001065460010DD4500102A
:108A84000000000000010000DC17002010000C00B2
:108A940000000000000000000000000000000000D2
:108AA40000000000FF00000000400440000000003F
:108AB40000000000010000000100000000000000B0
:108AC400000000000100000002000000030000009C
:108AD400040000000500000006000000070000007C
:108AE40008000000090000000A0000000B0000005C
:0C8AF400CC150020000000000000000075
:04000005100001E9FD
:00000001FF
