
/home/nw1728/Pico-Motor-Driver-code/c/build/main.elf:     file format elf32-littlearm

Sections:
Idx Name          Size      VMA       LMA       File off  Algn
  0 .boot2        00000100  10000000  10000000  00001000  2**0
                  CONTENTS, ALLOC, LOAD, READONLY, CODE
  1 .text         00007360  10000100  10000100  00001100  2**3
                  CONTENTS, ALLOC, LOAD, READONLY, CODE
  2 .rodata       00000694  10007460  10007460  00008460  2**3
                  CONTENTS, ALLOC, LOAD, READONLY, DATA
  3 .binary_info  00000020  10007af4  10007af4  00008af4  2**2
                  CONTENTS, ALLOC, LOAD, READONLY, DATA
  4 .ram_vector_table 000000c0  20000000  20000000  0000b000  2**2
                  ALLOC
  5 .uninitialized_data 00000000  200000c0  200000c0  0000a0ac  2**0
                  CONTENTS
  6 .data         00000fec  200000c0  10007b14  000090c0  2**4
                  CONTENTS, ALLOC, LOAD, READONLY, CODE
  7 .tdata        00000000  200010ac  200010ac  0000a0ac  2**0
                  CONTENTS, ALLOC, LOAD, DATA, THREAD_LOCAL
  8 .tbss         00000000  200010ac  200010ac  00000000  2**0
                  ALLOC, THREAD_LOCAL
  9 .bss          00001094  200010b0  10008b00  0000a0b0  2**3
                  ALLOC
 10 .heap         00000800  20002144  20002144  0000a0ac  2**2
                  CONTENTS, READONLY
 11 .scratch_x    00000000  20040000  20040000  0000a8ac  2**0
                  CONTENTS
 12 .scratch_y    00000000  20041000  20041000  0000a8ac  2**0
                  CONTENTS
 13 .stack_dummy  00000800  20041000  20041000  0000a8c0  2**5
                  CONTENTS, READONLY
 14 .ARM.attributes 00000028  00000000  00000000  0000b0c0  2**0
                  CONTENTS, READONLY
 15 .comment      0000001e  00000000  00000000  0000b0e8  2**0
                  CONTENTS, READONLY
 16 .debug_info   00039acb  00000000  00000000  0000b106  2**0
                  CONTENTS, READONLY, DEBUGGING, OCTETS
 17 .debug_abbrev 00009dea  00000000  00000000  00044bd1  2**0
                  CONTENTS, READONLY, DEBUGGING, OCTETS
 18 .debug_loclists 000210df  00000000  00000000  0004e9bb  2**0
                  CONTENTS, READONLY, DEBUGGING, OCTETS
 19 .debug_aranges 00001a50  00000000  00000000  0006faa0  2**3
                  CONTENTS, READONLY, DEBUGGING, OCTETS
 20 .debug_rnglists 00004ed3  00000000  00000000  000714f0  2**0
                  CONTENTS, READONLY, DEBUGGING, OCTETS
 21 .debug_line   00026cf3  00000000  00000000  000763c3  2**0
                  CONTENTS, READONLY, DEBUGGING, OCTETS
 22 .debug_str    000095c0  00000000  00000000  0009d0b6  2**0
                  CONTENTS, READONLY, DEBUGGING, OCTETS
 23 .debug_frame  00003918  00000000  00000000  000a6678  2**2
                  CONTENTS, READONLY, DEBUGGING, OCTETS
 24 .debug_line_str 000002bd  00000000  00000000  000a9f90  2**0
                  CONTENTS, READONLY, DEBUGGING, OCTETS

/home/nw1728/Pico-Motor-Driver-code/c/build/main.elf:     file format elf32-littlearm


Disassembly of section .boot2:

10000000 <__boot2_start__>:
10000000:	4b32b500 	.word	0x4b32b500
10000004:	60582021 	.word	0x60582021
10000008:	21026898 	.word	0x21026898
1000000c:	60984388 	.word	0x60984388
10000010:	611860d8 	.word	0x611860d8
10000014:	4b2e6158 	.word	0x4b2e6158
10000018:	60992100 	.word	0x60992100
1000001c:	61592102 	.word	0x61592102
10000020:	22f02101 	.word	0x22f02101
10000024:	492b5099 	.word	0x492b5099
10000028:	21016019 	.word	0x21016019
1000002c:	20356099 	.word	0x20356099
10000030:	f844f000 	.word	0xf844f000
10000034:	42902202 	.word	0x42902202
10000038:	2106d014 	.word	0x2106d014
1000003c:	f0006619 	.word	0xf0006619
10000040:	6e19f834 	.word	0x6e19f834
10000044:	66192101 	.word	0x66192101
10000048:	66182000 	.word	0x66182000
1000004c:	f000661a 	.word	0xf000661a
10000050:	6e19f82c 	.word	0x6e19f82c
10000054:	6e196e19 	.word	0x6e196e19
10000058:	f0002005 	.word	0xf0002005
1000005c:	2101f82f 	.word	0x2101f82f
10000060:	d1f94208 	.word	0xd1f94208
10000064:	60992100 	.word	0x60992100
10000068:	6019491b 	.word	0x6019491b
1000006c:	60592100 	.word	0x60592100
10000070:	481b491a 	.word	0x481b491a
10000074:	21016001 	.word	0x21016001
10000078:	21eb6099 	.word	0x21eb6099
1000007c:	21a06619 	.word	0x21a06619
10000080:	f0006619 	.word	0xf0006619
10000084:	2100f812 	.word	0x2100f812
10000088:	49166099 	.word	0x49166099
1000008c:	60014814 	.word	0x60014814
10000090:	60992101 	.word	0x60992101
10000094:	2800bc01 	.word	0x2800bc01
10000098:	4700d000 	.word	0x4700d000
1000009c:	49134812 	.word	0x49134812
100000a0:	c8036008 	.word	0xc8036008
100000a4:	8808f380 	.word	0x8808f380
100000a8:	b5034708 	.word	0xb5034708
100000ac:	20046a99 	.word	0x20046a99
100000b0:	d0fb4201 	.word	0xd0fb4201
100000b4:	42012001 	.word	0x42012001
100000b8:	bd03d1f8 	.word	0xbd03d1f8
100000bc:	6618b502 	.word	0x6618b502
100000c0:	f7ff6618 	.word	0xf7ff6618
100000c4:	6e18fff2 	.word	0x6e18fff2
100000c8:	bd026e18 	.word	0xbd026e18
100000cc:	40020000 	.word	0x40020000
100000d0:	18000000 	.word	0x18000000
100000d4:	00070000 	.word	0x00070000
100000d8:	005f0300 	.word	0x005f0300
100000dc:	00002221 	.word	0x00002221
100000e0:	180000f4 	.word	0x180000f4
100000e4:	a0002022 	.word	0xa0002022
100000e8:	10000100 	.word	0x10000100
100000ec:	e000ed08 	.word	0xe000ed08
	...
100000fc:	7a4eb274 	.word	0x7a4eb274

Disassembly of section .text:

10000100 <__VECTOR_TABLE>:
10000100:	20042000 	.word	0x20042000
10000104:	100001f7 	.word	0x100001f7
10000108:	100001c3 	.word	0x100001c3
1000010c:	100001c5 	.word	0x100001c5
10000110:	100001c1 	.word	0x100001c1
10000114:	100001c1 	.word	0x100001c1
10000118:	100001c1 	.word	0x100001c1
1000011c:	100001c1 	.word	0x100001c1
10000120:	100001c1 	.word	0x100001c1
10000124:	100001c1 	.word	0x100001c1
10000128:	100001c1 	.word	0x100001c1
1000012c:	100001c7 	.word	0x100001c7
10000130:	100001c1 	.word	0x100001c1
10000134:	100001c1 	.word	0x100001c1
10000138:	100001c9 	.word	0x100001c9
1000013c:	100001cb 	.word	0x100001cb
10000140:	100001cd 	.word	0x100001cd
10000144:	100001cd 	.word	0x100001cd
10000148:	100001cd 	.word	0x100001cd
1000014c:	100001cd 	.word	0x100001cd
10000150:	100001cd 	.word	0x100001cd
10000154:	100001cd 	.word	0x100001cd
10000158:	100001cd 	.word	0x100001cd
1000015c:	100001cd 	.word	0x100001cd
10000160:	100001cd 	.word	0x100001cd
10000164:	100001cd 	.word	0x100001cd
10000168:	100001cd 	.word	0x100001cd
1000016c:	100001cd 	.word	0x100001cd
10000170:	100001cd 	.word	0x100001cd
10000174:	100001cd 	.word	0x100001cd
10000178:	100001cd 	.word	0x100001cd
1000017c:	100001cd 	.word	0x100001cd
10000180:	100001cd 	.word	0x100001cd
10000184:	100001cd 	.word	0x100001cd
10000188:	100001cd 	.word	0x100001cd
1000018c:	100001cd 	.word	0x100001cd
10000190:	100001cd 	.word	0x100001cd
10000194:	100001cd 	.word	0x100001cd
10000198:	100001cd 	.word	0x100001cd
1000019c:	100001cd 	.word	0x100001cd
100001a0:	100001cd 	.word	0x100001cd
100001a4:	100001cd 	.word	0x100001cd
100001a8:	100001cd 	.word	0x100001cd
100001ac:	100001cd 	.word	0x100001cd
100001b0:	100001cd 	.word	0x100001cd
100001b4:	100001cd 	.word	0x100001cd
100001b8:	100001cd 	.word	0x100001cd
100001bc:	100001cd 	.word	0x100001cd

100001c0 <isr_invalid>:
100001c0:	be00      	bkpt	0x0000

100001c2 <isr_nmi>:
100001c2:	be00      	bkpt	0x0000

100001c4 <isr_hardfault>:
100001c4:	be00      	bkpt	0x0000

100001c6 <isr_svcall>:
100001c6:	be00      	bkpt	0x0000

100001c8 <isr_pendsv>:
100001c8:	be00      	bkpt	0x0000

100001ca <isr_systick>:
100001ca:	be00      	bkpt	0x0000

100001cc <__unhandled_user_irq>:
100001cc:	f3ef 8005 	mrs	r0, IPSR
100001d0:	3810      	subs	r0, #16

100001d2 <unhandled_user_irq_num_in_r0>:
100001d2:	be00      	bkpt	0x0000

100001d4 <binary_info_header>:
100001d4:	7188ebf2 	.word	0x7188ebf2
100001d8:	10007af4 	.word	0x10007af4
100001dc:	10007b14 	.word	0x10007b14
100001e0:	10000238 	.word	0x10000238
100001e4:	e71aa390 	.word	0xe71aa390

100001e8 <_entry_point>:
100001e8:	481e      	ldr	r0, [pc, #120]	@ (10000264 <data_cpy_table+0x2c>)

100001ea <_enter_vtable_in_r0>:
100001ea:	491f      	ldr	r1, [pc, #124]	@ (10000268 <data_cpy_table+0x30>)
100001ec:	6008      	str	r0, [r1, #0]
100001ee:	c806      	ldmia	r0!, {r1, r2}
100001f0:	f381 8808 	msr	MSP, r1
100001f4:	4710      	bx	r2

100001f6 <_reset_handler>:
100001f6:	481d      	ldr	r0, [pc, #116]	@ (1000026c <data_cpy_table+0x34>)
100001f8:	6800      	ldr	r0, [r0, #0]
100001fa:	2800      	cmp	r0, #0
100001fc:	d001      	beq.n	10000202 <hold_non_core0_in_bootrom+0x4>

100001fe <hold_non_core0_in_bootrom>:
100001fe:	4819      	ldr	r0, [pc, #100]	@ (10000264 <data_cpy_table+0x2c>)
10000200:	e7f3      	b.n	100001ea <_enter_vtable_in_r0>
10000202:	a40d      	add	r4, pc, #52	@ (adr r4, 10000238 <data_cpy_table>)
10000204:	cc0e      	ldmia	r4!, {r1, r2, r3}
10000206:	2900      	cmp	r1, #0
10000208:	d002      	beq.n	10000210 <hold_non_core0_in_bootrom+0x12>
1000020a:	f000 f812 	bl	10000232 <data_cpy>
1000020e:	e7f9      	b.n	10000204 <hold_non_core0_in_bootrom+0x6>
10000210:	4917      	ldr	r1, [pc, #92]	@ (10000270 <data_cpy_table+0x38>)
10000212:	4a18      	ldr	r2, [pc, #96]	@ (10000274 <data_cpy_table+0x3c>)
10000214:	2000      	movs	r0, #0
10000216:	e000      	b.n	1000021a <bss_fill_test>

10000218 <bss_fill_loop>:
10000218:	c101      	stmia	r1!, {r0}

1000021a <bss_fill_test>:
1000021a:	4291      	cmp	r1, r2
1000021c:	d1fc      	bne.n	10000218 <bss_fill_loop>

1000021e <platform_entry>:
1000021e:	4916      	ldr	r1, [pc, #88]	@ (10000278 <data_cpy_table+0x40>)
10000220:	4788      	blx	r1
10000222:	4916      	ldr	r1, [pc, #88]	@ (1000027c <data_cpy_table+0x44>)
10000224:	4788      	blx	r1
10000226:	4916      	ldr	r1, [pc, #88]	@ (10000280 <data_cpy_table+0x48>)
10000228:	4788      	blx	r1
1000022a:	be00      	bkpt	0x0000
1000022c:	e7fd      	b.n	1000022a <platform_entry+0xc>

1000022e <data_cpy_loop>:
1000022e:	c901      	ldmia	r1!, {r0}
10000230:	c201      	stmia	r2!, {r0}

10000232 <data_cpy>:
10000232:	429a      	cmp	r2, r3
10000234:	d3fb      	bcc.n	1000022e <data_cpy_loop>
10000236:	4770      	bx	lr

10000238 <data_cpy_table>:
10000238:	10007b14 	.word	0x10007b14
1000023c:	200000c0 	.word	0x200000c0
10000240:	200010ac 	.word	0x200010ac
10000244:	10008b00 	.word	0x10008b00
10000248:	20040000 	.word	0x20040000
1000024c:	20040000 	.word	0x20040000
10000250:	10008b00 	.word	0x10008b00
10000254:	20041000 	.word	0x20041000
10000258:	20041000 	.word	0x20041000
1000025c:	00000000 	.word	0x00000000
10000260:	4770      	bx	lr
10000262:	0000      	.short	0x0000
10000264:	00000000 	.word	0x00000000
10000268:	e000ed08 	.word	0xe000ed08
1000026c:	d0000000 	.word	0xd0000000
10000270:	200010ac 	.word	0x200010ac
10000274:	20002144 	.word	0x20002144
10000278:	100040a1 	.word	0x100040a1
1000027c:	1000041d 	.word	0x1000041d
10000280:	10004099 	.word	0x10004099

10000284 <_init>:
10000284:	b5f8      	push	{r3, r4, r5, r6, r7, lr}
10000286:	46c0      	nop			@ (mov r8, r8)

10000288 <frame_dummy>:
10000288:	4b04      	ldr	r3, [pc, #16]	@ (1000029c <frame_dummy+0x14>)
1000028a:	b510      	push	{r4, lr}
1000028c:	2b00      	cmp	r3, #0
1000028e:	d003      	beq.n	10000298 <frame_dummy+0x10>
10000290:	4903      	ldr	r1, [pc, #12]	@ (100002a0 <frame_dummy+0x18>)
10000292:	4804      	ldr	r0, [pc, #16]	@ (100002a4 <frame_dummy+0x1c>)
10000294:	e000      	b.n	10000298 <frame_dummy+0x10>
10000296:	bf00      	nop
10000298:	bd10      	pop	{r4, pc}
1000029a:	46c0      	nop			@ (mov r8, r8)
1000029c:	00000000 	.word	0x00000000
100002a0:	200020e0 	.word	0x200020e0
100002a4:	10007460 	.word	0x10007460

100002a8 <Motor>:
100002a8:	b570      	push	{r4, r5, r6, lr}
100002aa:	000c      	movs	r4, r1
100002ac:	280c      	cmp	r0, #12
100002ae:	d900      	bls.n	100002b2 <Motor+0xa>
100002b0:	e0a5      	b.n	100003fe <Motor+0x156>
100002b2:	4b59      	ldr	r3, [pc, #356]	@ (10000418 <Motor+0x170>)
100002b4:	0080      	lsls	r0, r0, #2
100002b6:	581b      	ldr	r3, [r3, r0]
100002b8:	469f      	mov	pc, r3
100002ba:	000a      	movs	r2, r1
100002bc:	2000      	movs	r0, #0
100002be:	2100      	movs	r1, #0
100002c0:	f006 feb0 	bl	10007024 <Motor_Run>
100002c4:	0022      	movs	r2, r4
100002c6:	2100      	movs	r1, #0
100002c8:	2001      	movs	r0, #1
100002ca:	f006 feab 	bl	10007024 <Motor_Run>
100002ce:	0022      	movs	r2, r4
100002d0:	2101      	movs	r1, #1
100002d2:	2002      	movs	r0, #2
100002d4:	f006 fea6 	bl	10007024 <Motor_Run>
100002d8:	0022      	movs	r2, r4
100002da:	2101      	movs	r1, #1
100002dc:	2003      	movs	r0, #3
100002de:	f006 fea1 	bl	10007024 <Motor_Run>
100002e2:	e013      	b.n	1000030c <Motor+0x64>
100002e4:	000a      	movs	r2, r1
100002e6:	2000      	movs	r0, #0
100002e8:	2101      	movs	r1, #1
100002ea:	f006 fe9b 	bl	10007024 <Motor_Run>
100002ee:	0022      	movs	r2, r4
100002f0:	2101      	movs	r1, #1
100002f2:	2001      	movs	r0, #1
100002f4:	f006 fe96 	bl	10007024 <Motor_Run>
100002f8:	0022      	movs	r2, r4
100002fa:	2100      	movs	r1, #0
100002fc:	2002      	movs	r0, #2
100002fe:	f006 fe91 	bl	10007024 <Motor_Run>
10000302:	0022      	movs	r2, r4
10000304:	2100      	movs	r1, #0
10000306:	2003      	movs	r0, #3
10000308:	f006 fe8c 	bl	10007024 <Motor_Run>
1000030c:	bd70      	pop	{r4, r5, r6, pc}
1000030e:	000a      	movs	r2, r1
10000310:	2000      	movs	r0, #0
10000312:	2101      	movs	r1, #1
10000314:	f006 fe86 	bl	10007024 <Motor_Run>
10000318:	0022      	movs	r2, r4
1000031a:	2101      	movs	r1, #1
1000031c:	2001      	movs	r0, #1
1000031e:	f006 fe81 	bl	10007024 <Motor_Run>
10000322:	0022      	movs	r2, r4
10000324:	e7d4      	b.n	100002d0 <Motor+0x28>
10000326:	084d      	lsrs	r5, r1, #1
10000328:	002a      	movs	r2, r5
1000032a:	2100      	movs	r1, #0
1000032c:	2000      	movs	r0, #0
1000032e:	f006 fe79 	bl	10007024 <Motor_Run>
10000332:	0022      	movs	r2, r4
10000334:	2100      	movs	r1, #0
10000336:	2001      	movs	r0, #1
10000338:	f006 fe74 	bl	10007024 <Motor_Run>
1000033c:	0022      	movs	r2, r4
1000033e:	2100      	movs	r1, #0
10000340:	2002      	movs	r0, #2
10000342:	f006 fe6f 	bl	10007024 <Motor_Run>
10000346:	002a      	movs	r2, r5
10000348:	2100      	movs	r1, #0
1000034a:	2003      	movs	r0, #3
1000034c:	f006 fe6a 	bl	10007024 <Motor_Run>
10000350:	e7dc      	b.n	1000030c <Motor+0x64>
10000352:	000a      	movs	r2, r1
10000354:	2000      	movs	r0, #0
10000356:	2101      	movs	r1, #1
10000358:	f006 fe64 	bl	10007024 <Motor_Run>
1000035c:	0022      	movs	r2, r4
1000035e:	2100      	movs	r1, #0
10000360:	2001      	movs	r0, #1
10000362:	f006 fe5f 	bl	10007024 <Motor_Run>
10000366:	0022      	movs	r2, r4
10000368:	2101      	movs	r1, #1
1000036a:	e7c7      	b.n	100002fc <Motor+0x54>
1000036c:	000a      	movs	r2, r1
1000036e:	2000      	movs	r0, #0
10000370:	2100      	movs	r1, #0
10000372:	f006 fe57 	bl	10007024 <Motor_Run>
10000376:	0022      	movs	r2, r4
10000378:	2100      	movs	r1, #0
1000037a:	2001      	movs	r0, #1
1000037c:	f006 fe52 	bl	10007024 <Motor_Run>
10000380:	0022      	movs	r2, r4
10000382:	e7ba      	b.n	100002fa <Motor+0x52>
10000384:	084d      	lsrs	r5, r1, #1
10000386:	002a      	movs	r2, r5
10000388:	2101      	movs	r1, #1
1000038a:	2000      	movs	r0, #0
1000038c:	f006 fe4a 	bl	10007024 <Motor_Run>
10000390:	0022      	movs	r2, r4
10000392:	2101      	movs	r1, #1
10000394:	2001      	movs	r0, #1
10000396:	f006 fe45 	bl	10007024 <Motor_Run>
1000039a:	0022      	movs	r2, r4
1000039c:	2101      	movs	r1, #1
1000039e:	2002      	movs	r0, #2
100003a0:	f006 fe40 	bl	10007024 <Motor_Run>
100003a4:	002a      	movs	r2, r5
100003a6:	2101      	movs	r1, #1
100003a8:	2003      	movs	r0, #3
100003aa:	f006 fe3b 	bl	10007024 <Motor_Run>
100003ae:	e7ad      	b.n	1000030c <Motor+0x64>
100003b0:	000a      	movs	r2, r1
100003b2:	2000      	movs	r0, #0
100003b4:	2100      	movs	r1, #0
100003b6:	0865      	lsrs	r5, r4, #1
100003b8:	f006 fe34 	bl	10007024 <Motor_Run>
100003bc:	002a      	movs	r2, r5
100003be:	2100      	movs	r1, #0
100003c0:	2001      	movs	r0, #1
100003c2:	f006 fe2f 	bl	10007024 <Motor_Run>
100003c6:	002a      	movs	r2, r5
100003c8:	e797      	b.n	100002fa <Motor+0x52>
100003ca:	000a      	movs	r2, r1
100003cc:	2000      	movs	r0, #0
100003ce:	2101      	movs	r1, #1
100003d0:	0865      	lsrs	r5, r4, #1
100003d2:	f006 fe27 	bl	10007024 <Motor_Run>
100003d6:	002a      	movs	r2, r5
100003d8:	2101      	movs	r1, #1
100003da:	2001      	movs	r0, #1
100003dc:	f006 fe22 	bl	10007024 <Motor_Run>
100003e0:	002a      	movs	r2, r5
100003e2:	e775      	b.n	100002d0 <Motor+0x28>
100003e4:	000a      	movs	r2, r1
100003e6:	2000      	movs	r0, #0
100003e8:	2100      	movs	r1, #0
100003ea:	f006 fe1b 	bl	10007024 <Motor_Run>
100003ee:	0022      	movs	r2, r4
100003f0:	2101      	movs	r1, #1
100003f2:	2001      	movs	r0, #1
100003f4:	f006 fe16 	bl	10007024 <Motor_Run>
100003f8:	0022      	movs	r2, r4
100003fa:	2100      	movs	r1, #0
100003fc:	e769      	b.n	100002d2 <Motor+0x2a>
100003fe:	2000      	movs	r0, #0
10000400:	f006 fe30 	bl	10007064 <Motor_Stop>
10000404:	2001      	movs	r0, #1
10000406:	f006 fe2d 	bl	10007064 <Motor_Stop>
1000040a:	2002      	movs	r0, #2
1000040c:	f006 fe2a 	bl	10007064 <Motor_Stop>
10000410:	2003      	movs	r0, #3
10000412:	f006 fe27 	bl	10007064 <Motor_Stop>
10000416:	e779      	b.n	1000030c <Motor+0x64>
10000418:	10007460 	.word	0x10007460

1000041c <main>:
1000041c:	b510      	push	{r4, lr}
1000041e:	f003 ff7d 	bl	1000431c <stdio_init_all>
10000422:	f006 fdc3 	bl	10006fac <DEV_Module_Init>
10000426:	2301      	movs	r3, #1
10000428:	2800      	cmp	r0, #0
1000042a:	d176      	bne.n	1000051a <main+0xfe>
1000042c:	483c      	ldr	r0, [pc, #240]	@ (10000520 <main+0x104>)
1000042e:	f006 fdb9 	bl	10006fa4 <DEV_Delay_ms>
10000432:	483c      	ldr	r0, [pc, #240]	@ (10000524 <main+0x108>)
10000434:	f004 f844 	bl	100044c0 <__wrap_printf>
10000438:	f006 fdec 	bl	10007014 <Motor_Init>
1000043c:	483a      	ldr	r0, [pc, #232]	@ (10000528 <main+0x10c>)
1000043e:	f003 ffbb 	bl	100043b8 <__wrap_puts>
10000442:	483a      	ldr	r0, [pc, #232]	@ (1000052c <main+0x110>)
10000444:	f003 ffb8 	bl	100043b8 <__wrap_puts>
10000448:	2146      	movs	r1, #70	@ 0x46
1000044a:	2001      	movs	r0, #1
1000044c:	f7ff ff2c 	bl	100002a8 <Motor>
10000450:	20fa      	movs	r0, #250	@ 0xfa
10000452:	00c0      	lsls	r0, r0, #3
10000454:	f000 fe84 	bl	10001160 <sleep_ms>
10000458:	2146      	movs	r1, #70	@ 0x46
1000045a:	200b      	movs	r0, #11
1000045c:	f7ff ff24 	bl	100002a8 <Motor>
10000460:	20fa      	movs	r0, #250	@ 0xfa
10000462:	00c0      	lsls	r0, r0, #3
10000464:	f000 fe7c 	bl	10001160 <sleep_ms>
10000468:	2146      	movs	r1, #70	@ 0x46
1000046a:	200c      	movs	r0, #12
1000046c:	f7ff ff1c 	bl	100002a8 <Motor>
10000470:	20fa      	movs	r0, #250	@ 0xfa
10000472:	00c0      	lsls	r0, r0, #3
10000474:	f000 fe74 	bl	10001160 <sleep_ms>
10000478:	2146      	movs	r1, #70	@ 0x46
1000047a:	2002      	movs	r0, #2
1000047c:	f7ff ff14 	bl	100002a8 <Motor>
10000480:	20fa      	movs	r0, #250	@ 0xfa
10000482:	00c0      	lsls	r0, r0, #3
10000484:	f000 fe6c 	bl	10001160 <sleep_ms>
10000488:	2146      	movs	r1, #70	@ 0x46
1000048a:	2003      	movs	r0, #3
1000048c:	f7ff ff0c 	bl	100002a8 <Motor>
10000490:	20fa      	movs	r0, #250	@ 0xfa
10000492:	00c0      	lsls	r0, r0, #3
10000494:	f000 fe64 	bl	10001160 <sleep_ms>
10000498:	2146      	movs	r1, #70	@ 0x46
1000049a:	2004      	movs	r0, #4
1000049c:	f7ff ff04 	bl	100002a8 <Motor>
100004a0:	20fa      	movs	r0, #250	@ 0xfa
100004a2:	00c0      	lsls	r0, r0, #3
100004a4:	f000 fe5c 	bl	10001160 <sleep_ms>
100004a8:	2146      	movs	r1, #70	@ 0x46
100004aa:	2005      	movs	r0, #5
100004ac:	f7ff fefc 	bl	100002a8 <Motor>
100004b0:	20fa      	movs	r0, #250	@ 0xfa
100004b2:	00c0      	lsls	r0, r0, #3
100004b4:	f000 fe54 	bl	10001160 <sleep_ms>
100004b8:	2146      	movs	r1, #70	@ 0x46
100004ba:	2008      	movs	r0, #8
100004bc:	f7ff fef4 	bl	100002a8 <Motor>
100004c0:	20fa      	movs	r0, #250	@ 0xfa
100004c2:	00c0      	lsls	r0, r0, #3
100004c4:	f000 fe4c 	bl	10001160 <sleep_ms>
100004c8:	2146      	movs	r1, #70	@ 0x46
100004ca:	2006      	movs	r0, #6
100004cc:	f7ff feec 	bl	100002a8 <Motor>
100004d0:	20fa      	movs	r0, #250	@ 0xfa
100004d2:	00c0      	lsls	r0, r0, #3
100004d4:	f000 fe44 	bl	10001160 <sleep_ms>
100004d8:	2146      	movs	r1, #70	@ 0x46
100004da:	2007      	movs	r0, #7
100004dc:	f7ff fee4 	bl	100002a8 <Motor>
100004e0:	20fa      	movs	r0, #250	@ 0xfa
100004e2:	00c0      	lsls	r0, r0, #3
100004e4:	f000 fe3c 	bl	10001160 <sleep_ms>
100004e8:	2146      	movs	r1, #70	@ 0x46
100004ea:	200a      	movs	r0, #10
100004ec:	f7ff fedc 	bl	100002a8 <Motor>
100004f0:	20fa      	movs	r0, #250	@ 0xfa
100004f2:	00c0      	lsls	r0, r0, #3
100004f4:	f000 fe34 	bl	10001160 <sleep_ms>
100004f8:	2146      	movs	r1, #70	@ 0x46
100004fa:	2009      	movs	r0, #9
100004fc:	f7ff fed4 	bl	100002a8 <Motor>
10000500:	20fa      	movs	r0, #250	@ 0xfa
10000502:	00c0      	lsls	r0, r0, #3
10000504:	f000 fe2c 	bl	10001160 <sleep_ms>
10000508:	2100      	movs	r1, #0
1000050a:	0008      	movs	r0, r1
1000050c:	f7ff fecc 	bl	100002a8 <Motor>
10000510:	20fa      	movs	r0, #250	@ 0xfa
10000512:	00c0      	lsls	r0, r0, #3
10000514:	f000 fe24 	bl	10001160 <sleep_ms>
10000518:	2300      	movs	r3, #0
1000051a:	0018      	movs	r0, r3
1000051c:	bd10      	pop	{r4, pc}
1000051e:	46c0      	nop			@ (mov r8, r8)
10000520:	00000bb8 	.word	0x00000bb8
10000524:	10007494 	.word	0x10007494
10000528:	100074a4 	.word	0x100074a4
1000052c:	100074b0 	.word	0x100074b0

10000530 <gpio_set_function>:
10000530:	4a09      	ldr	r2, [pc, #36]	@ (10000558 <gpio_set_function+0x28>)
10000532:	0083      	lsls	r3, r0, #2
10000534:	189a      	adds	r2, r3, r2
10000536:	b510      	push	{r4, lr}
10000538:	6814      	ldr	r4, [r2, #0]
1000053a:	2240      	movs	r2, #64	@ 0x40
1000053c:	4054      	eors	r4, r2
1000053e:	3280      	adds	r2, #128	@ 0x80
10000540:	4022      	ands	r2, r4
10000542:	4c06      	ldr	r4, [pc, #24]	@ (1000055c <gpio_set_function+0x2c>)
10000544:	00c0      	lsls	r0, r0, #3
10000546:	46a4      	mov	ip, r4
10000548:	4463      	add	r3, ip
1000054a:	601a      	str	r2, [r3, #0]
1000054c:	4b04      	ldr	r3, [pc, #16]	@ (10000560 <gpio_set_function+0x30>)
1000054e:	469c      	mov	ip, r3
10000550:	4460      	add	r0, ip
10000552:	6041      	str	r1, [r0, #4]
10000554:	bd10      	pop	{r4, pc}
10000556:	46c0      	nop			@ (mov r8, r8)
10000558:	4001c004 	.word	0x4001c004
1000055c:	4001d004 	.word	0x4001d004
10000560:	40014000 	.word	0x40014000

10000564 <gpio_set_pulls>:
10000564:	4b07      	ldr	r3, [pc, #28]	@ (10000584 <gpio_set_pulls+0x20>)
10000566:	0080      	lsls	r0, r0, #2
10000568:	18c3      	adds	r3, r0, r3
1000056a:	681b      	ldr	r3, [r3, #0]
1000056c:	00c9      	lsls	r1, r1, #3
1000056e:	0092      	lsls	r2, r2, #2
10000570:	430a      	orrs	r2, r1
10000572:	405a      	eors	r2, r3
10000574:	230c      	movs	r3, #12
10000576:	4013      	ands	r3, r2
10000578:	4a03      	ldr	r2, [pc, #12]	@ (10000588 <gpio_set_pulls+0x24>)
1000057a:	4694      	mov	ip, r2
1000057c:	4460      	add	r0, ip
1000057e:	6003      	str	r3, [r0, #0]
10000580:	4770      	bx	lr
10000582:	46c0      	nop			@ (mov r8, r8)
10000584:	4001c004 	.word	0x4001c004
10000588:	4001d004 	.word	0x4001d004

1000058c <rp2040_chip_version>:
1000058c:	2380      	movs	r3, #128	@ 0x80
1000058e:	05db      	lsls	r3, r3, #23
10000590:	6818      	ldr	r0, [r3, #0]
10000592:	0f00      	lsrs	r0, r0, #28
10000594:	4770      	bx	lr
10000596:	46c0      	nop			@ (mov r8, r8)

10000598 <panic>:
10000598:	b40f      	push	{r0, r1, r2, r3}
1000059a:	b500      	push	{lr}
1000059c:	4808      	ldr	r0, [pc, #32]	@ (100005c0 <panic+0x28>)
1000059e:	b083      	sub	sp, #12
100005a0:	f003 ff0a 	bl	100043b8 <__wrap_puts>
100005a4:	9b04      	ldr	r3, [sp, #16]
100005a6:	2b00      	cmp	r3, #0
100005a8:	d007      	beq.n	100005ba <panic+0x22>
100005aa:	a905      	add	r1, sp, #20
100005ac:	0018      	movs	r0, r3
100005ae:	9101      	str	r1, [sp, #4]
100005b0:	f003 fd58 	bl	10004064 <weak_raw_vprintf>
100005b4:	4803      	ldr	r0, [pc, #12]	@ (100005c4 <panic+0x2c>)
100005b6:	f003 feff 	bl	100043b8 <__wrap_puts>
100005ba:	2001      	movs	r0, #1
100005bc:	f003 fd6a 	bl	10004094 <_exit>
100005c0:	100074bc 	.word	0x100074bc
100005c4:	100074cc 	.word	0x100074cc

100005c8 <hw_claim_or_assert>:
100005c8:	b570      	push	{r4, r5, r6, lr}
100005ca:	f3ef 8c10 	mrs	ip, PRIMASK
100005ce:	b672      	cpsid	i
100005d0:	4d0d      	ldr	r5, [pc, #52]	@ (10000608 <hw_claim_or_assert+0x40>)
100005d2:	682b      	ldr	r3, [r5, #0]
100005d4:	2b00      	cmp	r3, #0
100005d6:	d0fc      	beq.n	100005d2 <hw_claim_or_assert+0xa>
100005d8:	f3bf 8f5f 	dmb	sy
100005dc:	2407      	movs	r4, #7
100005de:	08cb      	lsrs	r3, r1, #3
100005e0:	18c6      	adds	r6, r0, r3
100005e2:	5cc0      	ldrb	r0, [r0, r3]
100005e4:	2301      	movs	r3, #1
100005e6:	400c      	ands	r4, r1
100005e8:	40a3      	lsls	r3, r4
100005ea:	001c      	movs	r4, r3
100005ec:	4004      	ands	r4, r0
100005ee:	4203      	tst	r3, r0
100005f0:	d107      	bne.n	10000602 <hw_claim_or_assert+0x3a>
100005f2:	4318      	orrs	r0, r3
100005f4:	7030      	strb	r0, [r6, #0]
100005f6:	f3bf 8f5f 	dmb	sy
100005fa:	602c      	str	r4, [r5, #0]
100005fc:	f38c 8810 	msr	PRIMASK, ip
10000600:	bd70      	pop	{r4, r5, r6, pc}
10000602:	0010      	movs	r0, r2
10000604:	f7ff ffc8 	bl	10000598 <panic>
10000608:	d000012c 	.word	0xd000012c

1000060c <hw_claim_unused_from_range>:
1000060c:	b5f8      	push	{r3, r4, r5, r6, r7, lr}
1000060e:	4647      	mov	r7, r8
10000610:	46ce      	mov	lr, r9
10000612:	4688      	mov	r8, r1
10000614:	b580      	push	{r7, lr}
10000616:	f3ef 8c10 	mrs	ip, PRIMASK
1000061a:	b672      	cpsid	i
1000061c:	4d1c      	ldr	r5, [pc, #112]	@ (10000690 <hw_claim_unused_from_range+0x84>)
1000061e:	682c      	ldr	r4, [r5, #0]
10000620:	2c00      	cmp	r4, #0
10000622:	d0fc      	beq.n	1000061e <hw_claim_unused_from_range+0x12>
10000624:	f3bf 8f5f 	dmb	sy
10000628:	429a      	cmp	r2, r3
1000062a:	d822      	bhi.n	10000672 <hw_claim_unused_from_range+0x66>
1000062c:	2107      	movs	r1, #7
1000062e:	2601      	movs	r6, #1
10000630:	4689      	mov	r9, r1
10000632:	e002      	b.n	1000063a <hw_claim_unused_from_range+0x2e>
10000634:	3201      	adds	r2, #1
10000636:	4293      	cmp	r3, r2
10000638:	d318      	bcc.n	1000066c <hw_claim_unused_from_range+0x60>
1000063a:	464d      	mov	r5, r9
1000063c:	0037      	movs	r7, r6
1000063e:	4015      	ands	r5, r2
10000640:	40af      	lsls	r7, r5
10000642:	08d4      	lsrs	r4, r2, #3
10000644:	1901      	adds	r1, r0, r4
10000646:	5d04      	ldrb	r4, [r0, r4]
10000648:	4227      	tst	r7, r4
1000064a:	d1f3      	bne.n	10000634 <hw_claim_unused_from_range+0x28>
1000064c:	0010      	movs	r0, r2
1000064e:	433c      	orrs	r4, r7
10000650:	700c      	strb	r4, [r1, #0]
10000652:	f3bf 8f5f 	dmb	sy
10000656:	2200      	movs	r2, #0
10000658:	4b0d      	ldr	r3, [pc, #52]	@ (10000690 <hw_claim_unused_from_range+0x84>)
1000065a:	601a      	str	r2, [r3, #0]
1000065c:	f38c 8810 	msr	PRIMASK, ip
10000660:	2800      	cmp	r0, #0
10000662:	db0e      	blt.n	10000682 <hw_claim_unused_from_range+0x76>
10000664:	bcc0      	pop	{r6, r7}
10000666:	46b9      	mov	r9, r7
10000668:	46b0      	mov	r8, r6
1000066a:	bdf8      	pop	{r3, r4, r5, r6, r7, pc}
1000066c:	2001      	movs	r0, #1
1000066e:	4240      	negs	r0, r0
10000670:	e7ef      	b.n	10000652 <hw_claim_unused_from_range+0x46>
10000672:	f3bf 8f5f 	dmb	sy
10000676:	2300      	movs	r3, #0
10000678:	602b      	str	r3, [r5, #0]
1000067a:	f38c 8810 	msr	PRIMASK, ip
1000067e:	2001      	movs	r0, #1
10000680:	4240      	negs	r0, r0
10000682:	4643      	mov	r3, r8
10000684:	2b00      	cmp	r3, #0
10000686:	d0ed      	beq.n	10000664 <hw_claim_unused_from_range+0x58>
10000688:	9808      	ldr	r0, [sp, #32]
1000068a:	f7ff ff85 	bl	10000598 <panic>
1000068e:	46c0      	nop			@ (mov r8, r8)
10000690:	d000012c 	.word	0xd000012c

10000694 <next_striped_spin_lock_num>:
10000694:	4a04      	ldr	r2, [pc, #16]	@ (100006a8 <next_striped_spin_lock_num+0x14>)
10000696:	7810      	ldrb	r0, [r2, #0]
10000698:	1c43      	adds	r3, r0, #1
1000069a:	b2db      	uxtb	r3, r3
1000069c:	2b17      	cmp	r3, #23
1000069e:	d900      	bls.n	100006a2 <next_striped_spin_lock_num+0xe>
100006a0:	2310      	movs	r3, #16
100006a2:	7013      	strb	r3, [r2, #0]
100006a4:	4770      	bx	lr
100006a6:	46c0      	nop			@ (mov r8, r8)
100006a8:	20000f98 	.word	0x20000f98

100006ac <spin_lock_claim_unused>:
100006ac:	b510      	push	{r4, lr}
100006ae:	4b06      	ldr	r3, [pc, #24]	@ (100006c8 <spin_lock_claim_unused+0x1c>)
100006b0:	4c06      	ldr	r4, [pc, #24]	@ (100006cc <spin_lock_claim_unused+0x20>)
100006b2:	b082      	sub	sp, #8
100006b4:	0001      	movs	r1, r0
100006b6:	9300      	str	r3, [sp, #0]
100006b8:	2218      	movs	r2, #24
100006ba:	231f      	movs	r3, #31
100006bc:	0020      	movs	r0, r4
100006be:	f7ff ffa5 	bl	1000060c <hw_claim_unused_from_range>
100006c2:	b002      	add	sp, #8
100006c4:	bd10      	pop	{r4, pc}
100006c6:	46c0      	nop			@ (mov r8, r8)
100006c8:	100074d0 	.word	0x100074d0
100006cc:	20001c70 	.word	0x20001c70

100006d0 <spin_locks_reset>:
100006d0:	2100      	movs	r1, #0
100006d2:	4b04      	ldr	r3, [pc, #16]	@ (100006e4 <spin_locks_reset+0x14>)
100006d4:	4a04      	ldr	r2, [pc, #16]	@ (100006e8 <spin_locks_reset+0x18>)
100006d6:	f3bf 8f5f 	dmb	sy
100006da:	c302      	stmia	r3!, {r1}
100006dc:	4293      	cmp	r3, r2
100006de:	d1fa      	bne.n	100006d6 <spin_locks_reset+0x6>
100006e0:	4770      	bx	lr
100006e2:	46c0      	nop			@ (mov r8, r8)
100006e4:	d0000100 	.word	0xd0000100
100006e8:	d0000180 	.word	0xd0000180

100006ec <runtime_init_per_core_irq_priorities>:
100006ec:	4b05      	ldr	r3, [pc, #20]	@ (10000704 <runtime_init_per_core_irq_priorities+0x18>)
100006ee:	4a06      	ldr	r2, [pc, #24]	@ (10000708 <runtime_init_per_core_irq_priorities+0x1c>)
100006f0:	6013      	str	r3, [r2, #0]
100006f2:	4a06      	ldr	r2, [pc, #24]	@ (1000070c <runtime_init_per_core_irq_priorities+0x20>)
100006f4:	6013      	str	r3, [r2, #0]
100006f6:	6053      	str	r3, [r2, #4]
100006f8:	6093      	str	r3, [r2, #8]
100006fa:	60d3      	str	r3, [r2, #12]
100006fc:	6113      	str	r3, [r2, #16]
100006fe:	6153      	str	r3, [r2, #20]
10000700:	6193      	str	r3, [r2, #24]
10000702:	4770      	bx	lr
10000704:	80808080 	.word	0x80808080
10000708:	e000e400 	.word	0xe000e400
1000070c:	e000e404 	.word	0xe000e404

10000710 <irq_set_enabled>:
10000710:	231f      	movs	r3, #31
10000712:	4018      	ands	r0, r3
10000714:	3b1e      	subs	r3, #30
10000716:	4083      	lsls	r3, r0
10000718:	2900      	cmp	r1, #0
1000071a:	d005      	beq.n	10000728 <irq_set_enabled+0x18>
1000071c:	21c0      	movs	r1, #192	@ 0xc0
1000071e:	4a04      	ldr	r2, [pc, #16]	@ (10000730 <irq_set_enabled+0x20>)
10000720:	0049      	lsls	r1, r1, #1
10000722:	5053      	str	r3, [r2, r1]
10000724:	6013      	str	r3, [r2, #0]
10000726:	4770      	bx	lr
10000728:	2280      	movs	r2, #128	@ 0x80
1000072a:	4901      	ldr	r1, [pc, #4]	@ (10000730 <irq_set_enabled+0x20>)
1000072c:	508b      	str	r3, [r1, r2]
1000072e:	e7fa      	b.n	10000726 <irq_set_enabled+0x16>
10000730:	e000e100 	.word	0xe000e100

10000734 <irq_is_enabled>:
10000734:	2201      	movs	r2, #1
10000736:	4082      	lsls	r2, r0
10000738:	4b03      	ldr	r3, [pc, #12]	@ (10000748 <irq_is_enabled+0x14>)
1000073a:	681b      	ldr	r3, [r3, #0]
1000073c:	4013      	ands	r3, r2
1000073e:	1e5a      	subs	r2, r3, #1
10000740:	4193      	sbcs	r3, r2
10000742:	b2d8      	uxtb	r0, r3
10000744:	4770      	bx	lr
10000746:	46c0      	nop			@ (mov r8, r8)
10000748:	e000e100 	.word	0xe000e100

1000074c <irq_set_pending>:
1000074c:	2301      	movs	r3, #1
1000074e:	4083      	lsls	r3, r0
10000750:	4a01      	ldr	r2, [pc, #4]	@ (10000758 <irq_set_pending+0xc>)
10000752:	6013      	str	r3, [r2, #0]
10000754:	4770      	bx	lr
10000756:	46c0      	nop			@ (mov r8, r8)
10000758:	e000e200 	.word	0xe000e200

1000075c <irq_has_shared_handler>:
1000075c:	4b06      	ldr	r3, [pc, #24]	@ (10000778 <irq_has_shared_handler+0x1c>)
1000075e:	3010      	adds	r0, #16
10000760:	689b      	ldr	r3, [r3, #8]
10000762:	0080      	lsls	r0, r0, #2
10000764:	58c3      	ldr	r3, [r0, r3]
10000766:	4a05      	ldr	r2, [pc, #20]	@ (1000077c <irq_has_shared_handler+0x20>)
10000768:	2000      	movs	r0, #0
1000076a:	1a9b      	subs	r3, r3, r2
1000076c:	222f      	movs	r2, #47	@ 0x2f
1000076e:	429a      	cmp	r2, r3
10000770:	4140      	adcs	r0, r0
10000772:	b2c0      	uxtb	r0, r0
10000774:	4770      	bx	lr
10000776:	46c0      	nop			@ (mov r8, r8)
10000778:	e000ed00 	.word	0xe000ed00
1000077c:	20000f9c 	.word	0x20000f9c

10000780 <irq_set_exclusive_handler>:
10000780:	b570      	push	{r4, r5, r6, lr}
10000782:	000d      	movs	r5, r1
10000784:	f3ef 8610 	mrs	r6, PRIMASK
10000788:	b672      	cpsid	i
1000078a:	4a0f      	ldr	r2, [pc, #60]	@ (100007c8 <irq_set_exclusive_handler+0x48>)
1000078c:	6813      	ldr	r3, [r2, #0]
1000078e:	2b00      	cmp	r3, #0
10000790:	d0fc      	beq.n	1000078c <irq_set_exclusive_handler+0xc>
10000792:	f3bf 8f5f 	dmb	sy
10000796:	4b0d      	ldr	r3, [pc, #52]	@ (100007cc <irq_set_exclusive_handler+0x4c>)
10000798:	3010      	adds	r0, #16
1000079a:	689b      	ldr	r3, [r3, #8]
1000079c:	0084      	lsls	r4, r0, #2
1000079e:	591b      	ldr	r3, [r3, r4]
100007a0:	4a0b      	ldr	r2, [pc, #44]	@ (100007d0 <irq_set_exclusive_handler+0x50>)
100007a2:	4293      	cmp	r3, r2
100007a4:	d003      	beq.n	100007ae <irq_set_exclusive_handler+0x2e>
100007a6:	429d      	cmp	r5, r3
100007a8:	d001      	beq.n	100007ae <irq_set_exclusive_handler+0x2e>
100007aa:	f000 ffff 	bl	100017ac <hard_assertion_failure>
100007ae:	4b07      	ldr	r3, [pc, #28]	@ (100007cc <irq_set_exclusive_handler+0x4c>)
100007b0:	689b      	ldr	r3, [r3, #8]
100007b2:	511d      	str	r5, [r3, r4]
100007b4:	f3bf 8f5f 	dmb	sy
100007b8:	f3bf 8f5f 	dmb	sy
100007bc:	2200      	movs	r2, #0
100007be:	4b02      	ldr	r3, [pc, #8]	@ (100007c8 <irq_set_exclusive_handler+0x48>)
100007c0:	601a      	str	r2, [r3, #0]
100007c2:	f386 8810 	msr	PRIMASK, r6
100007c6:	bd70      	pop	{r4, r5, r6, pc}
100007c8:	d0000124 	.word	0xd0000124
100007cc:	e000ed00 	.word	0xe000ed00
100007d0:	100001cd 	.word	0x100001cd

100007d4 <irq_add_shared_handler>:
100007d4:	b5f0      	push	{r4, r5, r6, r7, lr}
100007d6:	4657      	mov	r7, sl
100007d8:	464e      	mov	r6, r9
100007da:	46de      	mov	lr, fp
100007dc:	4645      	mov	r5, r8
100007de:	b5e0      	push	{r5, r6, r7, lr}
100007e0:	b085      	sub	sp, #20
100007e2:	0006      	movs	r6, r0
100007e4:	9100      	str	r1, [sp, #0]
100007e6:	0017      	movs	r7, r2
100007e8:	f3ef 8b10 	mrs	fp, PRIMASK
100007ec:	b672      	cpsid	i
100007ee:	4a6a      	ldr	r2, [pc, #424]	@ (10000998 <irq_add_shared_handler+0x1c4>)
100007f0:	6813      	ldr	r3, [r2, #0]
100007f2:	2b00      	cmp	r3, #0
100007f4:	d0fc      	beq.n	100007f0 <irq_add_shared_handler+0x1c>
100007f6:	f3bf 8f5f 	dmb	sy
100007fa:	2500      	movs	r5, #0
100007fc:	4b67      	ldr	r3, [pc, #412]	@ (1000099c <irq_add_shared_handler+0x1c8>)
100007fe:	575d      	ldrsb	r5, [r3, r5]
10000800:	469a      	mov	sl, r3
10000802:	2d00      	cmp	r5, #0
10000804:	da00      	bge.n	10000808 <irq_add_shared_handler+0x34>
10000806:	e0a9      	b.n	1000095c <irq_add_shared_handler+0x188>
10000808:	006b      	lsls	r3, r5, #1
1000080a:	4c65      	ldr	r4, [pc, #404]	@ (100009a0 <irq_add_shared_handler+0x1cc>)
1000080c:	9301      	str	r3, [sp, #4]
1000080e:	195b      	adds	r3, r3, r5
10000810:	009b      	lsls	r3, r3, #2
10000812:	4698      	mov	r8, r3
10000814:	46a1      	mov	r9, r4
10000816:	44c1      	add	r9, r8
10000818:	464b      	mov	r3, r9
1000081a:	4652      	mov	r2, sl
1000081c:	799b      	ldrb	r3, [r3, #6]
1000081e:	3610      	adds	r6, #16
10000820:	7013      	strb	r3, [r2, #0]
10000822:	4b60      	ldr	r3, [pc, #384]	@ (100009a4 <irq_add_shared_handler+0x1d0>)
10000824:	00b6      	lsls	r6, r6, #2
10000826:	689b      	ldr	r3, [r3, #8]
10000828:	5999      	ldr	r1, [r3, r6]
1000082a:	1b0b      	subs	r3, r1, r4
1000082c:	2b2f      	cmp	r3, #47	@ 0x2f
1000082e:	d933      	bls.n	10000898 <irq_add_shared_handler+0xc4>
10000830:	4b5d      	ldr	r3, [pc, #372]	@ (100009a8 <irq_add_shared_handler+0x1d4>)
10000832:	4299      	cmp	r1, r3
10000834:	d000      	beq.n	10000838 <irq_add_shared_handler+0x64>
10000836:	e0ac      	b.n	10000992 <irq_add_shared_handler+0x1be>
10000838:	9b01      	ldr	r3, [sp, #4]
1000083a:	4642      	mov	r2, r8
1000083c:	469c      	mov	ip, r3
1000083e:	4b5b      	ldr	r3, [pc, #364]	@ (100009ac <irq_add_shared_handler+0x1d8>)
10000840:	4465      	add	r5, ip
10000842:	00ad      	lsls	r5, r5, #2
10000844:	5363      	strh	r3, [r4, r5]
10000846:	4b5a      	ldr	r3, [pc, #360]	@ (100009b0 <irq_add_shared_handler+0x1dc>)
10000848:	3202      	adds	r2, #2
1000084a:	18a2      	adds	r2, r4, r2
1000084c:	3b04      	subs	r3, #4
1000084e:	1a9b      	subs	r3, r3, r2
10000850:	051b      	lsls	r3, r3, #20
10000852:	4a58      	ldr	r2, [pc, #352]	@ (100009b4 <irq_add_shared_handler+0x1e0>)
10000854:	0d5b      	lsrs	r3, r3, #21
10000856:	1965      	adds	r5, r4, r5
10000858:	4313      	orrs	r3, r2
1000085a:	806b      	strh	r3, [r5, #2]
1000085c:	4b56      	ldr	r3, [pc, #344]	@ (100009b8 <irq_add_shared_handler+0x1e4>)
1000085e:	2101      	movs	r1, #1
10000860:	80ab      	strh	r3, [r5, #4]
10000862:	23ff      	movs	r3, #255	@ 0xff
10000864:	71ab      	strb	r3, [r5, #6]
10000866:	9b00      	ldr	r3, [sp, #0]
10000868:	71ef      	strb	r7, [r5, #7]
1000086a:	60ab      	str	r3, [r5, #8]
1000086c:	464b      	mov	r3, r9
1000086e:	430b      	orrs	r3, r1
10000870:	0019      	movs	r1, r3
10000872:	4b4c      	ldr	r3, [pc, #304]	@ (100009a4 <irq_add_shared_handler+0x1d0>)
10000874:	689b      	ldr	r3, [r3, #8]
10000876:	5199      	str	r1, [r3, r6]
10000878:	f3bf 8f5f 	dmb	sy
1000087c:	f3bf 8f5f 	dmb	sy
10000880:	2200      	movs	r2, #0
10000882:	4b45      	ldr	r3, [pc, #276]	@ (10000998 <irq_add_shared_handler+0x1c4>)
10000884:	601a      	str	r2, [r3, #0]
10000886:	f38b 8810 	msr	PRIMASK, fp
1000088a:	b005      	add	sp, #20
1000088c:	bcf0      	pop	{r4, r5, r6, r7}
1000088e:	46bb      	mov	fp, r7
10000890:	46b2      	mov	sl, r6
10000892:	46a9      	mov	r9, r5
10000894:	46a0      	mov	r8, r4
10000896:	bdf0      	pop	{r4, r5, r6, r7, pc}
10000898:	2001      	movs	r0, #1
1000089a:	000a      	movs	r2, r1
1000089c:	4382      	bics	r2, r0
1000089e:	79d3      	ldrb	r3, [r2, #7]
100008a0:	468c      	mov	ip, r1
100008a2:	42bb      	cmp	r3, r7
100008a4:	d831      	bhi.n	1000090a <irq_add_shared_handler+0x136>
100008a6:	4645      	mov	r5, r8
100008a8:	0013      	movs	r3, r2
100008aa:	4944      	ldr	r1, [pc, #272]	@ (100009bc <irq_add_shared_handler+0x1e8>)
100008ac:	1b1b      	subs	r3, r3, r4
100008ae:	415b      	adcs	r3, r3
100008b0:	4359      	muls	r1, r3
100008b2:	0d09      	lsrs	r1, r1, #20
100008b4:	4b3d      	ldr	r3, [pc, #244]	@ (100009ac <irq_add_shared_handler+0x1d8>)
100008b6:	5363      	strh	r3, [r4, r5]
100008b8:	4b3d      	ldr	r3, [pc, #244]	@ (100009b0 <irq_add_shared_handler+0x1dc>)
100008ba:	3502      	adds	r5, #2
100008bc:	1965      	adds	r5, r4, r5
100008be:	3b04      	subs	r3, #4
100008c0:	1b5b      	subs	r3, r3, r5
100008c2:	051b      	lsls	r3, r3, #20
100008c4:	4d3b      	ldr	r5, [pc, #236]	@ (100009b4 <irq_add_shared_handler+0x1e0>)
100008c6:	0d5b      	lsrs	r3, r3, #21
100008c8:	432b      	orrs	r3, r5
100008ca:	46aa      	mov	sl, r5
100008cc:	464d      	mov	r5, r9
100008ce:	806b      	strh	r3, [r5, #2]
100008d0:	2504      	movs	r5, #4
100008d2:	46ac      	mov	ip, r5
100008d4:	4655      	mov	r5, sl
100008d6:	44e0      	add	r8, ip
100008d8:	1f13      	subs	r3, r2, #4
100008da:	4444      	add	r4, r8
100008dc:	1b1b      	subs	r3, r3, r4
100008de:	051b      	lsls	r3, r3, #20
100008e0:	0d5b      	lsrs	r3, r3, #21
100008e2:	431d      	orrs	r5, r3
100008e4:	464b      	mov	r3, r9
100008e6:	7199      	strb	r1, [r3, #6]
100008e8:	9900      	ldr	r1, [sp, #0]
100008ea:	809d      	strh	r5, [r3, #4]
100008ec:	6099      	str	r1, [r3, #8]
100008ee:	4649      	mov	r1, r9
100008f0:	71df      	strb	r7, [r3, #7]
100008f2:	4b33      	ldr	r3, [pc, #204]	@ (100009c0 <irq_add_shared_handler+0x1ec>)
100008f4:	4301      	orrs	r1, r0
100008f6:	6013      	str	r3, [r2, #0]
100008f8:	e7bb      	b.n	10000872 <irq_add_shared_handler+0x9e>
100008fa:	0058      	lsls	r0, r3, #1
100008fc:	18c0      	adds	r0, r0, r3
100008fe:	0080      	lsls	r0, r0, #2
10000900:	1820      	adds	r0, r4, r0
10000902:	79c1      	ldrb	r1, [r0, #7]
10000904:	42b9      	cmp	r1, r7
10000906:	d92f      	bls.n	10000968 <irq_add_shared_handler+0x194>
10000908:	0002      	movs	r2, r0
1000090a:	2306      	movs	r3, #6
1000090c:	56d3      	ldrsb	r3, [r2, r3]
1000090e:	2b00      	cmp	r3, #0
10000910:	daf3      	bge.n	100008fa <irq_add_shared_handler+0x126>
10000912:	9302      	str	r3, [sp, #8]
10000914:	4b2b      	ldr	r3, [pc, #172]	@ (100009c4 <irq_add_shared_handler+0x1f0>)
10000916:	4661      	mov	r1, ip
10000918:	9303      	str	r3, [sp, #12]
1000091a:	1d13      	adds	r3, r2, #4
1000091c:	469a      	mov	sl, r3
1000091e:	2304      	movs	r3, #4
10000920:	425b      	negs	r3, r3
10000922:	469c      	mov	ip, r3
10000924:	44e1      	add	r9, ip
10000926:	4650      	mov	r0, sl
10000928:	464b      	mov	r3, r9
1000092a:	1a1b      	subs	r3, r3, r0
1000092c:	051b      	lsls	r3, r3, #20
1000092e:	0d5b      	lsrs	r3, r3, #21
10000930:	469c      	mov	ip, r3
10000932:	4b20      	ldr	r3, [pc, #128]	@ (100009b4 <irq_add_shared_handler+0x1e0>)
10000934:	7195      	strb	r5, [r2, #6]
10000936:	4698      	mov	r8, r3
10000938:	4663      	mov	r3, ip
1000093a:	4640      	mov	r0, r8
1000093c:	4303      	orrs	r3, r0
1000093e:	8093      	strh	r3, [r2, #4]
10000940:	9b01      	ldr	r3, [sp, #4]
10000942:	195a      	adds	r2, r3, r5
10000944:	0092      	lsls	r2, r2, #2
10000946:	9b03      	ldr	r3, [sp, #12]
10000948:	18a4      	adds	r4, r4, r2
1000094a:	80a3      	strh	r3, [r4, #4]
1000094c:	9b02      	ldr	r3, [sp, #8]
1000094e:	4a1c      	ldr	r2, [pc, #112]	@ (100009c0 <irq_add_shared_handler+0x1ec>)
10000950:	71a3      	strb	r3, [r4, #6]
10000952:	9b00      	ldr	r3, [sp, #0]
10000954:	6022      	str	r2, [r4, #0]
10000956:	71e7      	strb	r7, [r4, #7]
10000958:	60a3      	str	r3, [r4, #8]
1000095a:	e78a      	b.n	10000872 <irq_add_shared_handler+0x9e>
1000095c:	f000 ff26 	bl	100017ac <hard_assertion_failure>
10000960:	2500      	movs	r5, #0
10000962:	4653      	mov	r3, sl
10000964:	575d      	ldrsb	r5, [r3, r5]
10000966:	e74f      	b.n	10000808 <irq_add_shared_handler+0x34>
10000968:	8890      	ldrh	r0, [r2, #4]
1000096a:	9302      	str	r3, [sp, #8]
1000096c:	0540      	lsls	r0, r0, #21
1000096e:	1d13      	adds	r3, r2, #4
10000970:	469a      	mov	sl, r3
10000972:	1503      	asrs	r3, r0, #20
10000974:	4661      	mov	r1, ip
10000976:	469c      	mov	ip, r3
10000978:	4640      	mov	r0, r8
1000097a:	44d4      	add	ip, sl
1000097c:	4663      	mov	r3, ip
1000097e:	3004      	adds	r0, #4
10000980:	1820      	adds	r0, r4, r0
10000982:	1a18      	subs	r0, r3, r0
10000984:	23e0      	movs	r3, #224	@ 0xe0
10000986:	0500      	lsls	r0, r0, #20
10000988:	0d40      	lsrs	r0, r0, #21
1000098a:	021b      	lsls	r3, r3, #8
1000098c:	4318      	orrs	r0, r3
1000098e:	9003      	str	r0, [sp, #12]
10000990:	e7c5      	b.n	1000091e <irq_add_shared_handler+0x14a>
10000992:	f000 ff0b 	bl	100017ac <hard_assertion_failure>
10000996:	e74f      	b.n	10000838 <irq_add_shared_handler+0x64>
10000998:	d0000124 	.word	0xd0000124
1000099c:	2000213e 	.word	0x2000213e
100009a0:	20000f9c 	.word	0x20000f9c
100009a4:	e000ed00 	.word	0xe000ed00
100009a8:	100001cd 	.word	0x100001cd
100009ac:	ffffa100 	.word	0xffffa100
100009b0:	20000fcc 	.word	0x20000fcc
100009b4:	ffffe000 	.word	0xffffe000
100009b8:	ffffbd01 	.word	0xffffbd01
100009bc:	0000aaaa 	.word	0x0000aaaa
100009c0:	47804801 	.word	0x47804801
100009c4:	0000bd01 	.word	0x0000bd01

100009c8 <irq_add_tail_to_free_list>:
100009c8:	b570      	push	{r4, r5, r6, lr}
100009ca:	2401      	movs	r4, #1
100009cc:	4304      	orrs	r4, r0
100009ce:	f3ef 8105 	mrs	r1, IPSR
100009d2:	f3ef 8c10 	mrs	ip, PRIMASK
100009d6:	b672      	cpsid	i
100009d8:	4a21      	ldr	r2, [pc, #132]	@ (10000a60 <irq_add_tail_to_free_list+0x98>)
100009da:	6813      	ldr	r3, [r2, #0]
100009dc:	2b00      	cmp	r3, #0
100009de:	d0fc      	beq.n	100009da <irq_add_tail_to_free_list+0x12>
100009e0:	f3bf 8f5f 	dmb	sy
100009e4:	4b1f      	ldr	r3, [pc, #124]	@ (10000a64 <irq_add_tail_to_free_list+0x9c>)
100009e6:	0005      	movs	r5, r0
100009e8:	4a1f      	ldr	r2, [pc, #124]	@ (10000a68 <irq_add_tail_to_free_list+0xa0>)
100009ea:	1aed      	subs	r5, r5, r3
100009ec:	416d      	adcs	r5, r5
100009ee:	436a      	muls	r2, r5
100009f0:	0d12      	lsrs	r2, r2, #20
100009f2:	4d1e      	ldr	r5, [pc, #120]	@ (10000a6c <irq_add_tail_to_free_list+0xa4>)
100009f4:	0089      	lsls	r1, r1, #2
100009f6:	68ae      	ldr	r6, [r5, #8]
100009f8:	b252      	sxtb	r2, r2
100009fa:	5876      	ldr	r6, [r6, r1]
100009fc:	42a6      	cmp	r6, r4
100009fe:	d01c      	beq.n	10000a3a <irq_add_tail_to_free_list+0x72>
10000a00:	2106      	movs	r1, #6
10000a02:	5659      	ldrsb	r1, [r3, r1]
10000a04:	4291      	cmp	r1, r2
10000a06:	d01c      	beq.n	10000a42 <irq_add_tail_to_free_list+0x7a>
10000a08:	2112      	movs	r1, #18
10000a0a:	5659      	ldrsb	r1, [r3, r1]
10000a0c:	4291      	cmp	r1, r2
10000a0e:	d022      	beq.n	10000a56 <irq_add_tail_to_free_list+0x8e>
10000a10:	211e      	movs	r1, #30
10000a12:	5659      	ldrsb	r1, [r3, r1]
10000a14:	4291      	cmp	r1, r2
10000a16:	d020      	beq.n	10000a5a <irq_add_tail_to_free_list+0x92>
10000a18:	212a      	movs	r1, #42	@ 0x2a
10000a1a:	5659      	ldrsb	r1, [r3, r1]
10000a1c:	2403      	movs	r4, #3
10000a1e:	4291      	cmp	r1, r2
10000a20:	d010      	beq.n	10000a44 <irq_add_tail_to_free_list+0x7c>
10000a22:	4b13      	ldr	r3, [pc, #76]	@ (10000a70 <irq_add_tail_to_free_list+0xa8>)
10000a24:	7819      	ldrb	r1, [r3, #0]
10000a26:	701a      	strb	r2, [r3, #0]
10000a28:	7181      	strb	r1, [r0, #6]
10000a2a:	f3bf 8f5f 	dmb	sy
10000a2e:	2200      	movs	r2, #0
10000a30:	4b0b      	ldr	r3, [pc, #44]	@ (10000a60 <irq_add_tail_to_free_list+0x98>)
10000a32:	601a      	str	r2, [r3, #0]
10000a34:	f38c 8810 	msr	PRIMASK, ip
10000a38:	bd70      	pop	{r4, r5, r6, pc}
10000a3a:	68ab      	ldr	r3, [r5, #8]
10000a3c:	4c0d      	ldr	r4, [pc, #52]	@ (10000a74 <irq_add_tail_to_free_list+0xac>)
10000a3e:	505c      	str	r4, [r3, r1]
10000a40:	e7ef      	b.n	10000a22 <irq_add_tail_to_free_list+0x5a>
10000a42:	2400      	movs	r4, #0
10000a44:	0061      	lsls	r1, r4, #1
10000a46:	1909      	adds	r1, r1, r4
10000a48:	0089      	lsls	r1, r1, #2
10000a4a:	185b      	adds	r3, r3, r1
10000a4c:	21ff      	movs	r1, #255	@ 0xff
10000a4e:	7199      	strb	r1, [r3, #6]
10000a50:	4909      	ldr	r1, [pc, #36]	@ (10000a78 <irq_add_tail_to_free_list+0xb0>)
10000a52:	8099      	strh	r1, [r3, #4]
10000a54:	e7e5      	b.n	10000a22 <irq_add_tail_to_free_list+0x5a>
10000a56:	2401      	movs	r4, #1
10000a58:	e7f4      	b.n	10000a44 <irq_add_tail_to_free_list+0x7c>
10000a5a:	2402      	movs	r4, #2
10000a5c:	e7f2      	b.n	10000a44 <irq_add_tail_to_free_list+0x7c>
10000a5e:	46c0      	nop			@ (mov r8, r8)
10000a60:	d0000124 	.word	0xd0000124
10000a64:	20000f9c 	.word	0x20000f9c
10000a68:	0000aaaa 	.word	0x0000aaaa
10000a6c:	e000ed00 	.word	0xe000ed00
10000a70:	2000213e 	.word	0x2000213e
10000a74:	100001cd 	.word	0x100001cd
10000a78:	ffffbd01 	.word	0xffffbd01

10000a7c <user_irq_claim_unused>:
10000a7c:	b510      	push	{r4, lr}
10000a7e:	4b08      	ldr	r3, [pc, #32]	@ (10000aa0 <user_irq_claim_unused+0x24>)
10000a80:	4c08      	ldr	r4, [pc, #32]	@ (10000aa4 <user_irq_claim_unused+0x28>)
10000a82:	b082      	sub	sp, #8
10000a84:	0001      	movs	r1, r0
10000a86:	9300      	str	r3, [sp, #0]
10000a88:	2200      	movs	r2, #0
10000a8a:	2305      	movs	r3, #5
10000a8c:	0020      	movs	r0, r4
10000a8e:	f7ff fdbd 	bl	1000060c <hw_claim_unused_from_range>
10000a92:	2800      	cmp	r0, #0
10000a94:	db01      	blt.n	10000a9a <user_irq_claim_unused+0x1e>
10000a96:	231f      	movs	r3, #31
10000a98:	1a18      	subs	r0, r3, r0
10000a9a:	b002      	add	sp, #8
10000a9c:	bd10      	pop	{r4, pc}
10000a9e:	46c0      	nop			@ (mov r8, r8)
10000aa0:	100074ec 	.word	0x100074ec
10000aa4:	20002142 	.word	0x20002142

10000aa8 <lock_init>:
10000aa8:	4b02      	ldr	r3, [pc, #8]	@ (10000ab4 <lock_init+0xc>)
10000aaa:	469c      	mov	ip, r3
10000aac:	4461      	add	r1, ip
10000aae:	0089      	lsls	r1, r1, #2
10000ab0:	6001      	str	r1, [r0, #0]
10000ab2:	4770      	bx	lr
10000ab4:	34000040 	.word	0x34000040

10000ab8 <runtime_init_mutex>:
10000ab8:	b570      	push	{r4, r5, r6, lr}
10000aba:	4c11      	ldr	r4, [pc, #68]	@ (10000b00 <runtime_init_mutex+0x48>)
10000abc:	4d11      	ldr	r5, [pc, #68]	@ (10000b04 <runtime_init_mutex+0x4c>)
10000abe:	42ac      	cmp	r4, r5
10000ac0:	d20f      	bcs.n	10000ae2 <runtime_init_mutex+0x2a>
10000ac2:	26ff      	movs	r6, #255	@ 0xff
10000ac4:	6823      	ldr	r3, [r4, #0]
10000ac6:	2b00      	cmp	r3, #0
10000ac8:	d00c      	beq.n	10000ae4 <runtime_init_mutex+0x2c>
10000aca:	f7ff fde3 	bl	10000694 <next_striped_spin_lock_num>
10000ace:	0001      	movs	r1, r0
10000ad0:	0020      	movs	r0, r4
10000ad2:	f7ff ffe9 	bl	10000aa8 <lock_init>
10000ad6:	80a6      	strh	r6, [r4, #4]
10000ad8:	f3bf 8f5f 	dmb	sy
10000adc:	3408      	adds	r4, #8
10000ade:	42ac      	cmp	r4, r5
10000ae0:	d3f0      	bcc.n	10000ac4 <runtime_init_mutex+0xc>
10000ae2:	bd70      	pop	{r4, r5, r6, pc}
10000ae4:	f7ff fdd6 	bl	10000694 <next_striped_spin_lock_num>
10000ae8:	0001      	movs	r1, r0
10000aea:	0020      	movs	r0, r4
10000aec:	f7ff ffdc 	bl	10000aa8 <lock_init>
10000af0:	7126      	strb	r6, [r4, #4]
10000af2:	f3bf 8f5f 	dmb	sy
10000af6:	3408      	adds	r4, #8
10000af8:	42ac      	cmp	r4, r5
10000afa:	d3e3      	bcc.n	10000ac4 <runtime_init_mutex+0xc>
10000afc:	e7f1      	b.n	10000ae2 <runtime_init_mutex+0x2a>
10000afe:	46c0      	nop			@ (mov r8, r8)
10000b00:	200010a4 	.word	0x200010a4
10000b04:	200010ac 	.word	0x200010ac

10000b08 <mutex_init>:
10000b08:	b510      	push	{r4, lr}
10000b0a:	0004      	movs	r4, r0
10000b0c:	f7ff fdc2 	bl	10000694 <next_striped_spin_lock_num>
10000b10:	0001      	movs	r1, r0
10000b12:	0020      	movs	r0, r4
10000b14:	f7ff ffc8 	bl	10000aa8 <lock_init>
10000b18:	23ff      	movs	r3, #255	@ 0xff
10000b1a:	7123      	strb	r3, [r4, #4]
10000b1c:	f3bf 8f5f 	dmb	sy
10000b20:	bd10      	pop	{r4, pc}
10000b22:	46c0      	nop			@ (mov r8, r8)

10000b24 <critical_section_init>:
10000b24:	b510      	push	{r4, lr}
10000b26:	0004      	movs	r4, r0
10000b28:	2001      	movs	r0, #1
10000b2a:	f7ff fdbf 	bl	100006ac <spin_lock_claim_unused>
10000b2e:	4b03      	ldr	r3, [pc, #12]	@ (10000b3c <critical_section_init+0x18>)
10000b30:	18c3      	adds	r3, r0, r3
10000b32:	009b      	lsls	r3, r3, #2
10000b34:	6023      	str	r3, [r4, #0]
10000b36:	f3bf 8f5f 	dmb	sy
10000b3a:	bd10      	pop	{r4, pc}
10000b3c:	34000040 	.word	0x34000040

10000b40 <critical_section_init_with_lock_num>:
10000b40:	4b03      	ldr	r3, [pc, #12]	@ (10000b50 <critical_section_init_with_lock_num+0x10>)
10000b42:	469c      	mov	ip, r3
10000b44:	4461      	add	r1, ip
10000b46:	0089      	lsls	r1, r1, #2
10000b48:	6001      	str	r1, [r0, #0]
10000b4a:	f3bf 8f5f 	dmb	sy
10000b4e:	4770      	bx	lr
10000b50:	34000040 	.word	0x34000040

10000b54 <sleep_until_callback>:
10000b54:	4b0a      	ldr	r3, [pc, #40]	@ (10000b80 <sleep_until_callback+0x2c>)
10000b56:	6819      	ldr	r1, [r3, #0]
10000b58:	f3ef 8010 	mrs	r0, PRIMASK
10000b5c:	b672      	cpsid	i
10000b5e:	680a      	ldr	r2, [r1, #0]
10000b60:	2a00      	cmp	r2, #0
10000b62:	d0fc      	beq.n	10000b5e <sleep_until_callback+0xa>
10000b64:	f3bf 8f5f 	dmb	sy
10000b68:	681b      	ldr	r3, [r3, #0]
10000b6a:	f3bf 8f5f 	dmb	sy
10000b6e:	2200      	movs	r2, #0
10000b70:	601a      	str	r2, [r3, #0]
10000b72:	f380 8810 	msr	PRIMASK, r0
10000b76:	bf40      	sev
10000b78:	2000      	movs	r0, #0
10000b7a:	2100      	movs	r1, #0
10000b7c:	4770      	bx	lr
10000b7e:	46c0      	nop			@ (mov r8, r8)
10000b80:	2000211c 	.word	0x2000211c

10000b84 <alarm_pool_irq_handler>:
10000b84:	b5f0      	push	{r4, r5, r6, r7, lr}
10000b86:	46de      	mov	lr, fp
10000b88:	4657      	mov	r7, sl
10000b8a:	464e      	mov	r6, r9
10000b8c:	4645      	mov	r5, r8
10000b8e:	b5e0      	push	{r5, r6, r7, lr}
10000b90:	b087      	sub	sp, #28
10000b92:	f3ef 8305 	mrs	r3, IPSR
10000b96:	2203      	movs	r2, #3
10000b98:	2501      	movs	r5, #1
10000b9a:	401a      	ands	r2, r3
10000b9c:	4095      	lsls	r5, r2
10000b9e:	0091      	lsls	r1, r2, #2
10000ba0:	4688      	mov	r8, r1
10000ba2:	46a9      	mov	r9, r5
10000ba4:	4bb3      	ldr	r3, [pc, #716]	@ (10000e74 <alarm_pool_irq_handler+0x2f0>)
10000ba6:	9203      	str	r2, [sp, #12]
10000ba8:	585c      	ldr	r4, [r3, r1]
10000baa:	4bb3      	ldr	r3, [pc, #716]	@ (10000e78 <alarm_pool_irq_handler+0x2f4>)
10000bac:	601d      	str	r5, [r3, #0]
10000bae:	4bb3      	ldr	r3, [pc, #716]	@ (10000e7c <alarm_pool_irq_handler+0x2f8>)
10000bb0:	9304      	str	r3, [sp, #16]
10000bb2:	464b      	mov	r3, r9
10000bb4:	48b2      	ldr	r0, [pc, #712]	@ (10000e80 <alarm_pool_irq_handler+0x2fc>)
10000bb6:	6343      	str	r3, [r0, #52]	@ 0x34
10000bb8:	2308      	movs	r3, #8
10000bba:	5ee5      	ldrsh	r5, [r4, r3]
10000bbc:	2d00      	cmp	r5, #0
10000bbe:	da37      	bge.n	10000c30 <alarm_pool_irq_handler+0xac>
10000bc0:	88a3      	ldrh	r3, [r4, #4]
10000bc2:	b21b      	sxth	r3, r3
10000bc4:	2b00      	cmp	r3, #0
10000bc6:	db00      	blt.n	10000bca <alarm_pool_irq_handler+0x46>
10000bc8:	e0ad      	b.n	10000d26 <alarm_pool_irq_handler+0x1a2>
10000bca:	79a3      	ldrb	r3, [r4, #6]
10000bcc:	2b00      	cmp	r3, #0
10000bce:	d000      	beq.n	10000bd2 <alarm_pool_irq_handler+0x4e>
10000bd0:	e0ee      	b.n	10000db0 <alarm_pool_irq_handler+0x22c>
10000bd2:	2308      	movs	r3, #8
10000bd4:	5ee0      	ldrsh	r0, [r4, r3]
10000bd6:	2800      	cmp	r0, #0
10000bd8:	db20      	blt.n	10000c1c <alarm_pool_irq_handler+0x98>
10000bda:	0043      	lsls	r3, r0, #1
10000bdc:	6962      	ldr	r2, [r4, #20]
10000bde:	181b      	adds	r3, r3, r0
10000be0:	00db      	lsls	r3, r3, #3
10000be2:	18d3      	adds	r3, r2, r3
10000be4:	689e      	ldr	r6, [r3, #8]
10000be6:	68dd      	ldr	r5, [r3, #12]
10000be8:	1c73      	adds	r3, r6, #1
10000bea:	d100      	bne.n	10000bee <alarm_pool_irq_handler+0x6a>
10000bec:	e111      	b.n	10000e12 <alarm_pool_irq_handler+0x28e>
10000bee:	48a4      	ldr	r0, [pc, #656]	@ (10000e80 <alarm_pool_irq_handler+0x2fc>)
10000bf0:	0001      	movs	r1, r0
10000bf2:	4441      	add	r1, r8
10000bf4:	6a82      	ldr	r2, [r0, #40]	@ 0x28
10000bf6:	690b      	ldr	r3, [r1, #16]
10000bf8:	1ab7      	subs	r7, r6, r2
10000bfa:	1a9b      	subs	r3, r3, r2
10000bfc:	429f      	cmp	r7, r3
10000bfe:	d315      	bcc.n	10000c2c <alarm_pool_irq_handler+0xa8>
10000c00:	2301      	movs	r3, #1
10000c02:	6a02      	ldr	r2, [r0, #32]
10000c04:	9803      	ldr	r0, [sp, #12]
10000c06:	4083      	lsls	r3, r0
10000c08:	421a      	tst	r2, r3
10000c0a:	d00f      	beq.n	10000c2c <alarm_pool_irq_handler+0xa8>
10000c0c:	489c      	ldr	r0, [pc, #624]	@ (10000e80 <alarm_pool_irq_handler+0x2fc>)
10000c0e:	f000 fbb5 	bl	1000137c <timer_time_us_64>
10000c12:	428d      	cmp	r5, r1
10000c14:	dc02      	bgt.n	10000c1c <alarm_pool_irq_handler+0x98>
10000c16:	d1cc      	bne.n	10000bb2 <alarm_pool_irq_handler+0x2e>
10000c18:	4286      	cmp	r6, r0
10000c1a:	d9ca      	bls.n	10000bb2 <alarm_pool_irq_handler+0x2e>
10000c1c:	bf40      	sev
10000c1e:	b007      	add	sp, #28
10000c20:	bcf0      	pop	{r4, r5, r6, r7}
10000c22:	46bb      	mov	fp, r7
10000c24:	46b2      	mov	sl, r6
10000c26:	46a9      	mov	r9, r5
10000c28:	46a0      	mov	r8, r4
10000c2a:	bdf0      	pop	{r4, r5, r6, r7, pc}
10000c2c:	610e      	str	r6, [r1, #16]
10000c2e:	e7ed      	b.n	10000c0c <alarm_pool_irq_handler+0x88>
10000c30:	6962      	ldr	r2, [r4, #20]
10000c32:	006b      	lsls	r3, r5, #1
10000c34:	4692      	mov	sl, r2
10000c36:	195b      	adds	r3, r3, r5
10000c38:	00db      	lsls	r3, r3, #3
10000c3a:	449a      	add	sl, r3
10000c3c:	4653      	mov	r3, sl
10000c3e:	689e      	ldr	r6, [r3, #8]
10000c40:	68df      	ldr	r7, [r3, #12]
10000c42:	f000 fb9b 	bl	1000137c <timer_time_us_64>
10000c46:	428f      	cmp	r7, r1
10000c48:	dcba      	bgt.n	10000bc0 <alarm_pool_irq_handler+0x3c>
10000c4a:	d100      	bne.n	10000c4e <alarm_pool_irq_handler+0xca>
10000c4c:	e103      	b.n	10000e56 <alarm_pool_irq_handler+0x2d2>
10000c4e:	2f00      	cmp	r7, #0
10000c50:	da00      	bge.n	10000c54 <alarm_pool_irq_handler+0xd0>
10000c52:	e0e8      	b.n	10000e26 <alarm_pool_irq_handler+0x2a2>
10000c54:	4652      	mov	r2, sl
10000c56:	4653      	mov	r3, sl
10000c58:	6952      	ldr	r2, [r2, #20]
10000c5a:	691b      	ldr	r3, [r3, #16]
10000c5c:	4693      	mov	fp, r2
10000c5e:	9a04      	ldr	r2, [sp, #16]
10000c60:	4293      	cmp	r3, r2
10000c62:	d100      	bne.n	10000c66 <alarm_pool_irq_handler+0xe2>
10000c64:	e0d9      	b.n	10000e1a <alarm_pool_irq_handler+0x296>
10000c66:	4652      	mov	r2, sl
10000c68:	2108      	movs	r1, #8
10000c6a:	5e60      	ldrsh	r0, [r4, r1]
10000c6c:	8852      	ldrh	r2, [r2, #2]
10000c6e:	0400      	lsls	r0, r0, #16
10000c70:	4659      	mov	r1, fp
10000c72:	4310      	orrs	r0, r2
10000c74:	4798      	blx	r3
10000c76:	9000      	str	r0, [sp, #0]
10000c78:	9101      	str	r1, [sp, #4]
10000c7a:	9900      	ldr	r1, [sp, #0]
10000c7c:	9a01      	ldr	r2, [sp, #4]
10000c7e:	000b      	movs	r3, r1
10000c80:	0010      	movs	r0, r2
10000c82:	4313      	orrs	r3, r2
10000c84:	d100      	bne.n	10000c88 <alarm_pool_irq_handler+0x104>
10000c86:	e0ce      	b.n	10000e26 <alarm_pool_irq_handler+0x2a2>
10000c88:	0013      	movs	r3, r2
10000c8a:	000a      	movs	r2, r1
10000c8c:	1ab6      	subs	r6, r6, r2
10000c8e:	419f      	sbcs	r7, r3
10000c90:	2800      	cmp	r0, #0
10000c92:	db06      	blt.n	10000ca2 <alarm_pool_irq_handler+0x11e>
10000c94:	487a      	ldr	r0, [pc, #488]	@ (10000e80 <alarm_pool_irq_handler+0x2fc>)
10000c96:	f000 fb71 	bl	1000137c <timer_time_us_64>
10000c9a:	9e00      	ldr	r6, [sp, #0]
10000c9c:	9f01      	ldr	r7, [sp, #4]
10000c9e:	1836      	adds	r6, r6, r0
10000ca0:	414f      	adcs	r7, r1
10000ca2:	4653      	mov	r3, sl
10000ca4:	609e      	str	r6, [r3, #8]
10000ca6:	60df      	str	r7, [r3, #12]
10000ca8:	2200      	movs	r2, #0
10000caa:	5e9a      	ldrsh	r2, [r3, r2]
10000cac:	2a00      	cmp	r2, #0
10000cae:	da00      	bge.n	10000cb2 <alarm_pool_irq_handler+0x12e>
10000cb0:	e786      	b.n	10000bc0 <alarm_pool_irq_handler+0x3c>
10000cb2:	0053      	lsls	r3, r2, #1
10000cb4:	1899      	adds	r1, r3, r2
10000cb6:	6960      	ldr	r0, [r4, #20]
10000cb8:	00c9      	lsls	r1, r1, #3
10000cba:	1841      	adds	r1, r0, r1
10000cbc:	9302      	str	r3, [sp, #8]
10000cbe:	688b      	ldr	r3, [r1, #8]
10000cc0:	68c9      	ldr	r1, [r1, #12]
10000cc2:	469b      	mov	fp, r3
10000cc4:	42b9      	cmp	r1, r7
10000cc6:	dd00      	ble.n	10000cca <alarm_pool_irq_handler+0x146>
10000cc8:	e77a      	b.n	10000bc0 <alarm_pool_irq_handler+0x3c>
10000cca:	d102      	bne.n	10000cd2 <alarm_pool_irq_handler+0x14e>
10000ccc:	42b3      	cmp	r3, r6
10000cce:	d900      	bls.n	10000cd2 <alarm_pool_irq_handler+0x14e>
10000cd0:	e776      	b.n	10000bc0 <alarm_pool_irq_handler+0x3c>
10000cd2:	2308      	movs	r3, #8
10000cd4:	469c      	mov	ip, r3
10000cd6:	44a4      	add	ip, r4
10000cd8:	9505      	str	r5, [sp, #20]
10000cda:	4665      	mov	r5, ip
10000cdc:	8122      	strh	r2, [r4, #8]
10000cde:	46a4      	mov	ip, r4
10000ce0:	9b02      	ldr	r3, [sp, #8]
10000ce2:	002c      	movs	r4, r5
10000ce4:	e006      	b.n	10000cf4 <alarm_pool_irq_handler+0x170>
10000ce6:	0053      	lsls	r3, r2, #1
10000ce8:	1899      	adds	r1, r3, r2
10000cea:	00c9      	lsls	r1, r1, #3
10000cec:	1841      	adds	r1, r0, r1
10000cee:	688d      	ldr	r5, [r1, #8]
10000cf0:	68c9      	ldr	r1, [r1, #12]
10000cf2:	46ab      	mov	fp, r5
10000cf4:	189b      	adds	r3, r3, r2
10000cf6:	00db      	lsls	r3, r3, #3
10000cf8:	18c3      	adds	r3, r0, r3
10000cfa:	42b9      	cmp	r1, r7
10000cfc:	dc06      	bgt.n	10000d0c <alarm_pool_irq_handler+0x188>
10000cfe:	d100      	bne.n	10000d02 <alarm_pool_irq_handler+0x17e>
10000d00:	e0b3      	b.n	10000e6a <alarm_pool_irq_handler+0x2e6>
10000d02:	001c      	movs	r4, r3
10000d04:	2300      	movs	r3, #0
10000d06:	5ee2      	ldrsh	r2, [r4, r3]
10000d08:	2a00      	cmp	r2, #0
10000d0a:	daec      	bge.n	10000ce6 <alarm_pool_irq_handler+0x162>
10000d0c:	0023      	movs	r3, r4
10000d0e:	4664      	mov	r4, ip
10000d10:	469c      	mov	ip, r3
10000d12:	4653      	mov	r3, sl
10000d14:	801a      	strh	r2, [r3, #0]
10000d16:	4663      	mov	r3, ip
10000d18:	9d05      	ldr	r5, [sp, #20]
10000d1a:	801d      	strh	r5, [r3, #0]
10000d1c:	88a3      	ldrh	r3, [r4, #4]
10000d1e:	b21b      	sxth	r3, r3
10000d20:	2b00      	cmp	r3, #0
10000d22:	da00      	bge.n	10000d26 <alarm_pool_irq_handler+0x1a2>
10000d24:	e751      	b.n	10000bca <alarm_pool_irq_handler+0x46>
10000d26:	6922      	ldr	r2, [r4, #16]
10000d28:	f3ef 8110 	mrs	r1, PRIMASK
10000d2c:	b672      	cpsid	i
10000d2e:	6813      	ldr	r3, [r2, #0]
10000d30:	2b00      	cmp	r3, #0
10000d32:	d0fc      	beq.n	10000d2e <alarm_pool_irq_handler+0x1aa>
10000d34:	f3bf 8f5f 	dmb	sy
10000d38:	2301      	movs	r3, #1
10000d3a:	88a7      	ldrh	r7, [r4, #4]
10000d3c:	425b      	negs	r3, r3
10000d3e:	80a3      	strh	r3, [r4, #4]
10000d40:	b23f      	sxth	r7, r7
10000d42:	6923      	ldr	r3, [r4, #16]
10000d44:	f3bf 8f5f 	dmb	sy
10000d48:	2200      	movs	r2, #0
10000d4a:	601a      	str	r2, [r3, #0]
10000d4c:	f381 8810 	msr	PRIMASK, r1
10000d50:	2f00      	cmp	r7, #0
10000d52:	da00      	bge.n	10000d56 <alarm_pool_irq_handler+0x1d2>
10000d54:	e739      	b.n	10000bca <alarm_pool_irq_handler+0x46>
10000d56:	0023      	movs	r3, r4
10000d58:	3308      	adds	r3, #8
10000d5a:	0022      	movs	r2, r4
10000d5c:	469a      	mov	sl, r3
10000d5e:	6966      	ldr	r6, [r4, #20]
10000d60:	007b      	lsls	r3, r7, #1
10000d62:	19db      	adds	r3, r3, r7
10000d64:	00db      	lsls	r3, r3, #3
10000d66:	18f3      	adds	r3, r6, r3
10000d68:	6899      	ldr	r1, [r3, #8]
10000d6a:	4650      	mov	r0, sl
10000d6c:	468c      	mov	ip, r1
10000d6e:	2408      	movs	r4, #8
10000d70:	5f11      	ldrsh	r1, [r2, r4]
10000d72:	68dd      	ldr	r5, [r3, #12]
10000d74:	2900      	cmp	r1, #0
10000d76:	db10      	blt.n	10000d9a <alarm_pool_irq_handler+0x216>
10000d78:	9302      	str	r3, [sp, #8]
10000d7a:	e006      	b.n	10000d8a <alarm_pool_irq_handler+0x206>
10000d7c:	42ab      	cmp	r3, r5
10000d7e:	d044      	beq.n	10000e0a <alarm_pool_irq_handler+0x286>
10000d80:	2300      	movs	r3, #0
10000d82:	5ee1      	ldrsh	r1, [r4, r3]
10000d84:	0020      	movs	r0, r4
10000d86:	2900      	cmp	r1, #0
10000d88:	db06      	blt.n	10000d98 <alarm_pool_irq_handler+0x214>
10000d8a:	004c      	lsls	r4, r1, #1
10000d8c:	1864      	adds	r4, r4, r1
10000d8e:	00e4      	lsls	r4, r4, #3
10000d90:	1934      	adds	r4, r6, r4
10000d92:	68e3      	ldr	r3, [r4, #12]
10000d94:	42ab      	cmp	r3, r5
10000d96:	ddf1      	ble.n	10000d7c <alarm_pool_irq_handler+0x1f8>
10000d98:	9b02      	ldr	r3, [sp, #8]
10000d9a:	8007      	strh	r7, [r0, #0]
10000d9c:	2000      	movs	r0, #0
10000d9e:	5e1f      	ldrsh	r7, [r3, r0]
10000da0:	8019      	strh	r1, [r3, #0]
10000da2:	2f00      	cmp	r7, #0
10000da4:	dadc      	bge.n	10000d60 <alarm_pool_irq_handler+0x1dc>
10000da6:	0014      	movs	r4, r2
10000da8:	79a3      	ldrb	r3, [r4, #6]
10000daa:	2b00      	cmp	r3, #0
10000dac:	d100      	bne.n	10000db0 <alarm_pool_irq_handler+0x22c>
10000dae:	e710      	b.n	10000bd2 <alarm_pool_irq_handler+0x4e>
10000db0:	2300      	movs	r3, #0
10000db2:	71a3      	strb	r3, [r4, #6]
10000db4:	0026      	movs	r6, r4
10000db6:	2308      	movs	r3, #8
10000db8:	5ee1      	ldrsh	r1, [r4, r3]
10000dba:	3608      	adds	r6, #8
10000dbc:	1c4b      	adds	r3, r1, #1
10000dbe:	d100      	bne.n	10000dc2 <alarm_pool_irq_handler+0x23e>
10000dc0:	e72c      	b.n	10000c1c <alarm_pool_irq_handler+0x98>
10000dc2:	0008      	movs	r0, r1
10000dc4:	46a2      	mov	sl, r4
10000dc6:	6965      	ldr	r5, [r4, #20]
10000dc8:	e002      	b.n	10000dd0 <alarm_pool_irq_handler+0x24c>
10000dca:	003e      	movs	r6, r7
10000dcc:	1c4b      	adds	r3, r1, #1
10000dce:	d01a      	beq.n	10000e06 <alarm_pool_irq_handler+0x282>
10000dd0:	004b      	lsls	r3, r1, #1
10000dd2:	185b      	adds	r3, r3, r1
10000dd4:	00db      	lsls	r3, r3, #3
10000dd6:	18ef      	adds	r7, r5, r3
10000dd8:	000a      	movs	r2, r1
10000dda:	468c      	mov	ip, r1
10000ddc:	5ee9      	ldrsh	r1, [r5, r3]
10000dde:	887b      	ldrh	r3, [r7, #2]
10000de0:	b21b      	sxth	r3, r3
10000de2:	2b00      	cmp	r3, #0
10000de4:	daf1      	bge.n	10000dca <alarm_pool_irq_handler+0x246>
10000de6:	2301      	movs	r3, #1
10000de8:	425b      	negs	r3, r3
10000dea:	17dc      	asrs	r4, r3, #31
10000dec:	60bb      	str	r3, [r7, #8]
10000dee:	60fc      	str	r4, [r7, #12]
10000df0:	4282      	cmp	r2, r0
10000df2:	d005      	beq.n	10000e00 <alarm_pool_irq_handler+0x27c>
10000df4:	4653      	mov	r3, sl
10000df6:	8031      	strh	r1, [r6, #0]
10000df8:	891b      	ldrh	r3, [r3, #8]
10000dfa:	803b      	strh	r3, [r7, #0]
10000dfc:	4653      	mov	r3, sl
10000dfe:	811a      	strh	r2, [r3, #8]
10000e00:	4660      	mov	r0, ip
10000e02:	1c4b      	adds	r3, r1, #1
10000e04:	d1e4      	bne.n	10000dd0 <alarm_pool_irq_handler+0x24c>
10000e06:	4654      	mov	r4, sl
10000e08:	e6e5      	b.n	10000bd6 <alarm_pool_irq_handler+0x52>
10000e0a:	68a3      	ldr	r3, [r4, #8]
10000e0c:	4563      	cmp	r3, ip
10000e0e:	d9b7      	bls.n	10000d80 <alarm_pool_irq_handler+0x1fc>
10000e10:	e7c2      	b.n	10000d98 <alarm_pool_irq_handler+0x214>
10000e12:	1c6b      	adds	r3, r5, #1
10000e14:	d000      	beq.n	10000e18 <alarm_pool_irq_handler+0x294>
10000e16:	e6ea      	b.n	10000bee <alarm_pool_irq_handler+0x6a>
10000e18:	e6f8      	b.n	10000c0c <alarm_pool_irq_handler+0x88>
10000e1a:	465b      	mov	r3, fp
10000e1c:	4658      	mov	r0, fp
10000e1e:	691b      	ldr	r3, [r3, #16]
10000e20:	4798      	blx	r3
10000e22:	2800      	cmp	r0, #0
10000e24:	d11b      	bne.n	10000e5e <alarm_pool_irq_handler+0x2da>
10000e26:	4653      	mov	r3, sl
10000e28:	881b      	ldrh	r3, [r3, #0]
10000e2a:	6922      	ldr	r2, [r4, #16]
10000e2c:	8123      	strh	r3, [r4, #8]
10000e2e:	f3ef 8310 	mrs	r3, PRIMASK
10000e32:	b672      	cpsid	i
10000e34:	6811      	ldr	r1, [r2, #0]
10000e36:	2900      	cmp	r1, #0
10000e38:	d0fc      	beq.n	10000e34 <alarm_pool_irq_handler+0x2b0>
10000e3a:	f3bf 8f5f 	dmb	sy
10000e3e:	4651      	mov	r1, sl
10000e40:	8862      	ldrh	r2, [r4, #2]
10000e42:	800a      	strh	r2, [r1, #0]
10000e44:	6922      	ldr	r2, [r4, #16]
10000e46:	8065      	strh	r5, [r4, #2]
10000e48:	f3bf 8f5f 	dmb	sy
10000e4c:	2100      	movs	r1, #0
10000e4e:	6011      	str	r1, [r2, #0]
10000e50:	f383 8810 	msr	PRIMASK, r3
10000e54:	e6b4      	b.n	10000bc0 <alarm_pool_irq_handler+0x3c>
10000e56:	4286      	cmp	r6, r0
10000e58:	d800      	bhi.n	10000e5c <alarm_pool_irq_handler+0x2d8>
10000e5a:	e6f8      	b.n	10000c4e <alarm_pool_irq_handler+0xca>
10000e5c:	e6b0      	b.n	10000bc0 <alarm_pool_irq_handler+0x3c>
10000e5e:	465b      	mov	r3, fp
10000e60:	681a      	ldr	r2, [r3, #0]
10000e62:	685b      	ldr	r3, [r3, #4]
10000e64:	9200      	str	r2, [sp, #0]
10000e66:	9301      	str	r3, [sp, #4]
10000e68:	e707      	b.n	10000c7a <alarm_pool_irq_handler+0xf6>
10000e6a:	45b3      	cmp	fp, r6
10000e6c:	d800      	bhi.n	10000e70 <alarm_pool_irq_handler+0x2ec>
10000e6e:	e748      	b.n	10000d02 <alarm_pool_irq_handler+0x17e>
10000e70:	e74c      	b.n	10000d0c <alarm_pool_irq_handler+0x188>
10000e72:	46c0      	nop			@ (mov r8, r8)
10000e74:	20002100 	.word	0x20002100
10000e78:	4005703c 	.word	0x4005703c
10000e7c:	10000b85 	.word	0x10000b85
10000e80:	40054000 	.word	0x40054000

10000e84 <runtime_init_default_alarm_pool>:
10000e84:	b570      	push	{r4, r5, r6, lr}
10000e86:	4c2e      	ldr	r4, [pc, #184]	@ (10000f40 <runtime_init_default_alarm_pool+0xbc>)
10000e88:	6925      	ldr	r5, [r4, #16]
10000e8a:	2d00      	cmp	r5, #0
10000e8c:	d004      	beq.n	10000e98 <runtime_init_default_alarm_pool+0x14>
10000e8e:	210a      	movs	r1, #10
10000e90:	482c      	ldr	r0, [pc, #176]	@ (10000f44 <runtime_init_default_alarm_pool+0xc0>)
10000e92:	f7ff fe09 	bl	10000aa8 <lock_init>
10000e96:	bd70      	pop	{r4, r5, r6, pc}
10000e98:	4e2b      	ldr	r6, [pc, #172]	@ (10000f48 <runtime_init_default_alarm_pool+0xc4>)
10000e9a:	2103      	movs	r1, #3
10000e9c:	0030      	movs	r0, r6
10000e9e:	f000 fa63 	bl	10001368 <timer_hardware_alarm_claim>
10000ea2:	60e6      	str	r6, [r4, #12]
10000ea4:	f7ff fbf6 	bl	10000694 <next_striped_spin_lock_num>
10000ea8:	4b28      	ldr	r3, [pc, #160]	@ (10000f4c <runtime_init_default_alarm_pool+0xc8>)
10000eaa:	2203      	movs	r2, #3
10000eac:	469c      	mov	ip, r3
10000eae:	23d0      	movs	r3, #208	@ 0xd0
10000eb0:	7022      	strb	r2, [r4, #0]
10000eb2:	061b      	lsls	r3, r3, #24
10000eb4:	681b      	ldr	r3, [r3, #0]
10000eb6:	2101      	movs	r1, #1
10000eb8:	7063      	strb	r3, [r4, #1]
10000eba:	4b25      	ldr	r3, [pc, #148]	@ (10000f50 <runtime_init_default_alarm_pool+0xcc>)
10000ebc:	4460      	add	r0, ip
10000ebe:	60a3      	str	r3, [r4, #8]
10000ec0:	230f      	movs	r3, #15
10000ec2:	0080      	lsls	r0, r0, #2
10000ec4:	6120      	str	r0, [r4, #16]
10000ec6:	2002      	movs	r0, #2
10000ec8:	8063      	strh	r3, [r4, #2]
10000eca:	6963      	ldr	r3, [r4, #20]
10000ecc:	4249      	negs	r1, r1
10000ece:	80a1      	strh	r1, [r4, #4]
10000ed0:	8019      	strh	r1, [r3, #0]
10000ed2:	3102      	adds	r1, #2
10000ed4:	8619      	strh	r1, [r3, #48]	@ 0x30
10000ed6:	3147      	adds	r1, #71	@ 0x47
10000ed8:	831d      	strh	r5, [r3, #24]
10000eda:	5258      	strh	r0, [r3, r1]
10000edc:	3118      	adds	r1, #24
10000ede:	525a      	strh	r2, [r3, r1]
10000ee0:	3275      	adds	r2, #117	@ 0x75
10000ee2:	395c      	subs	r1, #92	@ 0x5c
10000ee4:	5299      	strh	r1, [r3, r2]
10000ee6:	3218      	adds	r2, #24
10000ee8:	3101      	adds	r1, #1
10000eea:	5299      	strh	r1, [r3, r2]
10000eec:	3218      	adds	r2, #24
10000eee:	3101      	adds	r1, #1
10000ef0:	5299      	strh	r1, [r3, r2]
10000ef2:	3218      	adds	r2, #24
10000ef4:	3101      	adds	r1, #1
10000ef6:	5299      	strh	r1, [r3, r2]
10000ef8:	3508      	adds	r5, #8
10000efa:	3218      	adds	r2, #24
10000efc:	529d      	strh	r5, [r3, r2]
10000efe:	3102      	adds	r1, #2
10000f00:	3218      	adds	r2, #24
10000f02:	5299      	strh	r1, [r3, r2]
10000f04:	3218      	adds	r2, #24
10000f06:	3101      	adds	r1, #1
10000f08:	5299      	strh	r1, [r3, r2]
10000f0a:	3218      	adds	r2, #24
10000f0c:	3101      	adds	r1, #1
10000f0e:	5299      	strh	r1, [r3, r2]
10000f10:	3218      	adds	r2, #24
10000f12:	3101      	adds	r1, #1
10000f14:	5299      	strh	r1, [r3, r2]
10000f16:	3218      	adds	r2, #24
10000f18:	3101      	adds	r1, #1
10000f1a:	5299      	strh	r1, [r3, r2]
10000f1c:	3218      	adds	r2, #24
10000f1e:	3101      	adds	r1, #1
10000f20:	5299      	strh	r1, [r3, r2]
10000f22:	4b0c      	ldr	r3, [pc, #48]	@ (10000f54 <runtime_init_default_alarm_pool+0xd0>)
10000f24:	490c      	ldr	r1, [pc, #48]	@ (10000f58 <runtime_init_default_alarm_pool+0xd4>)
10000f26:	60dc      	str	r4, [r3, #12]
10000f28:	3001      	adds	r0, #1
10000f2a:	6235      	str	r5, [r6, #32]
10000f2c:	f7ff fc28 	bl	10000780 <irq_set_exclusive_handler>
10000f30:	2101      	movs	r1, #1
10000f32:	2003      	movs	r0, #3
10000f34:	f7ff fbec 	bl	10000710 <irq_set_enabled>
10000f38:	4b08      	ldr	r3, [pc, #32]	@ (10000f5c <runtime_init_default_alarm_pool+0xd8>)
10000f3a:	601d      	str	r5, [r3, #0]
10000f3c:	e7a7      	b.n	10000e8e <runtime_init_default_alarm_pool+0xa>
10000f3e:	46c0      	nop			@ (mov r8, r8)
10000f40:	20000fe4 	.word	0x20000fe4
10000f44:	2000211c 	.word	0x2000211c
10000f48:	40054000 	.word	0x40054000
10000f4c:	34000040 	.word	0x34000040
10000f50:	0010ffff 	.word	0x0010ffff
10000f54:	20002100 	.word	0x20002100
10000f58:	10000b85 	.word	0x10000b85
10000f5c:	40056038 	.word	0x40056038

10000f60 <alarm_pool_get_default>:
10000f60:	4800      	ldr	r0, [pc, #0]	@ (10000f64 <alarm_pool_get_default+0x4>)
10000f62:	4770      	bx	lr
10000f64:	20000fe4 	.word	0x20000fe4

10000f68 <alarm_pool_add_alarm_at>:
10000f68:	b5f8      	push	{r3, r4, r5, r6, r7, lr}
10000f6a:	001f      	movs	r7, r3
10000f6c:	ab08      	add	r3, sp, #32
10000f6e:	781b      	ldrb	r3, [r3, #0]
10000f70:	0004      	movs	r4, r0
10000f72:	0016      	movs	r6, r2
10000f74:	2b00      	cmp	r3, #0
10000f76:	d108      	bne.n	10000f8a <alarm_pool_add_alarm_at+0x22>
10000f78:	f000 fa08 	bl	1000138c <time_us_64>
10000f7c:	0032      	movs	r2, r6
10000f7e:	003b      	movs	r3, r7
10000f80:	1a12      	subs	r2, r2, r0
10000f82:	418b      	sbcs	r3, r1
10000f84:	2b00      	cmp	r3, #0
10000f86:	da00      	bge.n	10000f8a <alarm_pool_add_alarm_at+0x22>
10000f88:	e052      	b.n	10001030 <alarm_pool_add_alarm_at+0xc8>
10000f8a:	6922      	ldr	r2, [r4, #16]
10000f8c:	f3ef 8010 	mrs	r0, PRIMASK
10000f90:	b672      	cpsid	i
10000f92:	6813      	ldr	r3, [r2, #0]
10000f94:	2b00      	cmp	r3, #0
10000f96:	d0fc      	beq.n	10000f92 <alarm_pool_add_alarm_at+0x2a>
10000f98:	f3bf 8f5f 	dmb	sy
10000f9c:	2302      	movs	r3, #2
10000f9e:	5ee1      	ldrsh	r1, [r4, r3]
10000fa0:	6963      	ldr	r3, [r4, #20]
10000fa2:	004a      	lsls	r2, r1, #1
10000fa4:	1852      	adds	r2, r2, r1
10000fa6:	00d2      	lsls	r2, r2, #3
10000fa8:	189b      	adds	r3, r3, r2
10000faa:	6922      	ldr	r2, [r4, #16]
10000fac:	2900      	cmp	r1, #0
10000fae:	db36      	blt.n	1000101e <alarm_pool_add_alarm_at+0xb6>
10000fb0:	881d      	ldrh	r5, [r3, #0]
10000fb2:	8065      	strh	r5, [r4, #2]
10000fb4:	f3bf 8f5f 	dmb	sy
10000fb8:	2500      	movs	r5, #0
10000fba:	6015      	str	r5, [r2, #0]
10000fbc:	f380 8810 	msr	PRIMASK, r0
10000fc0:	9a06      	ldr	r2, [sp, #24]
10000fc2:	609e      	str	r6, [r3, #8]
10000fc4:	60df      	str	r7, [r3, #12]
10000fc6:	611a      	str	r2, [r3, #16]
10000fc8:	9a07      	ldr	r2, [sp, #28]
10000fca:	615a      	str	r2, [r3, #20]
10000fcc:	885a      	ldrh	r2, [r3, #2]
10000fce:	3201      	adds	r2, #1
10000fd0:	0452      	lsls	r2, r2, #17
10000fd2:	0c52      	lsrs	r2, r2, #17
10000fd4:	1c10      	adds	r0, r2, #0
10000fd6:	2a00      	cmp	r2, #0
10000fd8:	d01f      	beq.n	1000101a <alarm_pool_add_alarm_at+0xb2>
10000fda:	b282      	uxth	r2, r0
10000fdc:	8058      	strh	r0, [r3, #2]
10000fde:	0408      	lsls	r0, r1, #16
10000fe0:	4310      	orrs	r0, r2
10000fe2:	6926      	ldr	r6, [r4, #16]
10000fe4:	f3ef 8710 	mrs	r7, PRIMASK
10000fe8:	b672      	cpsid	i
10000fea:	6832      	ldr	r2, [r6, #0]
10000fec:	2a00      	cmp	r2, #0
10000fee:	d0fc      	beq.n	10000fea <alarm_pool_add_alarm_at+0x82>
10000ff0:	f3bf 8f5f 	dmb	sy
10000ff4:	88a2      	ldrh	r2, [r4, #4]
10000ff6:	801a      	strh	r2, [r3, #0]
10000ff8:	80a1      	strh	r1, [r4, #4]
10000ffa:	6923      	ldr	r3, [r4, #16]
10000ffc:	f3bf 8f5f 	dmb	sy
10001000:	2200      	movs	r2, #0
10001002:	601a      	str	r2, [r3, #0]
10001004:	f387 8810 	msr	PRIMASK, r7
10001008:	490a      	ldr	r1, [pc, #40]	@ (10001034 <alarm_pool_add_alarm_at+0xcc>)
1000100a:	7823      	ldrb	r3, [r4, #0]
1000100c:	468c      	mov	ip, r1
1000100e:	3201      	adds	r2, #1
10001010:	409a      	lsls	r2, r3
10001012:	68e3      	ldr	r3, [r4, #12]
10001014:	4463      	add	r3, ip
10001016:	601a      	str	r2, [r3, #0]
10001018:	bdf8      	pop	{r3, r4, r5, r6, r7, pc}
1000101a:	2001      	movs	r0, #1
1000101c:	e7dd      	b.n	10000fda <alarm_pool_add_alarm_at+0x72>
1000101e:	f3bf 8f5f 	dmb	sy
10001022:	2300      	movs	r3, #0
10001024:	6013      	str	r3, [r2, #0]
10001026:	f380 8810 	msr	PRIMASK, r0
1000102a:	2001      	movs	r0, #1
1000102c:	4240      	negs	r0, r0
1000102e:	e7f3      	b.n	10001018 <alarm_pool_add_alarm_at+0xb0>
10001030:	2000      	movs	r0, #0
10001032:	e7f1      	b.n	10001018 <alarm_pool_add_alarm_at+0xb0>
10001034:	0000203c 	.word	0x0000203c

10001038 <alarm_pool_add_alarm_at_force_in_context>:
10001038:	b570      	push	{r4, r5, r6, lr}
1000103a:	0001      	movs	r1, r0
1000103c:	6904      	ldr	r4, [r0, #16]
1000103e:	f3ef 8c10 	mrs	ip, PRIMASK
10001042:	b672      	cpsid	i
10001044:	6820      	ldr	r0, [r4, #0]
10001046:	2800      	cmp	r0, #0
10001048:	d0fc      	beq.n	10001044 <alarm_pool_add_alarm_at_force_in_context+0xc>
1000104a:	f3bf 8f5f 	dmb	sy
1000104e:	2002      	movs	r0, #2
10001050:	5e0d      	ldrsh	r5, [r1, r0]
10001052:	694c      	ldr	r4, [r1, #20]
10001054:	0068      	lsls	r0, r5, #1
10001056:	1940      	adds	r0, r0, r5
10001058:	00c0      	lsls	r0, r0, #3
1000105a:	1824      	adds	r4, r4, r0
1000105c:	6908      	ldr	r0, [r1, #16]
1000105e:	2d00      	cmp	r5, #0
10001060:	db36      	blt.n	100010d0 <alarm_pool_add_alarm_at_force_in_context+0x98>
10001062:	8826      	ldrh	r6, [r4, #0]
10001064:	804e      	strh	r6, [r1, #2]
10001066:	f3bf 8f5f 	dmb	sy
1000106a:	2600      	movs	r6, #0
1000106c:	6006      	str	r6, [r0, #0]
1000106e:	f38c 8810 	msr	PRIMASK, ip
10001072:	60e3      	str	r3, [r4, #12]
10001074:	8863      	ldrh	r3, [r4, #2]
10001076:	9804      	ldr	r0, [sp, #16]
10001078:	3301      	adds	r3, #1
1000107a:	6120      	str	r0, [r4, #16]
1000107c:	045b      	lsls	r3, r3, #17
1000107e:	9805      	ldr	r0, [sp, #20]
10001080:	0c5b      	lsrs	r3, r3, #17
10001082:	60a2      	str	r2, [r4, #8]
10001084:	6160      	str	r0, [r4, #20]
10001086:	1c1a      	adds	r2, r3, #0
10001088:	2b00      	cmp	r3, #0
1000108a:	d01f      	beq.n	100010cc <alarm_pool_add_alarm_at_force_in_context+0x94>
1000108c:	b293      	uxth	r3, r2
1000108e:	0428      	lsls	r0, r5, #16
10001090:	8062      	strh	r2, [r4, #2]
10001092:	4318      	orrs	r0, r3
10001094:	690a      	ldr	r2, [r1, #16]
10001096:	f3ef 8c10 	mrs	ip, PRIMASK
1000109a:	b672      	cpsid	i
1000109c:	6813      	ldr	r3, [r2, #0]
1000109e:	2b00      	cmp	r3, #0
100010a0:	d0fc      	beq.n	1000109c <alarm_pool_add_alarm_at_force_in_context+0x64>
100010a2:	f3bf 8f5f 	dmb	sy
100010a6:	888b      	ldrh	r3, [r1, #4]
100010a8:	8023      	strh	r3, [r4, #0]
100010aa:	808d      	strh	r5, [r1, #4]
100010ac:	690b      	ldr	r3, [r1, #16]
100010ae:	f3bf 8f5f 	dmb	sy
100010b2:	2200      	movs	r2, #0
100010b4:	601a      	str	r2, [r3, #0]
100010b6:	f38c 8810 	msr	PRIMASK, ip
100010ba:	780b      	ldrb	r3, [r1, #0]
100010bc:	3201      	adds	r2, #1
100010be:	409a      	lsls	r2, r3
100010c0:	68cb      	ldr	r3, [r1, #12]
100010c2:	4908      	ldr	r1, [pc, #32]	@ (100010e4 <alarm_pool_add_alarm_at_force_in_context+0xac>)
100010c4:	468c      	mov	ip, r1
100010c6:	4463      	add	r3, ip
100010c8:	601a      	str	r2, [r3, #0]
100010ca:	bd70      	pop	{r4, r5, r6, pc}
100010cc:	2201      	movs	r2, #1
100010ce:	e7dd      	b.n	1000108c <alarm_pool_add_alarm_at_force_in_context+0x54>
100010d0:	f3bf 8f5f 	dmb	sy
100010d4:	2300      	movs	r3, #0
100010d6:	6003      	str	r3, [r0, #0]
100010d8:	f38c 8810 	msr	PRIMASK, ip
100010dc:	2001      	movs	r0, #1
100010de:	4240      	negs	r0, r0
100010e0:	e7f3      	b.n	100010ca <alarm_pool_add_alarm_at_force_in_context+0x92>
100010e2:	46c0      	nop			@ (mov r8, r8)
100010e4:	0000203c 	.word	0x0000203c

100010e8 <alarm_pool_cancel_alarm>:
100010e8:	b510      	push	{r4, lr}
100010ea:	8943      	ldrh	r3, [r0, #10]
100010ec:	140a      	asrs	r2, r1, #16
100010ee:	4293      	cmp	r3, r2
100010f0:	dd1a      	ble.n	10001128 <alarm_pool_cancel_alarm+0x40>
100010f2:	0053      	lsls	r3, r2, #1
100010f4:	189b      	adds	r3, r3, r2
100010f6:	6942      	ldr	r2, [r0, #20]
100010f8:	00db      	lsls	r3, r3, #3
100010fa:	18d3      	adds	r3, r2, r3
100010fc:	6904      	ldr	r4, [r0, #16]
100010fe:	f3ef 8c10 	mrs	ip, PRIMASK
10001102:	b672      	cpsid	i
10001104:	6822      	ldr	r2, [r4, #0]
10001106:	2a00      	cmp	r2, #0
10001108:	d0fc      	beq.n	10001104 <alarm_pool_cancel_alarm+0x1c>
1000110a:	f3bf 8f5f 	dmb	sy
1000110e:	885a      	ldrh	r2, [r3, #2]
10001110:	0409      	lsls	r1, r1, #16
10001112:	b294      	uxth	r4, r2
10001114:	0c09      	lsrs	r1, r1, #16
10001116:	428a      	cmp	r2, r1
10001118:	d008      	beq.n	1000112c <alarm_pool_cancel_alarm+0x44>
1000111a:	6903      	ldr	r3, [r0, #16]
1000111c:	f3bf 8f5f 	dmb	sy
10001120:	2200      	movs	r2, #0
10001122:	601a      	str	r2, [r3, #0]
10001124:	f38c 8810 	msr	PRIMASK, ip
10001128:	2000      	movs	r0, #0
1000112a:	bd10      	pop	{r4, pc}
1000112c:	2280      	movs	r2, #128	@ 0x80
1000112e:	0212      	lsls	r2, r2, #8
10001130:	4314      	orrs	r4, r2
10001132:	805c      	strh	r4, [r3, #2]
10001134:	2301      	movs	r3, #1
10001136:	6902      	ldr	r2, [r0, #16]
10001138:	7183      	strb	r3, [r0, #6]
1000113a:	f3bf 8f5f 	dmb	sy
1000113e:	2100      	movs	r1, #0
10001140:	6011      	str	r1, [r2, #0]
10001142:	f38c 8810 	msr	PRIMASK, ip
10001146:	4904      	ldr	r1, [pc, #16]	@ (10001158 <alarm_pool_cancel_alarm+0x70>)
10001148:	7802      	ldrb	r2, [r0, #0]
1000114a:	468c      	mov	ip, r1
1000114c:	4093      	lsls	r3, r2
1000114e:	68c2      	ldr	r2, [r0, #12]
10001150:	2001      	movs	r0, #1
10001152:	4462      	add	r2, ip
10001154:	6013      	str	r3, [r2, #0]
10001156:	e7e8      	b.n	1000112a <alarm_pool_cancel_alarm+0x42>
10001158:	0000203c 	.word	0x0000203c

1000115c <alarm_pool_core_num>:
1000115c:	7840      	ldrb	r0, [r0, #1]
1000115e:	4770      	bx	lr

10001160 <sleep_ms>:
10001160:	b5f0      	push	{r4, r5, r6, r7, lr}
10001162:	46c6      	mov	lr, r8
10001164:	b500      	push	{lr}
10001166:	b082      	sub	sp, #8
10001168:	0004      	movs	r4, r0
1000116a:	f000 f90f 	bl	1000138c <time_us_64>
1000116e:	22fa      	movs	r2, #250	@ 0xfa
10001170:	0006      	movs	r6, r0
10001172:	000f      	movs	r7, r1
10001174:	0020      	movs	r0, r4
10001176:	2300      	movs	r3, #0
10001178:	2100      	movs	r1, #0
1000117a:	0092      	lsls	r2, r2, #2
1000117c:	f001 fa9a 	bl	100026b4 <__wrap___aeabi_lmul>
10001180:	1980      	adds	r0, r0, r6
10001182:	4179      	adcs	r1, r7
10001184:	0004      	movs	r4, r0
10001186:	1e0d      	subs	r5, r1, #0
10001188:	da02      	bge.n	10001190 <sleep_ms+0x30>
1000118a:	2401      	movs	r4, #1
1000118c:	4d2e      	ldr	r5, [pc, #184]	@ (10001248 <sleep_ms+0xe8>)
1000118e:	4264      	negs	r4, r4
10001190:	2606      	movs	r6, #6
10001192:	4276      	negs	r6, r6
10001194:	17f7      	asrs	r7, r6, #31
10001196:	1936      	adds	r6, r6, r4
10001198:	416f      	adcs	r7, r5
1000119a:	42af      	cmp	r7, r5
1000119c:	d814      	bhi.n	100011c8 <sleep_ms+0x68>
1000119e:	d011      	beq.n	100011c4 <sleep_ms+0x64>
100011a0:	f000 f8f4 	bl	1000138c <time_us_64>
100011a4:	0032      	movs	r2, r6
100011a6:	003b      	movs	r3, r7
100011a8:	1a12      	subs	r2, r2, r0
100011aa:	418b      	sbcs	r3, r1
100011ac:	2b00      	cmp	r3, #0
100011ae:	dc15      	bgt.n	100011dc <sleep_ms+0x7c>
100011b0:	2b00      	cmp	r3, #0
100011b2:	d046      	beq.n	10001242 <sleep_ms+0xe2>
100011b4:	0020      	movs	r0, r4
100011b6:	0029      	movs	r1, r5
100011b8:	f000 f8f2 	bl	100013a0 <busy_wait_until>
100011bc:	b002      	add	sp, #8
100011be:	bc80      	pop	{r7}
100011c0:	46b8      	mov	r8, r7
100011c2:	bdf0      	pop	{r4, r5, r6, r7, pc}
100011c4:	42a6      	cmp	r6, r4
100011c6:	d9eb      	bls.n	100011a0 <sleep_ms+0x40>
100011c8:	2600      	movs	r6, #0
100011ca:	2700      	movs	r7, #0
100011cc:	f000 f8de 	bl	1000138c <time_us_64>
100011d0:	0032      	movs	r2, r6
100011d2:	003b      	movs	r3, r7
100011d4:	1a12      	subs	r2, r2, r0
100011d6:	418b      	sbcs	r3, r1
100011d8:	2b00      	cmp	r3, #0
100011da:	dde9      	ble.n	100011b0 <sleep_ms+0x50>
100011dc:	f000 f8d6 	bl	1000138c <time_us_64>
100011e0:	0032      	movs	r2, r6
100011e2:	003b      	movs	r3, r7
100011e4:	1a12      	subs	r2, r2, r0
100011e6:	418b      	sbcs	r3, r1
100011e8:	2b00      	cmp	r3, #0
100011ea:	db0a      	blt.n	10001202 <sleep_ms+0xa2>
100011ec:	2300      	movs	r3, #0
100011ee:	9301      	str	r3, [sp, #4]
100011f0:	4b16      	ldr	r3, [pc, #88]	@ (1000124c <sleep_ms+0xec>)
100011f2:	0032      	movs	r2, r6
100011f4:	9300      	str	r3, [sp, #0]
100011f6:	4816      	ldr	r0, [pc, #88]	@ (10001250 <sleep_ms+0xf0>)
100011f8:	003b      	movs	r3, r7
100011fa:	f7ff ff1d 	bl	10001038 <alarm_pool_add_alarm_at_force_in_context>
100011fe:	3001      	adds	r0, #1
10001200:	d0d8      	beq.n	100011b4 <sleep_ms+0x54>
10001202:	2300      	movs	r3, #0
10001204:	0039      	movs	r1, r7
10001206:	46b0      	mov	r8, r6
10001208:	469c      	mov	ip, r3
1000120a:	4a12      	ldr	r2, [pc, #72]	@ (10001254 <sleep_ms+0xf4>)
1000120c:	4812      	ldr	r0, [pc, #72]	@ (10001258 <sleep_ms+0xf8>)
1000120e:	6a53      	ldr	r3, [r2, #36]	@ 0x24
10001210:	4299      	cmp	r1, r3
10001212:	d804      	bhi.n	1000121e <sleep_ms+0xbe>
10001214:	6a96      	ldr	r6, [r2, #40]	@ 0x28
10001216:	45b0      	cmp	r8, r6
10001218:	d9cc      	bls.n	100011b4 <sleep_ms+0x54>
1000121a:	4299      	cmp	r1, r3
1000121c:	d1ca      	bne.n	100011b4 <sleep_ms+0x54>
1000121e:	6806      	ldr	r6, [r0, #0]
10001220:	f3ef 8710 	mrs	r7, PRIMASK
10001224:	b672      	cpsid	i
10001226:	6833      	ldr	r3, [r6, #0]
10001228:	2b00      	cmp	r3, #0
1000122a:	d0fc      	beq.n	10001226 <sleep_ms+0xc6>
1000122c:	f3bf 8f5f 	dmb	sy
10001230:	6803      	ldr	r3, [r0, #0]
10001232:	f3bf 8f5f 	dmb	sy
10001236:	4666      	mov	r6, ip
10001238:	601e      	str	r6, [r3, #0]
1000123a:	f387 8810 	msr	PRIMASK, r7
1000123e:	bf20      	wfe
10001240:	e7e5      	b.n	1000120e <sleep_ms+0xae>
10001242:	2a00      	cmp	r2, #0
10001244:	d0b6      	beq.n	100011b4 <sleep_ms+0x54>
10001246:	e7c9      	b.n	100011dc <sleep_ms+0x7c>
10001248:	7fffffff 	.word	0x7fffffff
1000124c:	10000b55 	.word	0x10000b55
10001250:	20000fe4 	.word	0x20000fe4
10001254:	40054000 	.word	0x40054000
10001258:	2000211c 	.word	0x2000211c

1000125c <best_effort_wfe_or_timeout>:
1000125c:	b5f0      	push	{r4, r5, r6, r7, lr}
1000125e:	4657      	mov	r7, sl
10001260:	464e      	mov	r6, r9
10001262:	46de      	mov	lr, fp
10001264:	4645      	mov	r5, r8
10001266:	b5e0      	push	{r5, r6, r7, lr}
10001268:	0006      	movs	r6, r0
1000126a:	000f      	movs	r7, r1
1000126c:	b085      	sub	sp, #20
1000126e:	f3ef 8305 	mrs	r3, IPSR
10001272:	4699      	mov	r9, r3
10001274:	468b      	mov	fp, r1
10001276:	2b00      	cmp	r3, #0
10001278:	d012      	beq.n	100012a0 <best_effort_wfe_or_timeout+0x44>
1000127a:	4938      	ldr	r1, [pc, #224]	@ (1000135c <best_effort_wfe_or_timeout+0x100>)
1000127c:	2000      	movs	r0, #0
1000127e:	6a4b      	ldr	r3, [r1, #36]	@ 0x24
10001280:	42bb      	cmp	r3, r7
10001282:	d306      	bcc.n	10001292 <best_effort_wfe_or_timeout+0x36>
10001284:	6a8a      	ldr	r2, [r1, #40]	@ 0x28
10001286:	1bdb      	subs	r3, r3, r7
10001288:	1e59      	subs	r1, r3, #1
1000128a:	418b      	sbcs	r3, r1
1000128c:	42b2      	cmp	r2, r6
1000128e:	4140      	adcs	r0, r0
10001290:	4318      	orrs	r0, r3
10001292:	b005      	add	sp, #20
10001294:	bcf0      	pop	{r4, r5, r6, r7}
10001296:	46bb      	mov	fp, r7
10001298:	46b2      	mov	sl, r6
1000129a:	46a9      	mov	r9, r5
1000129c:	46a0      	mov	r8, r4
1000129e:	bdf0      	pop	{r4, r5, r6, r7, pc}
100012a0:	4b2f      	ldr	r3, [pc, #188]	@ (10001360 <best_effort_wfe_or_timeout+0x104>)
100012a2:	469a      	mov	sl, r3
100012a4:	68db      	ldr	r3, [r3, #12]
100012a6:	4698      	mov	r8, r3
100012a8:	4653      	mov	r3, sl
100012aa:	781b      	ldrb	r3, [r3, #0]
100012ac:	4640      	mov	r0, r8
100012ae:	9303      	str	r3, [sp, #12]
100012b0:	f000 f864 	bl	1000137c <timer_time_us_64>
100012b4:	4642      	mov	r2, r8
100012b6:	9b03      	ldr	r3, [sp, #12]
100012b8:	0004      	movs	r4, r0
100012ba:	3304      	adds	r3, #4
100012bc:	009b      	lsls	r3, r3, #2
100012be:	589b      	ldr	r3, [r3, r2]
100012c0:	000d      	movs	r5, r1
100012c2:	1a1b      	subs	r3, r3, r0
100012c4:	0039      	movs	r1, r7
100012c6:	0030      	movs	r0, r6
100012c8:	1b00      	subs	r0, r0, r4
100012ca:	41a9      	sbcs	r1, r5
100012cc:	4589      	cmp	r9, r1
100012ce:	dc10      	bgt.n	100012f2 <best_effort_wfe_or_timeout+0x96>
100012d0:	d00d      	beq.n	100012ee <best_effort_wfe_or_timeout+0x92>
100012d2:	bf20      	wfe
100012d4:	4a21      	ldr	r2, [pc, #132]	@ (1000135c <best_effort_wfe_or_timeout+0x100>)
100012d6:	2000      	movs	r0, #0
100012d8:	6a53      	ldr	r3, [r2, #36]	@ 0x24
100012da:	455b      	cmp	r3, fp
100012dc:	d3d9      	bcc.n	10001292 <best_effort_wfe_or_timeout+0x36>
100012de:	6a92      	ldr	r2, [r2, #40]	@ 0x28
100012e0:	1bdb      	subs	r3, r3, r7
100012e2:	1e59      	subs	r1, r3, #1
100012e4:	418b      	sbcs	r3, r1
100012e6:	42b2      	cmp	r2, r6
100012e8:	4140      	adcs	r0, r0
100012ea:	4318      	orrs	r0, r3
100012ec:	e7d1      	b.n	10001292 <best_effort_wfe_or_timeout+0x36>
100012ee:	4283      	cmp	r3, r0
100012f0:	d9ef      	bls.n	100012d2 <best_effort_wfe_or_timeout+0x76>
100012f2:	f000 f84b 	bl	1000138c <time_us_64>
100012f6:	0032      	movs	r2, r6
100012f8:	003b      	movs	r3, r7
100012fa:	1a12      	subs	r2, r2, r0
100012fc:	418b      	sbcs	r3, r1
100012fe:	2b00      	cmp	r3, #0
10001300:	db1a      	blt.n	10001338 <best_effort_wfe_or_timeout+0xdc>
10001302:	2300      	movs	r3, #0
10001304:	9301      	str	r3, [sp, #4]
10001306:	4b17      	ldr	r3, [pc, #92]	@ (10001364 <best_effort_wfe_or_timeout+0x108>)
10001308:	0032      	movs	r2, r6
1000130a:	9300      	str	r3, [sp, #0]
1000130c:	4650      	mov	r0, sl
1000130e:	003b      	movs	r3, r7
10001310:	f7ff fe92 	bl	10001038 <alarm_pool_add_alarm_at_force_in_context>
10001314:	1e01      	subs	r1, r0, #0
10001316:	dd0f      	ble.n	10001338 <best_effort_wfe_or_timeout+0xdc>
10001318:	4b10      	ldr	r3, [pc, #64]	@ (1000135c <best_effort_wfe_or_timeout+0x100>)
1000131a:	6a5a      	ldr	r2, [r3, #36]	@ 0x24
1000131c:	455a      	cmp	r2, fp
1000131e:	d31b      	bcc.n	10001358 <best_effort_wfe_or_timeout+0xfc>
10001320:	6a9b      	ldr	r3, [r3, #40]	@ 0x28
10001322:	42b3      	cmp	r3, r6
10001324:	d316      	bcc.n	10001354 <best_effort_wfe_or_timeout+0xf8>
10001326:	4650      	mov	r0, sl
10001328:	f7ff fede 	bl	100010e8 <alarm_pool_cancel_alarm>
1000132c:	4a0b      	ldr	r2, [pc, #44]	@ (1000135c <best_effort_wfe_or_timeout+0x100>)
1000132e:	2000      	movs	r0, #0
10001330:	6a53      	ldr	r3, [r2, #36]	@ 0x24
10001332:	455b      	cmp	r3, fp
10001334:	d3ad      	bcc.n	10001292 <best_effort_wfe_or_timeout+0x36>
10001336:	e7d2      	b.n	100012de <best_effort_wfe_or_timeout+0x82>
10001338:	4a08      	ldr	r2, [pc, #32]	@ (1000135c <best_effort_wfe_or_timeout+0x100>)
1000133a:	2000      	movs	r0, #0
1000133c:	6a53      	ldr	r3, [r2, #36]	@ 0x24
1000133e:	455b      	cmp	r3, fp
10001340:	d3a7      	bcc.n	10001292 <best_effort_wfe_or_timeout+0x36>
10001342:	2000      	movs	r0, #0
10001344:	6a92      	ldr	r2, [r2, #40]	@ 0x28
10001346:	1bdb      	subs	r3, r3, r7
10001348:	42b2      	cmp	r2, r6
1000134a:	4140      	adcs	r0, r0
1000134c:	1e5a      	subs	r2, r3, #1
1000134e:	4193      	sbcs	r3, r2
10001350:	4318      	orrs	r0, r3
10001352:	e79e      	b.n	10001292 <best_effort_wfe_or_timeout+0x36>
10001354:	455a      	cmp	r2, fp
10001356:	d1e6      	bne.n	10001326 <best_effort_wfe_or_timeout+0xca>
10001358:	bf20      	wfe
1000135a:	e7e4      	b.n	10001326 <best_effort_wfe_or_timeout+0xca>
1000135c:	40054000 	.word	0x40054000
10001360:	20000fe4 	.word	0x20000fe4
10001364:	10000b55 	.word	0x10000b55

10001368 <timer_hardware_alarm_claim>:
10001368:	b510      	push	{r4, lr}
1000136a:	4a02      	ldr	r2, [pc, #8]	@ (10001374 <timer_hardware_alarm_claim+0xc>)
1000136c:	4802      	ldr	r0, [pc, #8]	@ (10001378 <timer_hardware_alarm_claim+0x10>)
1000136e:	f7ff f92b 	bl	100005c8 <hw_claim_or_assert>
10001372:	bd10      	pop	{r4, pc}
10001374:	10007508 	.word	0x10007508
10001378:	20001c74 	.word	0x20001c74

1000137c <timer_time_us_64>:
1000137c:	0003      	movs	r3, r0
1000137e:	6a41      	ldr	r1, [r0, #36]	@ 0x24
10001380:	000a      	movs	r2, r1
10001382:	6a98      	ldr	r0, [r3, #40]	@ 0x28
10001384:	6a59      	ldr	r1, [r3, #36]	@ 0x24
10001386:	428a      	cmp	r2, r1
10001388:	d1fa      	bne.n	10001380 <timer_time_us_64+0x4>
1000138a:	4770      	bx	lr

1000138c <time_us_64>:
1000138c:	4b03      	ldr	r3, [pc, #12]	@ (1000139c <time_us_64+0x10>)
1000138e:	6a59      	ldr	r1, [r3, #36]	@ 0x24
10001390:	000a      	movs	r2, r1
10001392:	6a98      	ldr	r0, [r3, #40]	@ 0x28
10001394:	6a59      	ldr	r1, [r3, #36]	@ 0x24
10001396:	4291      	cmp	r1, r2
10001398:	d1fa      	bne.n	10001390 <time_us_64+0x4>
1000139a:	4770      	bx	lr
1000139c:	40054000 	.word	0x40054000

100013a0 <busy_wait_until>:
100013a0:	4a06      	ldr	r2, [pc, #24]	@ (100013bc <busy_wait_until+0x1c>)
100013a2:	6a53      	ldr	r3, [r2, #36]	@ 0x24
100013a4:	4299      	cmp	r1, r3
100013a6:	d8fc      	bhi.n	100013a2 <busy_wait_until+0x2>
100013a8:	d107      	bne.n	100013ba <busy_wait_until+0x1a>
100013aa:	4b04      	ldr	r3, [pc, #16]	@ (100013bc <busy_wait_until+0x1c>)
100013ac:	e002      	b.n	100013b4 <busy_wait_until+0x14>
100013ae:	6a5a      	ldr	r2, [r3, #36]	@ 0x24
100013b0:	4291      	cmp	r1, r2
100013b2:	d102      	bne.n	100013ba <busy_wait_until+0x1a>
100013b4:	6a9a      	ldr	r2, [r3, #40]	@ 0x28
100013b6:	4290      	cmp	r0, r2
100013b8:	d8f9      	bhi.n	100013ae <busy_wait_until+0xe>
100013ba:	4770      	bx	lr
100013bc:	40054000 	.word	0x40054000

100013c0 <clock_configure_int_divider>:
100013c0:	b5f8      	push	{r3, r4, r5, r6, r7, lr}
100013c2:	46de      	mov	lr, fp
100013c4:	464e      	mov	r6, r9
100013c6:	4657      	mov	r7, sl
100013c8:	4645      	mov	r5, r8
100013ca:	b5e0      	push	{r5, r6, r7, lr}
100013cc:	468b      	mov	fp, r1
100013ce:	0005      	movs	r5, r0
100013d0:	990a      	ldr	r1, [sp, #40]	@ 0x28
100013d2:	0018      	movs	r0, r3
100013d4:	0016      	movs	r6, r2
100013d6:	f000 faef 	bl	100019b8 <__wrap___aeabi_uidiv>
100013da:	9b0a      	ldr	r3, [sp, #40]	@ 0x28
100013dc:	006c      	lsls	r4, r5, #1
100013de:	021f      	lsls	r7, r3, #8
100013e0:	4b32      	ldr	r3, [pc, #200]	@ (100014ac <clock_configure_int_divider+0xec>)
100013e2:	1964      	adds	r4, r4, r5
100013e4:	469c      	mov	ip, r3
100013e6:	00a4      	lsls	r4, r4, #2
100013e8:	4464      	add	r4, ip
100013ea:	6863      	ldr	r3, [r4, #4]
100013ec:	4681      	mov	r9, r0
100013ee:	429f      	cmp	r7, r3
100013f0:	d900      	bls.n	100013f4 <clock_configure_int_divider+0x34>
100013f2:	6067      	str	r7, [r4, #4]
100013f4:	1f2b      	subs	r3, r5, #4
100013f6:	b2db      	uxtb	r3, r3
100013f8:	4698      	mov	r8, r3
100013fa:	2b01      	cmp	r3, #1
100013fc:	d930      	bls.n	10001460 <clock_configure_int_divider+0xa0>
100013fe:	23c0      	movs	r3, #192	@ 0xc0
10001400:	2280      	movs	r2, #128	@ 0x80
10001402:	019b      	lsls	r3, r3, #6
10001404:	18e3      	adds	r3, r4, r3
10001406:	0112      	lsls	r2, r2, #4
10001408:	601a      	str	r2, [r3, #0]
1000140a:	4b29      	ldr	r3, [pc, #164]	@ (100014b0 <clock_configure_int_divider+0xf0>)
1000140c:	00ad      	lsls	r5, r5, #2
1000140e:	5959      	ldr	r1, [r3, r5]
10001410:	469a      	mov	sl, r3
10001412:	2900      	cmp	r1, #0
10001414:	d11b      	bne.n	1000144e <clock_configure_int_divider+0x8e>
10001416:	0173      	lsls	r3, r6, #5
10001418:	26e0      	movs	r6, #224	@ 0xe0
1000141a:	6822      	ldr	r2, [r4, #0]
1000141c:	4053      	eors	r3, r2
1000141e:	401e      	ands	r6, r3
10001420:	2380      	movs	r3, #128	@ 0x80
10001422:	4642      	mov	r2, r8
10001424:	015b      	lsls	r3, r3, #5
10001426:	18e3      	adds	r3, r4, r3
10001428:	601e      	str	r6, [r3, #0]
1000142a:	2a01      	cmp	r2, #1
1000142c:	d930      	bls.n	10001490 <clock_configure_int_divider+0xd0>
1000142e:	2380      	movs	r3, #128	@ 0x80
10001430:	2280      	movs	r2, #128	@ 0x80
10001432:	019b      	lsls	r3, r3, #6
10001434:	18e3      	adds	r3, r4, r3
10001436:	0112      	lsls	r2, r2, #4
10001438:	601a      	str	r2, [r3, #0]
1000143a:	4653      	mov	r3, sl
1000143c:	464a      	mov	r2, r9
1000143e:	6067      	str	r7, [r4, #4]
10001440:	515a      	str	r2, [r3, r5]
10001442:	bcf0      	pop	{r4, r5, r6, r7}
10001444:	46bb      	mov	fp, r7
10001446:	46b2      	mov	sl, r6
10001448:	46a9      	mov	r9, r5
1000144a:	46a0      	mov	r8, r4
1000144c:	bdf8      	pop	{r3, r4, r5, r6, r7, pc}
1000144e:	6958      	ldr	r0, [r3, #20]
10001450:	f000 fab2 	bl	100019b8 <__wrap___aeabi_uidiv>
10001454:	3001      	adds	r0, #1
10001456:	0043      	lsls	r3, r0, #1
10001458:	181b      	adds	r3, r3, r0
1000145a:	3b03      	subs	r3, #3
1000145c:	d2fd      	bcs.n	1000145a <clock_configure_int_divider+0x9a>
1000145e:	e7da      	b.n	10001416 <clock_configure_int_divider+0x56>
10001460:	465b      	mov	r3, fp
10001462:	2b01      	cmp	r3, #1
10001464:	d1cb      	bne.n	100013fe <clock_configure_int_divider+0x3e>
10001466:	23c0      	movs	r3, #192	@ 0xc0
10001468:	2203      	movs	r2, #3
1000146a:	019b      	lsls	r3, r3, #6
1000146c:	18e3      	adds	r3, r4, r3
1000146e:	601a      	str	r2, [r3, #0]
10001470:	3a02      	subs	r2, #2
10001472:	68a3      	ldr	r3, [r4, #8]
10001474:	421a      	tst	r2, r3
10001476:	d0fc      	beq.n	10001472 <clock_configure_int_divider+0xb2>
10001478:	0173      	lsls	r3, r6, #5
1000147a:	26e0      	movs	r6, #224	@ 0xe0
1000147c:	6822      	ldr	r2, [r4, #0]
1000147e:	00ad      	lsls	r5, r5, #2
10001480:	4053      	eors	r3, r2
10001482:	401e      	ands	r6, r3
10001484:	2380      	movs	r3, #128	@ 0x80
10001486:	4a0a      	ldr	r2, [pc, #40]	@ (100014b0 <clock_configure_int_divider+0xf0>)
10001488:	015b      	lsls	r3, r3, #5
1000148a:	4692      	mov	sl, r2
1000148c:	18e3      	adds	r3, r4, r3
1000148e:	601e      	str	r6, [r3, #0]
10001490:	465a      	mov	r2, fp
10001492:	6821      	ldr	r1, [r4, #0]
10001494:	4051      	eors	r1, r2
10001496:	2203      	movs	r2, #3
10001498:	400a      	ands	r2, r1
1000149a:	601a      	str	r2, [r3, #0]
1000149c:	2201      	movs	r2, #1
1000149e:	465b      	mov	r3, fp
100014a0:	409a      	lsls	r2, r3
100014a2:	68a3      	ldr	r3, [r4, #8]
100014a4:	421a      	tst	r2, r3
100014a6:	d0fc      	beq.n	100014a2 <clock_configure_int_divider+0xe2>
100014a8:	e7c1      	b.n	1000142e <clock_configure_int_divider+0x6e>
100014aa:	46c0      	nop			@ (mov r8, r8)
100014ac:	40008000 	.word	0x40008000
100014b0:	20001c78 	.word	0x20001c78

100014b4 <clock_configure_undivided>:
100014b4:	b5f0      	push	{r4, r5, r6, r7, lr}
100014b6:	4646      	mov	r6, r8
100014b8:	464f      	mov	r7, r9
100014ba:	46d6      	mov	lr, sl
100014bc:	b5c0      	push	{r6, r7, lr}
100014be:	001f      	movs	r7, r3
100014c0:	4b34      	ldr	r3, [pc, #208]	@ (10001594 <clock_configure_undivided+0xe0>)
100014c2:	0044      	lsls	r4, r0, #1
100014c4:	469c      	mov	ip, r3
100014c6:	1824      	adds	r4, r4, r0
100014c8:	00a4      	lsls	r4, r4, #2
100014ca:	4464      	add	r4, ip
100014cc:	6863      	ldr	r3, [r4, #4]
100014ce:	4688      	mov	r8, r1
100014d0:	0016      	movs	r6, r2
100014d2:	2bff      	cmp	r3, #255	@ 0xff
100014d4:	d802      	bhi.n	100014dc <clock_configure_undivided+0x28>
100014d6:	2380      	movs	r3, #128	@ 0x80
100014d8:	005b      	lsls	r3, r3, #1
100014da:	6063      	str	r3, [r4, #4]
100014dc:	1f03      	subs	r3, r0, #4
100014de:	b2db      	uxtb	r3, r3
100014e0:	469a      	mov	sl, r3
100014e2:	2b01      	cmp	r3, #1
100014e4:	d930      	bls.n	10001548 <clock_configure_undivided+0x94>
100014e6:	23c0      	movs	r3, #192	@ 0xc0
100014e8:	2280      	movs	r2, #128	@ 0x80
100014ea:	019b      	lsls	r3, r3, #6
100014ec:	18e3      	adds	r3, r4, r3
100014ee:	0112      	lsls	r2, r2, #4
100014f0:	601a      	str	r2, [r3, #0]
100014f2:	4b29      	ldr	r3, [pc, #164]	@ (10001598 <clock_configure_undivided+0xe4>)
100014f4:	0085      	lsls	r5, r0, #2
100014f6:	5959      	ldr	r1, [r3, r5]
100014f8:	4699      	mov	r9, r3
100014fa:	2900      	cmp	r1, #0
100014fc:	d11b      	bne.n	10001536 <clock_configure_undivided+0x82>
100014fe:	0173      	lsls	r3, r6, #5
10001500:	26e0      	movs	r6, #224	@ 0xe0
10001502:	6822      	ldr	r2, [r4, #0]
10001504:	4053      	eors	r3, r2
10001506:	401e      	ands	r6, r3
10001508:	2380      	movs	r3, #128	@ 0x80
1000150a:	4652      	mov	r2, sl
1000150c:	015b      	lsls	r3, r3, #5
1000150e:	18e3      	adds	r3, r4, r3
10001510:	601e      	str	r6, [r3, #0]
10001512:	2a01      	cmp	r2, #1
10001514:	d930      	bls.n	10001578 <clock_configure_undivided+0xc4>
10001516:	2380      	movs	r3, #128	@ 0x80
10001518:	2280      	movs	r2, #128	@ 0x80
1000151a:	019b      	lsls	r3, r3, #6
1000151c:	18e3      	adds	r3, r4, r3
1000151e:	0112      	lsls	r2, r2, #4
10001520:	601a      	str	r2, [r3, #0]
10001522:	2380      	movs	r3, #128	@ 0x80
10001524:	005b      	lsls	r3, r3, #1
10001526:	6063      	str	r3, [r4, #4]
10001528:	464b      	mov	r3, r9
1000152a:	515f      	str	r7, [r3, r5]
1000152c:	bce0      	pop	{r5, r6, r7}
1000152e:	46ba      	mov	sl, r7
10001530:	46b1      	mov	r9, r6
10001532:	46a8      	mov	r8, r5
10001534:	bdf0      	pop	{r4, r5, r6, r7, pc}
10001536:	6958      	ldr	r0, [r3, #20]
10001538:	f000 fa3e 	bl	100019b8 <__wrap___aeabi_uidiv>
1000153c:	3001      	adds	r0, #1
1000153e:	0043      	lsls	r3, r0, #1
10001540:	181b      	adds	r3, r3, r0
10001542:	3b03      	subs	r3, #3
10001544:	d2fd      	bcs.n	10001542 <clock_configure_undivided+0x8e>
10001546:	e7da      	b.n	100014fe <clock_configure_undivided+0x4a>
10001548:	4643      	mov	r3, r8
1000154a:	2b01      	cmp	r3, #1
1000154c:	d1cb      	bne.n	100014e6 <clock_configure_undivided+0x32>
1000154e:	23c0      	movs	r3, #192	@ 0xc0
10001550:	2203      	movs	r2, #3
10001552:	019b      	lsls	r3, r3, #6
10001554:	18e3      	adds	r3, r4, r3
10001556:	601a      	str	r2, [r3, #0]
10001558:	3a02      	subs	r2, #2
1000155a:	68a3      	ldr	r3, [r4, #8]
1000155c:	421a      	tst	r2, r3
1000155e:	d0fc      	beq.n	1000155a <clock_configure_undivided+0xa6>
10001560:	0173      	lsls	r3, r6, #5
10001562:	26e0      	movs	r6, #224	@ 0xe0
10001564:	6822      	ldr	r2, [r4, #0]
10001566:	0085      	lsls	r5, r0, #2
10001568:	4053      	eors	r3, r2
1000156a:	401e      	ands	r6, r3
1000156c:	2380      	movs	r3, #128	@ 0x80
1000156e:	4a0a      	ldr	r2, [pc, #40]	@ (10001598 <clock_configure_undivided+0xe4>)
10001570:	015b      	lsls	r3, r3, #5
10001572:	4691      	mov	r9, r2
10001574:	18e3      	adds	r3, r4, r3
10001576:	601e      	str	r6, [r3, #0]
10001578:	4642      	mov	r2, r8
1000157a:	6821      	ldr	r1, [r4, #0]
1000157c:	4051      	eors	r1, r2
1000157e:	2203      	movs	r2, #3
10001580:	400a      	ands	r2, r1
10001582:	601a      	str	r2, [r3, #0]
10001584:	2301      	movs	r3, #1
10001586:	4642      	mov	r2, r8
10001588:	4093      	lsls	r3, r2
1000158a:	68a2      	ldr	r2, [r4, #8]
1000158c:	4213      	tst	r3, r2
1000158e:	d0fc      	beq.n	1000158a <clock_configure_undivided+0xd6>
10001590:	e7c1      	b.n	10001516 <clock_configure_undivided+0x62>
10001592:	46c0      	nop			@ (mov r8, r8)
10001594:	40008000 	.word	0x40008000
10001598:	20001c78 	.word	0x20001c78

1000159c <clock_get_hz>:
1000159c:	4b01      	ldr	r3, [pc, #4]	@ (100015a4 <clock_get_hz+0x8>)
1000159e:	0080      	lsls	r0, r0, #2
100015a0:	58c0      	ldr	r0, [r0, r3]
100015a2:	4770      	bx	lr
100015a4:	20001c78 	.word	0x20001c78

100015a8 <pll_init>:
100015a8:	b5f8      	push	{r3, r4, r5, r6, r7, lr}
100015aa:	0004      	movs	r4, r0
100015ac:	4821      	ldr	r0, [pc, #132]	@ (10001634 <pll_init+0x8c>)
100015ae:	001e      	movs	r6, r3
100015b0:	0017      	movs	r7, r2
100015b2:	000d      	movs	r5, r1
100015b4:	f000 fa00 	bl	100019b8 <__wrap___aeabi_uidiv>
100015b8:	0001      	movs	r1, r0
100015ba:	0038      	movs	r0, r7
100015bc:	f000 f9fc 	bl	100019b8 <__wrap___aeabi_uidiv>
100015c0:	9b06      	ldr	r3, [sp, #24]
100015c2:	0436      	lsls	r6, r6, #16
100015c4:	031b      	lsls	r3, r3, #12
100015c6:	431e      	orrs	r6, r3
100015c8:	6823      	ldr	r3, [r4, #0]
100015ca:	2b00      	cmp	r3, #0
100015cc:	db20      	blt.n	10001610 <pll_init+0x68>
100015ce:	4b1a      	ldr	r3, [pc, #104]	@ (10001638 <pll_init+0x90>)
100015d0:	491a      	ldr	r1, [pc, #104]	@ (1000163c <pll_init+0x94>)
100015d2:	18e3      	adds	r3, r4, r3
100015d4:	1e5a      	subs	r2, r3, #1
100015d6:	4193      	sbcs	r3, r2
100015d8:	2280      	movs	r2, #128	@ 0x80
100015da:	0192      	lsls	r2, r2, #6
100015dc:	4694      	mov	ip, r2
100015de:	425b      	negs	r3, r3
100015e0:	0b1b      	lsrs	r3, r3, #12
100015e2:	4a17      	ldr	r2, [pc, #92]	@ (10001640 <pll_init+0x98>)
100015e4:	031b      	lsls	r3, r3, #12
100015e6:	4463      	add	r3, ip
100015e8:	6013      	str	r3, [r2, #0]
100015ea:	4a16      	ldr	r2, [pc, #88]	@ (10001644 <pll_init+0x9c>)
100015ec:	6013      	str	r3, [r2, #0]
100015ee:	001f      	movs	r7, r3
100015f0:	680a      	ldr	r2, [r1, #0]
100015f2:	4397      	bics	r7, r2
100015f4:	d1fb      	bne.n	100015ee <pll_init+0x46>
100015f6:	4b14      	ldr	r3, [pc, #80]	@ (10001648 <pll_init+0xa0>)
100015f8:	6025      	str	r5, [r4, #0]
100015fa:	18e2      	adds	r2, r4, r3
100015fc:	2321      	movs	r3, #33	@ 0x21
100015fe:	60a0      	str	r0, [r4, #8]
10001600:	6013      	str	r3, [r2, #0]
10001602:	6823      	ldr	r3, [r4, #0]
10001604:	2b00      	cmp	r3, #0
10001606:	dafc      	bge.n	10001602 <pll_init+0x5a>
10001608:	2308      	movs	r3, #8
1000160a:	60e6      	str	r6, [r4, #12]
1000160c:	6013      	str	r3, [r2, #0]
1000160e:	bdf8      	pop	{r3, r4, r5, r6, r7, pc}
10001610:	233f      	movs	r3, #63	@ 0x3f
10001612:	6822      	ldr	r2, [r4, #0]
10001614:	4013      	ands	r3, r2
10001616:	42ab      	cmp	r3, r5
10001618:	d1d9      	bne.n	100015ce <pll_init+0x26>
1000161a:	68a3      	ldr	r3, [r4, #8]
1000161c:	051b      	lsls	r3, r3, #20
1000161e:	0d1b      	lsrs	r3, r3, #20
10001620:	4283      	cmp	r3, r0
10001622:	d1d4      	bne.n	100015ce <pll_init+0x26>
10001624:	22ee      	movs	r2, #238	@ 0xee
10001626:	68e3      	ldr	r3, [r4, #12]
10001628:	02d2      	lsls	r2, r2, #11
1000162a:	4013      	ands	r3, r2
1000162c:	42b3      	cmp	r3, r6
1000162e:	d1ce      	bne.n	100015ce <pll_init+0x26>
10001630:	e7ed      	b.n	1000160e <pll_init+0x66>
10001632:	46c0      	nop			@ (mov r8, r8)
10001634:	00b71b00 	.word	0x00b71b00
10001638:	bffd4000 	.word	0xbffd4000
1000163c:	4000c008 	.word	0x4000c008
10001640:	4000e000 	.word	0x4000e000
10001644:	4000f000 	.word	0x4000f000
10001648:	00003004 	.word	0x00003004

1000164c <watchdog_reboot>:
1000164c:	b510      	push	{r4, lr}
1000164e:	2480      	movs	r4, #128	@ 0x80
10001650:	4b1c      	ldr	r3, [pc, #112]	@ (100016c4 <watchdog_reboot+0x78>)
10001652:	05e4      	lsls	r4, r4, #23
10001654:	601c      	str	r4, [r3, #0]
10001656:	2800      	cmp	r0, #0
10001658:	d01a      	beq.n	10001690 <watchdog_reboot+0x44>
1000165a:	2301      	movs	r3, #1
1000165c:	4c1a      	ldr	r4, [pc, #104]	@ (100016c8 <watchdog_reboot+0x7c>)
1000165e:	4318      	orrs	r0, r3
10001660:	4b1a      	ldr	r3, [pc, #104]	@ (100016cc <watchdog_reboot+0x80>)
10001662:	61dc      	str	r4, [r3, #28]
10001664:	4c1a      	ldr	r4, [pc, #104]	@ (100016d0 <watchdog_reboot+0x84>)
10001666:	4044      	eors	r4, r0
10001668:	621c      	str	r4, [r3, #32]
1000166a:	6259      	str	r1, [r3, #36]	@ 0x24
1000166c:	6298      	str	r0, [r3, #40]	@ 0x28
1000166e:	2180      	movs	r1, #128	@ 0x80
10001670:	4b14      	ldr	r3, [pc, #80]	@ (100016c4 <watchdog_reboot+0x78>)
10001672:	05c9      	lsls	r1, r1, #23
10001674:	6019      	str	r1, [r3, #0]
10001676:	4817      	ldr	r0, [pc, #92]	@ (100016d4 <watchdog_reboot+0x88>)
10001678:	4917      	ldr	r1, [pc, #92]	@ (100016d8 <watchdog_reboot+0x8c>)
1000167a:	6008      	str	r0, [r1, #0]
1000167c:	21e0      	movs	r1, #224	@ 0xe0
1000167e:	04c9      	lsls	r1, r1, #19
10001680:	6019      	str	r1, [r3, #0]
10001682:	2a00      	cmp	r2, #0
10001684:	d107      	bne.n	10001696 <watchdog_reboot+0x4a>
10001686:	2280      	movs	r2, #128	@ 0x80
10001688:	4b14      	ldr	r3, [pc, #80]	@ (100016dc <watchdog_reboot+0x90>)
1000168a:	0612      	lsls	r2, r2, #24
1000168c:	601a      	str	r2, [r3, #0]
1000168e:	bd10      	pop	{r4, pc}
10001690:	4b0e      	ldr	r3, [pc, #56]	@ (100016cc <watchdog_reboot+0x80>)
10001692:	61d8      	str	r0, [r3, #28]
10001694:	e7eb      	b.n	1000166e <watchdog_reboot+0x22>
10001696:	0153      	lsls	r3, r2, #5
10001698:	1a9b      	subs	r3, r3, r2
1000169a:	009b      	lsls	r3, r3, #2
1000169c:	189a      	adds	r2, r3, r2
1000169e:	2380      	movs	r3, #128	@ 0x80
100016a0:	0112      	lsls	r2, r2, #4
100016a2:	045b      	lsls	r3, r3, #17
100016a4:	429a      	cmp	r2, r3
100016a6:	d209      	bcs.n	100016bc <watchdog_reboot+0x70>
100016a8:	0013      	movs	r3, r2
100016aa:	490d      	ldr	r1, [pc, #52]	@ (100016e0 <watchdog_reboot+0x94>)
100016ac:	600b      	str	r3, [r1, #0]
100016ae:	4b07      	ldr	r3, [pc, #28]	@ (100016cc <watchdog_reboot+0x80>)
100016b0:	605a      	str	r2, [r3, #4]
100016b2:	2280      	movs	r2, #128	@ 0x80
100016b4:	4b09      	ldr	r3, [pc, #36]	@ (100016dc <watchdog_reboot+0x90>)
100016b6:	05d2      	lsls	r2, r2, #23
100016b8:	601a      	str	r2, [r3, #0]
100016ba:	e7e8      	b.n	1000168e <watchdog_reboot+0x42>
100016bc:	4b09      	ldr	r3, [pc, #36]	@ (100016e4 <watchdog_reboot+0x98>)
100016be:	001a      	movs	r2, r3
100016c0:	e7f3      	b.n	100016aa <watchdog_reboot+0x5e>
100016c2:	46c0      	nop			@ (mov r8, r8)
100016c4:	4005b000 	.word	0x4005b000
100016c8:	b007c0d3 	.word	0xb007c0d3
100016cc:	40058000 	.word	0x40058000
100016d0:	4ff83f2d 	.word	0x4ff83f2d
100016d4:	0001fffc 	.word	0x0001fffc
100016d8:	40012008 	.word	0x40012008
100016dc:	4005a000 	.word	0x4005a000
100016e0:	200020d8 	.word	0x200020d8
100016e4:	00ffffff 	.word	0x00ffffff

100016e8 <tick_start>:
100016e8:	2380      	movs	r3, #128	@ 0x80
100016ea:	4a02      	ldr	r2, [pc, #8]	@ (100016f4 <tick_start+0xc>)
100016ec:	009b      	lsls	r3, r3, #2
100016ee:	430b      	orrs	r3, r1
100016f0:	62d3      	str	r3, [r2, #44]	@ 0x2c
100016f2:	4770      	bx	lr
100016f4:	40058000 	.word	0x40058000

100016f8 <rom_func_lookup>:
100016f8:	2300      	movs	r3, #0
100016fa:	b510      	push	{r4, lr}
100016fc:	0001      	movs	r1, r0
100016fe:	8a98      	ldrh	r0, [r3, #20]
10001700:	8b1b      	ldrh	r3, [r3, #24]
10001702:	4798      	blx	r3
10001704:	bd10      	pop	{r4, pc}
10001706:	46c0      	nop			@ (mov r8, r8)

10001708 <rom_data_lookup>:
10001708:	2316      	movs	r3, #22
1000170a:	b510      	push	{r4, lr}
1000170c:	0001      	movs	r1, r0
1000170e:	8818      	ldrh	r0, [r3, #0]
10001710:	3302      	adds	r3, #2
10001712:	881b      	ldrh	r3, [r3, #0]
10001714:	4798      	blx	r3
10001716:	bd10      	pop	{r4, pc}

10001718 <rom_funcs_lookup>:
10001718:	b5f8      	push	{r3, r4, r5, r6, r7, lr}
1000171a:	4647      	mov	r7, r8
1000171c:	46ce      	mov	lr, r9
1000171e:	b580      	push	{r7, lr}
10001720:	1e0f      	subs	r7, r1, #0
10001722:	d018      	beq.n	10001756 <rom_funcs_lookup+0x3e>
10001724:	2314      	movs	r3, #20
10001726:	4699      	mov	r9, r3
10001728:	3304      	adds	r3, #4
1000172a:	0004      	movs	r4, r0
1000172c:	2500      	movs	r5, #0
1000172e:	2601      	movs	r6, #1
10001730:	4698      	mov	r8, r3
10001732:	464b      	mov	r3, r9
10001734:	8818      	ldrh	r0, [r3, #0]
10001736:	4643      	mov	r3, r8
10001738:	6821      	ldr	r1, [r4, #0]
1000173a:	881b      	ldrh	r3, [r3, #0]
1000173c:	4798      	blx	r3
1000173e:	c401      	stmia	r4!, {r0}
10001740:	1e43      	subs	r3, r0, #1
10001742:	4198      	sbcs	r0, r3
10001744:	3501      	adds	r5, #1
10001746:	4006      	ands	r6, r0
10001748:	42af      	cmp	r7, r5
1000174a:	d1f2      	bne.n	10001732 <rom_funcs_lookup+0x1a>
1000174c:	0030      	movs	r0, r6
1000174e:	bcc0      	pop	{r6, r7}
10001750:	46b9      	mov	r9, r7
10001752:	46b0      	mov	r8, r6
10001754:	bdf8      	pop	{r3, r4, r5, r6, r7, pc}
10001756:	2601      	movs	r6, #1
10001758:	e7f8      	b.n	1000174c <rom_funcs_lookup+0x34>
1000175a:	46c0      	nop			@ (mov r8, r8)

1000175c <rom_reset_usb_boot_extra>:
1000175c:	2300      	movs	r3, #0
1000175e:	b570      	push	{r4, r5, r6, lr}
10001760:	0004      	movs	r4, r0
10001762:	000d      	movs	r5, r1
10001764:	8a98      	ldrh	r0, [r3, #20]
10001766:	4905      	ldr	r1, [pc, #20]	@ (1000177c <rom_reset_usb_boot_extra+0x20>)
10001768:	8b1b      	ldrh	r3, [r3, #24]
1000176a:	4798      	blx	r3
1000176c:	0003      	movs	r3, r0
1000176e:	2000      	movs	r0, #0
10001770:	2c00      	cmp	r4, #0
10001772:	db01      	blt.n	10001778 <rom_reset_usb_boot_extra+0x1c>
10001774:	3001      	adds	r0, #1
10001776:	40a0      	lsls	r0, r4
10001778:	0029      	movs	r1, r5
1000177a:	4798      	blx	r3
1000177c:	00004255 	.word	0x00004255

10001780 <xosc_init>:
10001780:	23aa      	movs	r3, #170	@ 0xaa
10001782:	4a06      	ldr	r2, [pc, #24]	@ (1000179c <xosc_init+0x1c>)
10001784:	011b      	lsls	r3, r3, #4
10001786:	6013      	str	r3, [r2, #0]
10001788:	238d      	movs	r3, #141	@ 0x8d
1000178a:	005b      	lsls	r3, r3, #1
1000178c:	60d3      	str	r3, [r2, #12]
1000178e:	4904      	ldr	r1, [pc, #16]	@ (100017a0 <xosc_init+0x20>)
10001790:	4b04      	ldr	r3, [pc, #16]	@ (100017a4 <xosc_init+0x24>)
10001792:	6019      	str	r1, [r3, #0]
10001794:	6853      	ldr	r3, [r2, #4]
10001796:	2b00      	cmp	r3, #0
10001798:	dafc      	bge.n	10001794 <xosc_init+0x14>
1000179a:	4770      	bx	lr
1000179c:	40024000 	.word	0x40024000
100017a0:	00fab000 	.word	0x00fab000
100017a4:	40026000 	.word	0x40026000

100017a8 <first_per_core_initializer>:
100017a8:	4770      	bx	lr
100017aa:	46c0      	nop			@ (mov r8, r8)

100017ac <hard_assertion_failure>:
100017ac:	b510      	push	{r4, lr}
100017ae:	4801      	ldr	r0, [pc, #4]	@ (100017b4 <hard_assertion_failure+0x8>)
100017b0:	f7fe fef2 	bl	10000598 <panic>
100017b4:	1000752c 	.word	0x1000752c

100017b8 <runtime_run_initializers>:
100017b8:	b570      	push	{r4, r5, r6, lr}
100017ba:	4d07      	ldr	r5, [pc, #28]	@ (100017d8 <runtime_run_initializers+0x20>)
100017bc:	4e07      	ldr	r6, [pc, #28]	@ (100017dc <runtime_run_initializers+0x24>)
100017be:	42b5      	cmp	r5, r6
100017c0:	d209      	bcs.n	100017d6 <runtime_run_initializers+0x1e>
100017c2:	2400      	movs	r4, #0
100017c4:	3e01      	subs	r6, #1
100017c6:	1b76      	subs	r6, r6, r5
100017c8:	08b6      	lsrs	r6, r6, #2
100017ca:	cd08      	ldmia	r5!, {r3}
100017cc:	4798      	blx	r3
100017ce:	0023      	movs	r3, r4
100017d0:	3401      	adds	r4, #1
100017d2:	42b3      	cmp	r3, r6
100017d4:	d1f9      	bne.n	100017ca <runtime_run_initializers+0x12>
100017d6:	bd70      	pop	{r4, r5, r6, pc}
100017d8:	10007418 	.word	0x10007418
100017dc:	10007454 	.word	0x10007454

100017e0 <runtime_init_early_resets>:
100017e0:	4b05      	ldr	r3, [pc, #20]	@ (100017f8 <runtime_init_early_resets+0x18>)
100017e2:	4a06      	ldr	r2, [pc, #24]	@ (100017fc <runtime_init_early_resets+0x1c>)
100017e4:	4906      	ldr	r1, [pc, #24]	@ (10001800 <runtime_init_early_resets+0x20>)
100017e6:	601a      	str	r2, [r3, #0]
100017e8:	4a06      	ldr	r2, [pc, #24]	@ (10001804 <runtime_init_early_resets+0x24>)
100017ea:	4b07      	ldr	r3, [pc, #28]	@ (10001808 <runtime_init_early_resets+0x28>)
100017ec:	601a      	str	r2, [r3, #0]
100017ee:	0010      	movs	r0, r2
100017f0:	680b      	ldr	r3, [r1, #0]
100017f2:	4398      	bics	r0, r3
100017f4:	d1fb      	bne.n	100017ee <runtime_init_early_resets+0xe>
100017f6:	4770      	bx	lr
100017f8:	4000e000 	.word	0x4000e000
100017fc:	fefbcdbf 	.word	0xfefbcdbf
10001800:	4000c008 	.word	0x4000c008
10001804:	003c7ffe 	.word	0x003c7ffe
10001808:	4000f000 	.word	0x4000f000

1000180c <runtime_init_usb_power_down>:
1000180c:	4b04      	ldr	r3, [pc, #16]	@ (10001820 <runtime_init_usb_power_down+0x14>)
1000180e:	6cdb      	ldr	r3, [r3, #76]	@ 0x4c
10001810:	2b00      	cmp	r3, #0
10001812:	d103      	bne.n	1000181c <runtime_init_usb_power_down+0x10>
10001814:	2280      	movs	r2, #128	@ 0x80
10001816:	4b03      	ldr	r3, [pc, #12]	@ (10001824 <runtime_init_usb_power_down+0x18>)
10001818:	02d2      	lsls	r2, r2, #11
1000181a:	601a      	str	r2, [r3, #0]
1000181c:	4770      	bx	lr
1000181e:	46c0      	nop			@ (mov r8, r8)
10001820:	50110000 	.word	0x50110000
10001824:	5011204c 	.word	0x5011204c

10001828 <runtime_init_post_clock_resets>:
10001828:	4a04      	ldr	r2, [pc, #16]	@ (1000183c <runtime_init_post_clock_resets+0x14>)
1000182a:	4b05      	ldr	r3, [pc, #20]	@ (10001840 <runtime_init_post_clock_resets+0x18>)
1000182c:	601a      	str	r2, [r3, #0]
1000182e:	4a05      	ldr	r2, [pc, #20]	@ (10001844 <runtime_init_post_clock_resets+0x1c>)
10001830:	6813      	ldr	r3, [r2, #0]
10001832:	01db      	lsls	r3, r3, #7
10001834:	3380      	adds	r3, #128	@ 0x80
10001836:	d1fb      	bne.n	10001830 <runtime_init_post_clock_resets+0x8>
10001838:	4770      	bx	lr
1000183a:	46c0      	nop			@ (mov r8, r8)
1000183c:	01ffffff 	.word	0x01ffffff
10001840:	4000f000 	.word	0x4000f000
10001844:	4000c008 	.word	0x4000c008

10001848 <runtime_init_rp2040_gpio_ie_disable>:
10001848:	2240      	movs	r2, #64	@ 0x40
1000184a:	4b03      	ldr	r3, [pc, #12]	@ (10001858 <runtime_init_rp2040_gpio_ie_disable+0x10>)
1000184c:	679a      	str	r2, [r3, #120]	@ 0x78
1000184e:	675a      	str	r2, [r3, #116]	@ 0x74
10001850:	671a      	str	r2, [r3, #112]	@ 0x70
10001852:	66da      	str	r2, [r3, #108]	@ 0x6c
10001854:	4770      	bx	lr
10001856:	46c0      	nop			@ (mov r8, r8)
10001858:	4001f000 	.word	0x4001f000

1000185c <runtime_init_spin_locks_reset>:
1000185c:	b510      	push	{r4, lr}
1000185e:	f7fe ff37 	bl	100006d0 <spin_locks_reset>
10001862:	bd10      	pop	{r4, pc}

10001864 <runtime_init_install_ram_vector_table>:
10001864:	b570      	push	{r4, r5, r6, lr}
10001866:	4d04      	ldr	r5, [pc, #16]	@ (10001878 <runtime_init_install_ram_vector_table+0x14>)
10001868:	4c04      	ldr	r4, [pc, #16]	@ (1000187c <runtime_init_install_ram_vector_table+0x18>)
1000186a:	68a9      	ldr	r1, [r5, #8]
1000186c:	22c0      	movs	r2, #192	@ 0xc0
1000186e:	0020      	movs	r0, r4
10001870:	f000 ff90 	bl	10002794 <__wrap___aeabi_memcpy>
10001874:	60ac      	str	r4, [r5, #8]
10001876:	bd70      	pop	{r4, r5, r6, pc}
10001878:	e000ed00 	.word	0xe000ed00
1000187c:	20000000 	.word	0x20000000

10001880 <runtime_init_clocks>:
10001880:	2300      	movs	r3, #0
10001882:	b510      	push	{r4, lr}
10001884:	4c29      	ldr	r4, [pc, #164]	@ (1000192c <runtime_init_clocks+0xac>)
10001886:	b082      	sub	sp, #8
10001888:	67a3      	str	r3, [r4, #120]	@ 0x78
1000188a:	f7ff ff79 	bl	10001780 <xosc_init>
1000188e:	2201      	movs	r2, #1
10001890:	4b27      	ldr	r3, [pc, #156]	@ (10001930 <runtime_init_clocks+0xb0>)
10001892:	601a      	str	r2, [r3, #0]
10001894:	6c63      	ldr	r3, [r4, #68]	@ 0x44
10001896:	2b01      	cmp	r3, #1
10001898:	d1fc      	bne.n	10001894 <runtime_init_clocks+0x14>
1000189a:	2203      	movs	r2, #3
1000189c:	4b25      	ldr	r3, [pc, #148]	@ (10001934 <runtime_init_clocks+0xb4>)
1000189e:	601a      	str	r2, [r3, #0]
100018a0:	4a22      	ldr	r2, [pc, #136]	@ (1000192c <runtime_init_clocks+0xac>)
100018a2:	6b93      	ldr	r3, [r2, #56]	@ 0x38
100018a4:	2b01      	cmp	r3, #1
100018a6:	d1fc      	bne.n	100018a2 <runtime_init_clocks+0x22>
100018a8:	3301      	adds	r3, #1
100018aa:	9300      	str	r3, [sp, #0]
100018ac:	2101      	movs	r1, #1
100018ae:	4a22      	ldr	r2, [pc, #136]	@ (10001938 <runtime_init_clocks+0xb8>)
100018b0:	4822      	ldr	r0, [pc, #136]	@ (1000193c <runtime_init_clocks+0xbc>)
100018b2:	3304      	adds	r3, #4
100018b4:	f7ff fe78 	bl	100015a8 <pll_init>
100018b8:	2305      	movs	r3, #5
100018ba:	2101      	movs	r1, #1
100018bc:	9300      	str	r3, [sp, #0]
100018be:	4a20      	ldr	r2, [pc, #128]	@ (10001940 <runtime_init_clocks+0xc0>)
100018c0:	4820      	ldr	r0, [pc, #128]	@ (10001944 <runtime_init_clocks+0xc4>)
100018c2:	f7ff fe71 	bl	100015a8 <pll_init>
100018c6:	2200      	movs	r2, #0
100018c8:	2102      	movs	r1, #2
100018ca:	2004      	movs	r0, #4
100018cc:	4b1e      	ldr	r3, [pc, #120]	@ (10001948 <runtime_init_clocks+0xc8>)
100018ce:	f7ff fdf1 	bl	100014b4 <clock_configure_undivided>
100018d2:	2200      	movs	r2, #0
100018d4:	2101      	movs	r1, #1
100018d6:	2005      	movs	r0, #5
100018d8:	4b1c      	ldr	r3, [pc, #112]	@ (1000194c <runtime_init_clocks+0xcc>)
100018da:	f7ff fdeb 	bl	100014b4 <clock_configure_undivided>
100018de:	2200      	movs	r2, #0
100018e0:	2100      	movs	r1, #0
100018e2:	2007      	movs	r0, #7
100018e4:	4b1a      	ldr	r3, [pc, #104]	@ (10001950 <runtime_init_clocks+0xd0>)
100018e6:	f7ff fde5 	bl	100014b4 <clock_configure_undivided>
100018ea:	2200      	movs	r2, #0
100018ec:	2100      	movs	r1, #0
100018ee:	2008      	movs	r0, #8
100018f0:	4b17      	ldr	r3, [pc, #92]	@ (10001950 <runtime_init_clocks+0xd0>)
100018f2:	f7ff fddf 	bl	100014b4 <clock_configure_undivided>
100018f6:	2380      	movs	r3, #128	@ 0x80
100018f8:	00db      	lsls	r3, r3, #3
100018fa:	9300      	str	r3, [sp, #0]
100018fc:	2200      	movs	r2, #0
100018fe:	2100      	movs	r1, #0
10001900:	2009      	movs	r0, #9
10001902:	4b13      	ldr	r3, [pc, #76]	@ (10001950 <runtime_init_clocks+0xd0>)
10001904:	f7ff fd5c 	bl	100013c0 <clock_configure_int_divider>
10001908:	2200      	movs	r2, #0
1000190a:	4b10      	ldr	r3, [pc, #64]	@ (1000194c <runtime_init_clocks+0xcc>)
1000190c:	2100      	movs	r1, #0
1000190e:	2006      	movs	r0, #6
10001910:	f7ff fdd0 	bl	100014b4 <clock_configure_undivided>
10001914:	2004      	movs	r0, #4
10001916:	f7ff fe41 	bl	1000159c <clock_get_hz>
1000191a:	490e      	ldr	r1, [pc, #56]	@ (10001954 <runtime_init_clocks+0xd4>)
1000191c:	f000 f84c 	bl	100019b8 <__wrap___aeabi_uidiv>
10001920:	0001      	movs	r1, r0
10001922:	2000      	movs	r0, #0
10001924:	f7ff fee0 	bl	100016e8 <tick_start>
10001928:	b002      	add	sp, #8
1000192a:	bd10      	pop	{r4, pc}
1000192c:	40008000 	.word	0x40008000
10001930:	4000b03c 	.word	0x4000b03c
10001934:	4000b030 	.word	0x4000b030
10001938:	59682f00 	.word	0x59682f00
1000193c:	40028000 	.word	0x40028000
10001940:	47868c00 	.word	0x47868c00
10001944:	4002c000 	.word	0x4002c000
10001948:	00b71b00 	.word	0x00b71b00
1000194c:	07735940 	.word	0x07735940
10001950:	02dc6c00 	.word	0x02dc6c00
10001954:	000f4240 	.word	0x000f4240

10001958 <__aeabi_bits_init>:
10001958:	4801      	ldr	r0, [pc, #4]	@ (10001960 <__aeabi_bits_init+0x8>)
1000195a:	2104      	movs	r1, #4
1000195c:	4b01      	ldr	r3, [pc, #4]	@ (10001964 <__aeabi_bits_init+0xc>)
1000195e:	4718      	bx	r3
10001960:	20001000 	.word	0x20001000
10001964:	10001719 	.word	0x10001719

10001968 <__wrap___aeabi_idiv>:
10001968:	4a12      	ldr	r2, [pc, #72]	@ (100019b4 <divmod_s32s32_savestate+0x18>)
1000196a:	6f93      	ldr	r3, [r2, #120]	@ 0x78
1000196c:	089b      	lsrs	r3, r3, #2
1000196e:	d215      	bcs.n	1000199c <divmod_s32s32_savestate>

10001970 <divmod_s32s32_unsafe>:
10001970:	6690      	str	r0, [r2, #104]	@ 0x68
10001972:	66d1      	str	r1, [r2, #108]	@ 0x6c
10001974:	2900      	cmp	r1, #0
10001976:	d005      	beq.n	10001984 <divmod_s32s32_unsafe+0x14>
10001978:	e7ff      	b.n	1000197a <divmod_s32s32_unsafe+0xa>
1000197a:	e7ff      	b.n	1000197c <divmod_s32s32_unsafe+0xc>
1000197c:	e7ff      	b.n	1000197e <divmod_s32s32_unsafe+0xe>
1000197e:	6f51      	ldr	r1, [r2, #116]	@ 0x74
10001980:	6f10      	ldr	r0, [r2, #112]	@ 0x70
10001982:	4770      	bx	lr
10001984:	b504      	push	{r2, lr}
10001986:	2180      	movs	r1, #128	@ 0x80
10001988:	0609      	lsls	r1, r1, #24
1000198a:	17c2      	asrs	r2, r0, #31
1000198c:	4051      	eors	r1, r2
1000198e:	2800      	cmp	r0, #0
10001990:	d000      	beq.n	10001994 <divmod_s32s32_unsafe+0x24>
10001992:	43c8      	mvns	r0, r1
10001994:	f005 fd08 	bl	100073a8 <____aeabi_idiv0_veneer>
10001998:	2100      	movs	r1, #0
1000199a:	bd04      	pop	{r2, pc}

1000199c <divmod_s32s32_savestate>:
1000199c:	b5f0      	push	{r4, r5, r6, r7, lr}
1000199e:	6e14      	ldr	r4, [r2, #96]	@ 0x60
100019a0:	6e55      	ldr	r5, [r2, #100]	@ 0x64
100019a2:	6f57      	ldr	r7, [r2, #116]	@ 0x74
100019a4:	6f16      	ldr	r6, [r2, #112]	@ 0x70
100019a6:	f7ff ffe3 	bl	10001970 <divmod_s32s32_unsafe>
100019aa:	6614      	str	r4, [r2, #96]	@ 0x60
100019ac:	6655      	str	r5, [r2, #100]	@ 0x64
100019ae:	6757      	str	r7, [r2, #116]	@ 0x74
100019b0:	6716      	str	r6, [r2, #112]	@ 0x70
100019b2:	bdf0      	pop	{r4, r5, r6, r7, pc}
100019b4:	d0000000 	.word	0xd0000000

100019b8 <__wrap___aeabi_uidiv>:
100019b8:	4a11      	ldr	r2, [pc, #68]	@ (10001a00 <divmod_u32u32_savestate+0x18>)
100019ba:	6f93      	ldr	r3, [r2, #120]	@ 0x78
100019bc:	089b      	lsrs	r3, r3, #2
100019be:	d213      	bcs.n	100019e8 <divmod_u32u32_savestate>

100019c0 <divmod_u32u32_unsafe>:
100019c0:	6610      	str	r0, [r2, #96]	@ 0x60
100019c2:	6651      	str	r1, [r2, #100]	@ 0x64
100019c4:	2900      	cmp	r1, #0
100019c6:	d005      	beq.n	100019d4 <divmod_u32u32_unsafe+0x14>
100019c8:	e7ff      	b.n	100019ca <divmod_u32u32_unsafe+0xa>
100019ca:	e7ff      	b.n	100019cc <divmod_u32u32_unsafe+0xc>
100019cc:	e7ff      	b.n	100019ce <divmod_u32u32_unsafe+0xe>
100019ce:	6f51      	ldr	r1, [r2, #116]	@ 0x74
100019d0:	6f10      	ldr	r0, [r2, #112]	@ 0x70
100019d2:	4770      	bx	lr
100019d4:	b504      	push	{r2, lr}
100019d6:	2800      	cmp	r0, #0
100019d8:	d001      	beq.n	100019de <divmod_u32u32_unsafe+0x1e>
100019da:	2000      	movs	r0, #0
100019dc:	43c0      	mvns	r0, r0
100019de:	f005 fce3 	bl	100073a8 <____aeabi_idiv0_veneer>
100019e2:	2100      	movs	r1, #0
100019e4:	bd04      	pop	{r2, pc}
100019e6:	46c0      	nop			@ (mov r8, r8)

100019e8 <divmod_u32u32_savestate>:
100019e8:	b5f0      	push	{r4, r5, r6, r7, lr}
100019ea:	6e14      	ldr	r4, [r2, #96]	@ 0x60
100019ec:	6e55      	ldr	r5, [r2, #100]	@ 0x64
100019ee:	6f57      	ldr	r7, [r2, #116]	@ 0x74
100019f0:	6f16      	ldr	r6, [r2, #112]	@ 0x70
100019f2:	f7ff ffe5 	bl	100019c0 <divmod_u32u32_unsafe>
100019f6:	6614      	str	r4, [r2, #96]	@ 0x60
100019f8:	6655      	str	r5, [r2, #100]	@ 0x64
100019fa:	6757      	str	r7, [r2, #116]	@ 0x74
100019fc:	6716      	str	r6, [r2, #112]	@ 0x70
100019fe:	bdf0      	pop	{r4, r5, r6, r7, pc}
10001a00:	d0000000 	.word	0xd0000000

10001a04 <__wrap___aeabi_ldivmod>:
10001a04:	4694      	mov	ip, r2
10001a06:	4a4a      	ldr	r2, [pc, #296]	@ (10001b30 <udiv0+0x1a>)
10001a08:	6f92      	ldr	r2, [r2, #120]	@ 0x78
10001a0a:	0892      	lsrs	r2, r2, #2
10001a0c:	4662      	mov	r2, ip
10001a0e:	d201      	bcs.n	10001a14 <divmod_s64s64_savestate>
10001a10:	e028      	b.n	10001a64 <divmod_s64s64_unsafe>
10001a12:	46c0      	nop			@ (mov r8, r8)

10001a14 <divmod_s64s64_savestate>:
10001a14:	b5f0      	push	{r4, r5, r6, r7, lr}
10001a16:	4e46      	ldr	r6, [pc, #280]	@ (10001b30 <udiv0+0x1a>)
10001a18:	6e34      	ldr	r4, [r6, #96]	@ 0x60
10001a1a:	6e75      	ldr	r5, [r6, #100]	@ 0x64
10001a1c:	6f77      	ldr	r7, [r6, #116]	@ 0x74
10001a1e:	6f36      	ldr	r6, [r6, #112]	@ 0x70
10001a20:	f000 f820 	bl	10001a64 <divmod_s64s64_unsafe>
10001a24:	4694      	mov	ip, r2
10001a26:	4a42      	ldr	r2, [pc, #264]	@ (10001b30 <udiv0+0x1a>)
10001a28:	6614      	str	r4, [r2, #96]	@ 0x60
10001a2a:	6655      	str	r5, [r2, #100]	@ 0x64
10001a2c:	6757      	str	r7, [r2, #116]	@ 0x74
10001a2e:	6716      	str	r6, [r2, #112]	@ 0x70
10001a30:	4662      	mov	r2, ip
10001a32:	bdf0      	pop	{r4, r5, r6, r7, pc}

10001a34 <__wrap___aeabi_uldivmod>:
10001a34:	4694      	mov	ip, r2
10001a36:	4a3e      	ldr	r2, [pc, #248]	@ (10001b30 <udiv0+0x1a>)
10001a38:	6f92      	ldr	r2, [r2, #120]	@ 0x78
10001a3a:	0892      	lsrs	r2, r2, #2
10001a3c:	4662      	mov	r2, ip
10001a3e:	d201      	bcs.n	10001a44 <divmod_u64u64_savestate>
10001a40:	e054      	b.n	10001aec <divmod_u64u64_unsafe>
10001a42:	46c0      	nop			@ (mov r8, r8)

10001a44 <divmod_u64u64_savestate>:
10001a44:	b5f0      	push	{r4, r5, r6, r7, lr}
10001a46:	4e3a      	ldr	r6, [pc, #232]	@ (10001b30 <udiv0+0x1a>)
10001a48:	6e34      	ldr	r4, [r6, #96]	@ 0x60
10001a4a:	6e75      	ldr	r5, [r6, #100]	@ 0x64
10001a4c:	6f77      	ldr	r7, [r6, #116]	@ 0x74
10001a4e:	6f36      	ldr	r6, [r6, #112]	@ 0x70
10001a50:	f000 f84c 	bl	10001aec <divmod_u64u64_unsafe>
10001a54:	4694      	mov	ip, r2
10001a56:	4a36      	ldr	r2, [pc, #216]	@ (10001b30 <udiv0+0x1a>)
10001a58:	6614      	str	r4, [r2, #96]	@ 0x60
10001a5a:	6655      	str	r5, [r2, #100]	@ 0x64
10001a5c:	6757      	str	r7, [r2, #116]	@ 0x74
10001a5e:	6716      	str	r6, [r2, #112]	@ 0x70
10001a60:	4662      	mov	r2, ip
10001a62:	bdf0      	pop	{r4, r5, r6, r7, pc}

10001a64 <divmod_s64s64_unsafe>:
10001a64:	2b00      	cmp	r3, #0
10001a66:	db24      	blt.n	10001ab2 <l42_1+0x26>
10001a68:	d011      	beq.n	10001a8e <l42_1+0x2>
10001a6a:	2900      	cmp	r1, #0
10001a6c:	da3e      	bge.n	10001aec <divmod_u64u64_unsafe>
10001a6e:	b500      	push	{lr}
10001a70:	43c9      	mvns	r1, r1
10001a72:	4240      	negs	r0, r0
10001a74:	d100      	bne.n	10001a78 <l40_1>
10001a76:	3101      	adds	r1, #1

10001a78 <l40_1>:
10001a78:	f000 f838 	bl	10001aec <divmod_u64u64_unsafe>
10001a7c:	43c9      	mvns	r1, r1
10001a7e:	4240      	negs	r0, r0
10001a80:	d100      	bne.n	10001a84 <l41_1>
10001a82:	3101      	adds	r1, #1

10001a84 <l41_1>:
10001a84:	43db      	mvns	r3, r3
10001a86:	4252      	negs	r2, r2
10001a88:	d100      	bne.n	10001a8c <l42_1>
10001a8a:	3301      	adds	r3, #1

10001a8c <l42_1>:
10001a8c:	bd00      	pop	{pc}
10001a8e:	2a00      	cmp	r2, #0
10001a90:	d1eb      	bne.n	10001a6a <divmod_s64s64_unsafe+0x6>
10001a92:	2800      	cmp	r0, #0
10001a94:	d101      	bne.n	10001a9a <l42_1+0xe>
10001a96:	2900      	cmp	r1, #0
10001a98:	d005      	beq.n	10001aa6 <l42_1+0x1a>
10001a9a:	2000      	movs	r0, #0
10001a9c:	0fc9      	lsrs	r1, r1, #31
10001a9e:	07c9      	lsls	r1, r1, #31
10001aa0:	d101      	bne.n	10001aa6 <l42_1+0x1a>
10001aa2:	43c0      	mvns	r0, r0
10001aa4:	0841      	lsrs	r1, r0, #1
10001aa6:	b500      	push	{lr}
10001aa8:	f005 fc6e 	bl	10007388 <____aeabi_ldiv0_veneer>
10001aac:	2200      	movs	r2, #0
10001aae:	2300      	movs	r3, #0
10001ab0:	bd00      	pop	{pc}
10001ab2:	b500      	push	{lr}
10001ab4:	2900      	cmp	r1, #0
10001ab6:	db0a      	blt.n	10001ace <l44_1+0x2>
10001ab8:	43db      	mvns	r3, r3
10001aba:	4252      	negs	r2, r2
10001abc:	d100      	bne.n	10001ac0 <l43_1>
10001abe:	3301      	adds	r3, #1

10001ac0 <l43_1>:
10001ac0:	f000 f814 	bl	10001aec <divmod_u64u64_unsafe>
10001ac4:	43c9      	mvns	r1, r1
10001ac6:	4240      	negs	r0, r0
10001ac8:	d100      	bne.n	10001acc <l44_1>
10001aca:	3101      	adds	r1, #1

10001acc <l44_1>:
10001acc:	bd00      	pop	{pc}
10001ace:	43c9      	mvns	r1, r1
10001ad0:	4240      	negs	r0, r0
10001ad2:	d100      	bne.n	10001ad6 <l45_1>
10001ad4:	3101      	adds	r1, #1

10001ad6 <l45_1>:
10001ad6:	43db      	mvns	r3, r3
10001ad8:	4252      	negs	r2, r2
10001ada:	d100      	bne.n	10001ade <l46_1>
10001adc:	3301      	adds	r3, #1

10001ade <l46_1>:
10001ade:	f000 f805 	bl	10001aec <divmod_u64u64_unsafe>
10001ae2:	43db      	mvns	r3, r3
10001ae4:	4252      	negs	r2, r2
10001ae6:	d100      	bne.n	10001aea <l47_1>
10001ae8:	3301      	adds	r3, #1

10001aea <l47_1>:
10001aea:	bd00      	pop	{pc}

10001aec <divmod_u64u64_unsafe>:
10001aec:	2900      	cmp	r1, #0
10001aee:	d123      	bne.n	10001b38 <y64>
10001af0:	2b00      	cmp	r3, #0
10001af2:	d118      	bne.n	10001b26 <udiv0+0x10>
10001af4:	2a00      	cmp	r2, #0
10001af6:	d00c      	beq.n	10001b12 <divmod_u64u64_unsafe+0x26>
10001af8:	46bc      	mov	ip, r7
10001afa:	4f0d      	ldr	r7, [pc, #52]	@ (10001b30 <udiv0+0x1a>)
10001afc:	6638      	str	r0, [r7, #96]	@ 0x60
10001afe:	667a      	str	r2, [r7, #100]	@ 0x64
10001b00:	2100      	movs	r1, #0
10001b02:	2300      	movs	r3, #0
10001b04:	e7ff      	b.n	10001b06 <divmod_u64u64_unsafe+0x1a>
10001b06:	e7ff      	b.n	10001b08 <divmod_u64u64_unsafe+0x1c>
10001b08:	e7ff      	b.n	10001b0a <divmod_u64u64_unsafe+0x1e>
10001b0a:	6f7a      	ldr	r2, [r7, #116]	@ 0x74
10001b0c:	6f38      	ldr	r0, [r7, #112]	@ 0x70
10001b0e:	4667      	mov	r7, ip
10001b10:	4770      	bx	lr
10001b12:	2800      	cmp	r0, #0
10001b14:	d001      	beq.n	10001b1a <udiv0+0x4>

10001b16 <udiv0>:
10001b16:	4807      	ldr	r0, [pc, #28]	@ (10001b34 <udiv0+0x1e>)
10001b18:	0001      	movs	r1, r0
10001b1a:	b500      	push	{lr}
10001b1c:	f005 fc34 	bl	10007388 <____aeabi_ldiv0_veneer>
10001b20:	2200      	movs	r2, #0
10001b22:	2300      	movs	r3, #0
10001b24:	bd00      	pop	{pc}
10001b26:	0002      	movs	r2, r0
10001b28:	000b      	movs	r3, r1
10001b2a:	2000      	movs	r0, #0
10001b2c:	2100      	movs	r1, #0
10001b2e:	4770      	bx	lr
10001b30:	d0000000 	.word	0xd0000000
10001b34:	ffffffff 	.word	0xffffffff

10001b38 <y64>:
10001b38:	2b00      	cmp	r3, #0
10001b3a:	d000      	beq.n	10001b3e <y64+0x6>
10001b3c:	e0bf      	b.n	10001cbe <y64_x48>
10001b3e:	0c13      	lsrs	r3, r2, #16
10001b40:	d128      	bne.n	10001b94 <y64_x32>
10001b42:	2a00      	cmp	r2, #0
10001b44:	d0e7      	beq.n	10001b16 <udiv0>
10001b46:	b480      	push	{r7}
10001b48:	4f11      	ldr	r7, [pc, #68]	@ (10001b90 <y64+0x58>)
10001b4a:	6639      	str	r1, [r7, #96]	@ 0x60
10001b4c:	667a      	str	r2, [r7, #100]	@ 0x64
10001b4e:	e7ff      	b.n	10001b50 <y64+0x18>
10001b50:	e7ff      	b.n	10001b52 <y64+0x1a>
10001b52:	b430      	push	{r4, r5}
10001b54:	0c04      	lsrs	r4, r0, #16
10001b56:	6f7b      	ldr	r3, [r7, #116]	@ 0x74
10001b58:	6f39      	ldr	r1, [r7, #112]	@ 0x70
10001b5a:	041b      	lsls	r3, r3, #16
10001b5c:	4323      	orrs	r3, r4
10001b5e:	663b      	str	r3, [r7, #96]	@ 0x60
10001b60:	667a      	str	r2, [r7, #100]	@ 0x64
10001b62:	e7ff      	b.n	10001b64 <y64+0x2c>
10001b64:	e7ff      	b.n	10001b66 <y64+0x2e>
10001b66:	e7ff      	b.n	10001b68 <y64+0x30>
10001b68:	46c0      	nop			@ (mov r8, r8)
10001b6a:	b284      	uxth	r4, r0
10001b6c:	6f7b      	ldr	r3, [r7, #116]	@ 0x74
10001b6e:	6f3d      	ldr	r5, [r7, #112]	@ 0x70
10001b70:	041b      	lsls	r3, r3, #16
10001b72:	4323      	orrs	r3, r4
10001b74:	663b      	str	r3, [r7, #96]	@ 0x60
10001b76:	667a      	str	r2, [r7, #100]	@ 0x64
10001b78:	e7ff      	b.n	10001b7a <y64+0x42>
10001b7a:	e7ff      	b.n	10001b7c <y64+0x44>
10001b7c:	46c0      	nop			@ (mov r8, r8)
10001b7e:	2300      	movs	r3, #0
10001b80:	042c      	lsls	r4, r5, #16
10001b82:	0c2d      	lsrs	r5, r5, #16
10001b84:	6f7a      	ldr	r2, [r7, #116]	@ 0x74
10001b86:	6f38      	ldr	r0, [r7, #112]	@ 0x70
10001b88:	1900      	adds	r0, r0, r4
10001b8a:	4169      	adcs	r1, r5
10001b8c:	bcb0      	pop	{r4, r5, r7}
10001b8e:	4770      	bx	lr
10001b90:	d0000000 	.word	0xd0000000

10001b94 <y64_x32>:
10001b94:	b5f0      	push	{r4, r5, r6, r7, lr}
10001b96:	4694      	mov	ip, r2
10001b98:	2500      	movs	r5, #0
10001b9a:	0e14      	lsrs	r4, r2, #24
10001b9c:	d101      	bne.n	10001ba2 <y64_x32+0xe>
10001b9e:	0212      	lsls	r2, r2, #8
10001ba0:	3508      	adds	r5, #8
10001ba2:	0f14      	lsrs	r4, r2, #28
10001ba4:	d101      	bne.n	10001baa <y64_x32+0x16>
10001ba6:	0112      	lsls	r2, r2, #4
10001ba8:	3504      	adds	r5, #4
10001baa:	0f94      	lsrs	r4, r2, #30
10001bac:	d101      	bne.n	10001bb2 <y64_x32+0x1e>
10001bae:	0092      	lsls	r2, r2, #2
10001bb0:	3502      	adds	r5, #2
10001bb2:	0fd4      	lsrs	r4, r2, #31
10001bb4:	d101      	bne.n	10001bba <y64_x32+0x26>
10001bb6:	0052      	lsls	r2, r2, #1
10001bb8:	3501      	adds	r5, #1
10001bba:	0bd4      	lsrs	r4, r2, #15
10001bbc:	3401      	adds	r4, #1
10001bbe:	4f25      	ldr	r7, [pc, #148]	@ (10001c54 <y64_x32+0xc0>)
10001bc0:	667c      	str	r4, [r7, #100]	@ 0x64
10001bc2:	4c25      	ldr	r4, [pc, #148]	@ (10001c58 <y64_x32+0xc4>)
10001bc4:	663c      	str	r4, [r7, #96]	@ 0x60
10001bc6:	0c0e      	lsrs	r6, r1, #16
10001bc8:	b293      	uxth	r3, r2
10001bca:	e7ff      	b.n	10001bcc <y64_x32+0x38>
10001bcc:	e7ff      	b.n	10001bce <y64_x32+0x3a>
10001bce:	e7ff      	b.n	10001bd0 <y64_x32+0x3c>
10001bd0:	6f3c      	ldr	r4, [r7, #112]	@ 0x70
10001bd2:	4366      	muls	r6, r4
10001bd4:	0c36      	lsrs	r6, r6, #16
10001bd6:	0377      	lsls	r7, r6, #13
10001bd8:	46be      	mov	lr, r7
10001bda:	4373      	muls	r3, r6
10001bdc:	0bdf      	lsrs	r7, r3, #15
10001bde:	045b      	lsls	r3, r3, #17
10001be0:	1ac0      	subs	r0, r0, r3
10001be2:	41b9      	sbcs	r1, r7
10001be4:	0c13      	lsrs	r3, r2, #16
10001be6:	4373      	muls	r3, r6
10001be8:	18db      	adds	r3, r3, r3
10001bea:	1ac9      	subs	r1, r1, r3
10001bec:	08ce      	lsrs	r6, r1, #3
10001bee:	4366      	muls	r6, r4
10001bf0:	0c36      	lsrs	r6, r6, #16
10001bf2:	44b6      	add	lr, r6
10001bf4:	b293      	uxth	r3, r2
10001bf6:	4373      	muls	r3, r6
10001bf8:	0f1f      	lsrs	r7, r3, #28
10001bfa:	011b      	lsls	r3, r3, #4
10001bfc:	1ac0      	subs	r0, r0, r3
10001bfe:	41b9      	sbcs	r1, r7
10001c00:	0c13      	lsrs	r3, r2, #16
10001c02:	4373      	muls	r3, r6
10001c04:	0b1f      	lsrs	r7, r3, #12
10001c06:	051b      	lsls	r3, r3, #20
10001c08:	1ac0      	subs	r0, r0, r3
10001c0a:	41b9      	sbcs	r1, r7
10001c0c:	0d86      	lsrs	r6, r0, #22
10001c0e:	028f      	lsls	r7, r1, #10
10001c10:	433e      	orrs	r6, r7
10001c12:	4366      	muls	r6, r4
10001c14:	0c36      	lsrs	r6, r6, #16
10001c16:	2d09      	cmp	r5, #9
10001c18:	db24      	blt.n	10001c64 <last0>
10001c1a:	0a52      	lsrs	r2, r2, #9
10001c1c:	4372      	muls	r2, r6
10001c1e:	1a80      	subs	r0, r0, r2
10001c20:	0377      	lsls	r7, r6, #13
10001c22:	0a46      	lsrs	r6, r0, #9
10001c24:	4366      	muls	r6, r4
10001c26:	0c36      	lsrs	r6, r6, #16
10001c28:	2316      	movs	r3, #22
10001c2a:	1b5b      	subs	r3, r3, r5
10001c2c:	40de      	lsrs	r6, r3
10001c2e:	40df      	lsrs	r7, r3
10001c30:	19bf      	adds	r7, r7, r6
10001c32:	4664      	mov	r4, ip
10001c34:	4366      	muls	r6, r4
10001c36:	1b82      	subs	r2, r0, r6
10001c38:	4670      	mov	r0, lr
10001c3a:	3504      	adds	r5, #4
10001c3c:	3306      	adds	r3, #6
10001c3e:	0001      	movs	r1, r0
10001c40:	40d9      	lsrs	r1, r3
10001c42:	40a8      	lsls	r0, r5
10001c44:	19c0      	adds	r0, r0, r7
10001c46:	d300      	bcc.n	10001c4a <y64_x32+0xb6>
10001c48:	3101      	adds	r1, #1
10001c4a:	42a2      	cmp	r2, r4
10001c4c:	d206      	bcs.n	10001c5c <y64_x32+0xc8>
10001c4e:	2300      	movs	r3, #0
10001c50:	bdf0      	pop	{r4, r5, r6, r7, pc}
10001c52:	0000      	.short	0x0000
10001c54:	d0000000 	.word	0xd0000000
10001c58:	ffffffff 	.word	0xffffffff
10001c5c:	1b12      	subs	r2, r2, r4
10001c5e:	3001      	adds	r0, #1
10001c60:	d3f3      	bcc.n	10001c4a <y64_x32+0xb6>
10001c62:	e7f1      	b.n	10001c48 <y64_x32+0xb4>

10001c64 <last0>:
10001c64:	2709      	movs	r7, #9
10001c66:	1b7f      	subs	r7, r7, r5
10001c68:	40fe      	lsrs	r6, r7
10001c6a:	4664      	mov	r4, ip
10001c6c:	b2a2      	uxth	r2, r4
10001c6e:	4372      	muls	r2, r6
10001c70:	1a80      	subs	r0, r0, r2
10001c72:	d200      	bcs.n	10001c76 <last0+0x12>
10001c74:	3901      	subs	r1, #1
10001c76:	0c22      	lsrs	r2, r4, #16
10001c78:	4372      	muls	r2, r6
10001c7a:	0c13      	lsrs	r3, r2, #16
10001c7c:	0412      	lsls	r2, r2, #16
10001c7e:	1a82      	subs	r2, r0, r2
10001c80:	4199      	sbcs	r1, r3
10001c82:	000b      	movs	r3, r1
10001c84:	4670      	mov	r0, lr
10001c86:	3504      	adds	r5, #4
10001c88:	3713      	adds	r7, #19
10001c8a:	0001      	movs	r1, r0
10001c8c:	40f9      	lsrs	r1, r7
10001c8e:	40a8      	lsls	r0, r5
10001c90:	1980      	adds	r0, r0, r6
10001c92:	d300      	bcc.n	10001c96 <last0+0x32>
10001c94:	3101      	adds	r1, #1
10001c96:	2b00      	cmp	r3, #0
10001c98:	d102      	bne.n	10001ca0 <last0+0x3c>
10001c9a:	42a2      	cmp	r2, r4
10001c9c:	d20a      	bcs.n	10001cb4 <last0+0x50>
10001c9e:	bdf0      	pop	{r4, r5, r6, r7, pc}
10001ca0:	3001      	adds	r0, #1
10001ca2:	d300      	bcc.n	10001ca6 <last0+0x42>
10001ca4:	3101      	adds	r1, #1
10001ca6:	1b12      	subs	r2, r2, r4
10001ca8:	d2fa      	bcs.n	10001ca0 <last0+0x3c>
10001caa:	3b01      	subs	r3, #1
10001cac:	d1f8      	bne.n	10001ca0 <last0+0x3c>
10001cae:	42a2      	cmp	r2, r4
10001cb0:	d200      	bcs.n	10001cb4 <last0+0x50>
10001cb2:	bdf0      	pop	{r4, r5, r6, r7, pc}
10001cb4:	3001      	adds	r0, #1
10001cb6:	d300      	bcc.n	10001cba <last0+0x56>
10001cb8:	3101      	adds	r1, #1
10001cba:	1b12      	subs	r2, r2, r4
10001cbc:	e7f7      	b.n	10001cae <last0+0x4a>

10001cbe <y64_x48>:
10001cbe:	b5f0      	push	{r4, r5, r6, r7, lr}
10001cc0:	0c1c      	lsrs	r4, r3, #16
10001cc2:	d000      	beq.n	10001cc6 <y64_x48+0x8>
10001cc4:	e080      	b.n	10001dc8 <y64_x64>
10001cc6:	b40c      	push	{r2, r3}
10001cc8:	2500      	movs	r5, #0
10001cca:	0a1c      	lsrs	r4, r3, #8
10001ccc:	d104      	bne.n	10001cd8 <y64_x48+0x1a>
10001cce:	021b      	lsls	r3, r3, #8
10001cd0:	0e16      	lsrs	r6, r2, #24
10001cd2:	4333      	orrs	r3, r6
10001cd4:	0212      	lsls	r2, r2, #8
10001cd6:	3508      	adds	r5, #8
10001cd8:	0b1c      	lsrs	r4, r3, #12
10001cda:	d104      	bne.n	10001ce6 <y64_x48+0x28>
10001cdc:	011b      	lsls	r3, r3, #4
10001cde:	0f16      	lsrs	r6, r2, #28
10001ce0:	4333      	orrs	r3, r6
10001ce2:	0112      	lsls	r2, r2, #4
10001ce4:	3504      	adds	r5, #4
10001ce6:	0b9c      	lsrs	r4, r3, #14
10001ce8:	d104      	bne.n	10001cf4 <y64_x48+0x36>
10001cea:	009b      	lsls	r3, r3, #2
10001cec:	0f96      	lsrs	r6, r2, #30
10001cee:	4333      	orrs	r3, r6
10001cf0:	0092      	lsls	r2, r2, #2
10001cf2:	3502      	adds	r5, #2
10001cf4:	0bdc      	lsrs	r4, r3, #15
10001cf6:	d102      	bne.n	10001cfe <y64_x48+0x40>
10001cf8:	1892      	adds	r2, r2, r2
10001cfa:	415b      	adcs	r3, r3
10001cfc:	3501      	adds	r5, #1
10001cfe:	001c      	movs	r4, r3
10001d00:	1897      	adds	r7, r2, r2
10001d02:	4164      	adcs	r4, r4
10001d04:	3401      	adds	r4, #1
10001d06:	4f46      	ldr	r7, [pc, #280]	@ (10001e20 <y64_x64+0x58>)
10001d08:	667c      	str	r4, [r7, #100]	@ 0x64
10001d0a:	4c46      	ldr	r4, [pc, #280]	@ (10001e24 <y64_x64+0x5c>)
10001d0c:	663c      	str	r4, [r7, #96]	@ 0x60
10001d0e:	0c0e      	lsrs	r6, r1, #16
10001d10:	e7ff      	b.n	10001d12 <y64_x48+0x54>
10001d12:	e7ff      	b.n	10001d14 <y64_x48+0x56>
10001d14:	e7ff      	b.n	10001d16 <y64_x48+0x58>
10001d16:	46c0      	nop			@ (mov r8, r8)
10001d18:	6f3c      	ldr	r4, [r7, #112]	@ 0x70
10001d1a:	4366      	muls	r6, r4
10001d1c:	0c36      	lsrs	r6, r6, #16
10001d1e:	0377      	lsls	r7, r6, #13
10001d20:	46be      	mov	lr, r7
10001d22:	b297      	uxth	r7, r2
10001d24:	4377      	muls	r7, r6
10001d26:	1bc0      	subs	r0, r0, r7
10001d28:	d200      	bcs.n	10001d2c <y64_x48+0x6e>
10001d2a:	3901      	subs	r1, #1
10001d2c:	1bc0      	subs	r0, r0, r7
10001d2e:	d200      	bcs.n	10001d32 <y64_x48+0x74>
10001d30:	3901      	subs	r1, #1
10001d32:	b29f      	uxth	r7, r3
10001d34:	4377      	muls	r7, r6
10001d36:	1bc9      	subs	r1, r1, r7
10001d38:	1bc9      	subs	r1, r1, r7
10001d3a:	0c17      	lsrs	r7, r2, #16
10001d3c:	4377      	muls	r7, r6
10001d3e:	047e      	lsls	r6, r7, #17
10001d40:	0bff      	lsrs	r7, r7, #15
10001d42:	1b80      	subs	r0, r0, r6
10001d44:	41b9      	sbcs	r1, r7
10001d46:	08ce      	lsrs	r6, r1, #3
10001d48:	4366      	muls	r6, r4
10001d4a:	0c36      	lsrs	r6, r6, #16
10001d4c:	2d0c      	cmp	r5, #12
10001d4e:	db33      	blt.n	10001db8 <last1>
10001d50:	44b6      	add	lr, r6
10001d52:	0b12      	lsrs	r2, r2, #12
10001d54:	051f      	lsls	r7, r3, #20
10001d56:	433a      	orrs	r2, r7
10001d58:	0b1b      	lsrs	r3, r3, #12
10001d5a:	b297      	uxth	r7, r2
10001d5c:	4377      	muls	r7, r6
10001d5e:	1bc0      	subs	r0, r0, r7
10001d60:	d200      	bcs.n	10001d64 <y64_x48+0xa6>
10001d62:	3901      	subs	r1, #1
10001d64:	b29f      	uxth	r7, r3
10001d66:	4377      	muls	r7, r6
10001d68:	1bc9      	subs	r1, r1, r7
10001d6a:	0c17      	lsrs	r7, r2, #16
10001d6c:	4377      	muls	r7, r6
10001d6e:	043e      	lsls	r6, r7, #16
10001d70:	0c3f      	lsrs	r7, r7, #16
10001d72:	1b80      	subs	r0, r0, r6
10001d74:	41b9      	sbcs	r1, r7
10001d76:	0d86      	lsrs	r6, r0, #22
10001d78:	028f      	lsls	r7, r1, #10
10001d7a:	433e      	orrs	r6, r7
10001d7c:	4366      	muls	r6, r4
10001d7e:	2729      	movs	r7, #41	@ 0x29
10001d80:	1b7f      	subs	r7, r7, r5
10001d82:	40fe      	lsrs	r6, r7
10001d84:	3d0c      	subs	r5, #12
10001d86:	4677      	mov	r7, lr
10001d88:	40af      	lsls	r7, r5
10001d8a:	19bf      	adds	r7, r7, r6
10001d8c:	bc30      	pop	{r4, r5}
10001d8e:	b2a2      	uxth	r2, r4
10001d90:	b2ab      	uxth	r3, r5
10001d92:	4372      	muls	r2, r6
10001d94:	4373      	muls	r3, r6
10001d96:	1a80      	subs	r0, r0, r2
10001d98:	4199      	sbcs	r1, r3
10001d9a:	0c22      	lsrs	r2, r4, #16
10001d9c:	4372      	muls	r2, r6
10001d9e:	0c13      	lsrs	r3, r2, #16
10001da0:	0412      	lsls	r2, r2, #16
10001da2:	1a80      	subs	r0, r0, r2
10001da4:	4199      	sbcs	r1, r3
10001da6:	0002      	movs	r2, r0
10001da8:	000b      	movs	r3, r1
10001daa:	3701      	adds	r7, #1
10001dac:	1b00      	subs	r0, r0, r4
10001dae:	41a9      	sbcs	r1, r5
10001db0:	d2f9      	bcs.n	10001da6 <y64_x48+0xe8>
10001db2:	1e78      	subs	r0, r7, #1
10001db4:	2100      	movs	r1, #0
10001db6:	bdf0      	pop	{r4, r5, r6, r7, pc}

10001db8 <last1>:
10001db8:	270c      	movs	r7, #12
10001dba:	1b7f      	subs	r7, r7, r5
10001dbc:	40fe      	lsrs	r6, r7
10001dbe:	4677      	mov	r7, lr
10001dc0:	0b7f      	lsrs	r7, r7, #13
10001dc2:	40af      	lsls	r7, r5
10001dc4:	19ff      	adds	r7, r7, r7
10001dc6:	e7e0      	b.n	10001d8a <y64_x48+0xcc>

10001dc8 <y64_x64>:
10001dc8:	2400      	movs	r4, #0
10001dca:	1c5d      	adds	r5, r3, #1
10001dcc:	d007      	beq.n	10001dde <y64_x64+0x16>
10001dce:	4f14      	ldr	r7, [pc, #80]	@ (10001e20 <y64_x64+0x58>)
10001dd0:	667d      	str	r5, [r7, #100]	@ 0x64
10001dd2:	6639      	str	r1, [r7, #96]	@ 0x60
10001dd4:	e7ff      	b.n	10001dd6 <y64_x64+0xe>
10001dd6:	e7ff      	b.n	10001dd8 <y64_x64+0x10>
10001dd8:	e7ff      	b.n	10001dda <y64_x64+0x12>
10001dda:	e7ff      	b.n	10001ddc <y64_x64+0x14>
10001ddc:	6f3c      	ldr	r4, [r7, #112]	@ 0x70
10001dde:	b295      	uxth	r5, r2
10001de0:	b29e      	uxth	r6, r3
10001de2:	4365      	muls	r5, r4
10001de4:	4366      	muls	r6, r4
10001de6:	1b40      	subs	r0, r0, r5
10001de8:	41b1      	sbcs	r1, r6
10001dea:	0c15      	lsrs	r5, r2, #16
10001dec:	0c1e      	lsrs	r6, r3, #16
10001dee:	4365      	muls	r5, r4
10001df0:	4366      	muls	r6, r4
10001df2:	0436      	lsls	r6, r6, #16
10001df4:	0c2f      	lsrs	r7, r5, #16
10001df6:	433e      	orrs	r6, r7
10001df8:	042d      	lsls	r5, r5, #16
10001dfa:	1b40      	subs	r0, r0, r5
10001dfc:	41b1      	sbcs	r1, r6
10001dfe:	4299      	cmp	r1, r3
10001e00:	d204      	bcs.n	10001e0c <y64_x64+0x44>
10001e02:	0002      	movs	r2, r0
10001e04:	000b      	movs	r3, r1
10001e06:	0020      	movs	r0, r4
10001e08:	2100      	movs	r1, #0
10001e0a:	bdf0      	pop	{r4, r5, r6, r7, pc}
10001e0c:	d101      	bne.n	10001e12 <y64_x64+0x4a>
10001e0e:	4290      	cmp	r0, r2
10001e10:	d3f7      	bcc.n	10001e02 <y64_x64+0x3a>
10001e12:	1a80      	subs	r0, r0, r2
10001e14:	4199      	sbcs	r1, r3
10001e16:	3401      	adds	r4, #1
10001e18:	4299      	cmp	r1, r3
10001e1a:	d3f2      	bcc.n	10001e02 <y64_x64+0x3a>
10001e1c:	e7f6      	b.n	10001e0c <y64_x64+0x44>
10001e1e:	0000      	.short	0x0000
10001e20:	d0000000 	.word	0xd0000000
10001e24:	ffffffff 	.word	0xffffffff

10001e28 <__wrap___aeabi_drsub>:
10001e28:	4048      	eors	r0, r1
10001e2a:	4041      	eors	r1, r0
10001e2c:	4048      	eors	r0, r1

10001e2e <__wrap___aeabi_dsub>:
10001e2e:	b418      	push	{r3, r4}
10001e30:	4b1b      	ldr	r3, [pc, #108]	@ (10001ea0 <__wrap___aeabi_dmul+0x12>)
10001e32:	685b      	ldr	r3, [r3, #4]
10001e34:	46fc      	mov	ip, pc
10001e36:	9301      	str	r3, [sp, #4]
10001e38:	bd08      	pop	{r3, pc}
10001e3a:	df04      	.short	0xdf04
10001e3c:	10002187 	.word	0x10002187

10001e40 <__wrap___aeabi_dadd>:
10001e40:	b418      	push	{r3, r4}
10001e42:	4b17      	ldr	r3, [pc, #92]	@ (10001ea0 <__wrap___aeabi_dmul+0x12>)
10001e44:	681b      	ldr	r3, [r3, #0]
10001e46:	46fc      	mov	ip, pc
10001e48:	9301      	str	r3, [sp, #4]
10001e4a:	bd08      	pop	{r3, pc}
10001e4c:	2191df00 	.word	0x2191df00
10001e50:	1000      	.short	0x1000

10001e52 <__wrap___aeabi_ddiv>:
10001e52:	4694      	mov	ip, r2
10001e54:	4a13      	ldr	r2, [pc, #76]	@ (10001ea4 <__wrap___aeabi_dmul+0x16>)
10001e56:	6f92      	ldr	r2, [r2, #120]	@ 0x78
10001e58:	0892      	lsrs	r2, r2, #2
10001e5a:	d209      	bcs.n	10001e70 <ddiv_save_state>
10001e5c:	4662      	mov	r2, ip

10001e5e <ddiv_shim_call>:
10001e5e:	b418      	push	{r3, r4}
10001e60:	4b0f      	ldr	r3, [pc, #60]	@ (10001ea0 <__wrap___aeabi_dmul+0x12>)
10001e62:	68db      	ldr	r3, [r3, #12]
10001e64:	46fc      	mov	ip, pc
10001e66:	9301      	str	r3, [sp, #4]
10001e68:	bd08      	pop	{r3, pc}
10001e6a:	df0c      	.short	0xdf0c
10001e6c:	10002449 	.word	0x10002449

10001e70 <ddiv_save_state>:
10001e70:	4a0c      	ldr	r2, [pc, #48]	@ (10001ea4 <__wrap___aeabi_dmul+0x16>)
10001e72:	b5f0      	push	{r4, r5, r6, r7, lr}
10001e74:	6e14      	ldr	r4, [r2, #96]	@ 0x60
10001e76:	6e55      	ldr	r5, [r2, #100]	@ 0x64
10001e78:	6f57      	ldr	r7, [r2, #116]	@ 0x74
10001e7a:	6f16      	ldr	r6, [r2, #112]	@ 0x70
10001e7c:	4662      	mov	r2, ip
10001e7e:	f7ff ffee 	bl	10001e5e <ddiv_shim_call>
10001e82:	4a08      	ldr	r2, [pc, #32]	@ (10001ea4 <__wrap___aeabi_dmul+0x16>)
10001e84:	6614      	str	r4, [r2, #96]	@ 0x60
10001e86:	6655      	str	r5, [r2, #100]	@ 0x64
10001e88:	6757      	str	r7, [r2, #116]	@ 0x74
10001e8a:	6716      	str	r6, [r2, #112]	@ 0x70
10001e8c:	bdf0      	pop	{r4, r5, r6, r7, pc}

10001e8e <__wrap___aeabi_dmul>:
10001e8e:	b418      	push	{r3, r4}
10001e90:	4b03      	ldr	r3, [pc, #12]	@ (10001ea0 <__wrap___aeabi_dmul+0x12>)
10001e92:	689b      	ldr	r3, [r3, #8]
10001e94:	46fc      	mov	ip, pc
10001e96:	9301      	str	r3, [sp, #4]
10001e98:	bd08      	pop	{r3, pc}
10001e9a:	df08      	.short	0xdf08
10001e9c:	100022ed 	.word	0x100022ed
10001ea0:	20001238 	.word	0x20001238
10001ea4:	d0000000 	.word	0xd0000000

10001ea8 <__wrap___aeabi_cdrcmple>:
10001ea8:	b5ff      	push	{r0, r1, r2, r3, r4, r5, r6, r7, lr}
10001eaa:	4050      	eors	r0, r2
10001eac:	4042      	eors	r2, r0
10001eae:	4050      	eors	r0, r2
10001eb0:	4059      	eors	r1, r3
10001eb2:	404b      	eors	r3, r1
10001eb4:	4059      	eors	r1, r3
10001eb6:	e000      	b.n	10001eba <__aeabi_dfcmple_guts>

10001eb8 <__wrap___aeabi_cdcmpeq>:
10001eb8:	b5ff      	push	{r0, r1, r2, r3, r4, r5, r6, r7, lr}

10001eba <__aeabi_dfcmple_guts>:
10001eba:	4f15      	ldr	r7, [pc, #84]	@ (10001f10 <__aeabi_dfcmple_guts+0x56>)
10001ebc:	004c      	lsls	r4, r1, #1
10001ebe:	0d64      	lsrs	r4, r4, #21
10001ec0:	d003      	beq.n	10001eca <__aeabi_dfcmple_guts+0x10>
10001ec2:	42bc      	cmp	r4, r7
10001ec4:	d104      	bne.n	10001ed0 <__aeabi_dfcmple_guts+0x16>
10001ec6:	030c      	lsls	r4, r1, #12
10001ec8:	d814      	bhi.n	10001ef4 <__aeabi_dfcmple_guts+0x3a>
10001eca:	2000      	movs	r0, #0
10001ecc:	0d09      	lsrs	r1, r1, #20
10001ece:	0509      	lsls	r1, r1, #20
10001ed0:	005c      	lsls	r4, r3, #1
10001ed2:	0d64      	lsrs	r4, r4, #21
10001ed4:	d003      	beq.n	10001ede <__aeabi_dfcmple_guts+0x24>
10001ed6:	42bc      	cmp	r4, r7
10001ed8:	d104      	bne.n	10001ee4 <__aeabi_dfcmple_guts+0x2a>
10001eda:	031c      	lsls	r4, r3, #12
10001edc:	d80a      	bhi.n	10001ef4 <__aeabi_dfcmple_guts+0x3a>
10001ede:	2200      	movs	r2, #0
10001ee0:	0d1b      	lsrs	r3, r3, #20
10001ee2:	051b      	lsls	r3, r3, #20
10001ee4:	2601      	movs	r6, #1
10001ee6:	404b      	eors	r3, r1
10001ee8:	d409      	bmi.n	10001efe <__aeabi_dfcmple_guts+0x44>
10001eea:	404b      	eors	r3, r1
10001eec:	d503      	bpl.n	10001ef6 <__aeabi_dfcmple_guts+0x3c>
10001eee:	428b      	cmp	r3, r1
10001ef0:	d100      	bne.n	10001ef4 <__aeabi_dfcmple_guts+0x3a>
10001ef2:	4282      	cmp	r2, r0
10001ef4:	bdff      	pop	{r0, r1, r2, r3, r4, r5, r6, r7, pc}
10001ef6:	4299      	cmp	r1, r3
10001ef8:	d1fc      	bne.n	10001ef4 <__aeabi_dfcmple_guts+0x3a>
10001efa:	4290      	cmp	r0, r2
10001efc:	bdff      	pop	{r0, r1, r2, r3, r4, r5, r6, r7, pc}
10001efe:	430b      	orrs	r3, r1
10001f00:	18db      	adds	r3, r3, r3
10001f02:	4303      	orrs	r3, r0
10001f04:	4313      	orrs	r3, r2
10001f06:	d0f5      	beq.n	10001ef4 <__aeabi_dfcmple_guts+0x3a>
10001f08:	43c9      	mvns	r1, r1
10001f0a:	1849      	adds	r1, r1, r1
10001f0c:	bdff      	pop	{r0, r1, r2, r3, r4, r5, r6, r7, pc}
10001f0e:	0000      	.short	0x0000
10001f10:	000007ff 	.word	0x000007ff

10001f14 <__wrap___aeabi_dcmplt>:
10001f14:	b500      	push	{lr}
10001f16:	f7ff ffcf 	bl	10001eb8 <__wrap___aeabi_cdcmpeq>
10001f1a:	4180      	sbcs	r0, r0
10001f1c:	bd00      	pop	{pc}
10001f1e:	46c0      	nop			@ (mov r8, r8)

10001f20 <__wrap___aeabi_dcmple>:
10001f20:	b500      	push	{lr}
10001f22:	f7ff ffc9 	bl	10001eb8 <__wrap___aeabi_cdcmpeq>
10001f26:	d901      	bls.n	10001f2c <__wrap___aeabi_dcmple+0xc>
10001f28:	2000      	movs	r0, #0
10001f2a:	bd00      	pop	{pc}
10001f2c:	2001      	movs	r0, #1
10001f2e:	bd00      	pop	{pc}

10001f30 <__wrap___aeabi_dcmpge>:
10001f30:	b500      	push	{lr}
10001f32:	f7ff ffb9 	bl	10001ea8 <__wrap___aeabi_cdrcmple>
10001f36:	d901      	bls.n	10001f3c <__wrap___aeabi_dcmpge+0xc>
10001f38:	2000      	movs	r0, #0
10001f3a:	bd00      	pop	{pc}
10001f3c:	2001      	movs	r0, #1
10001f3e:	bd00      	pop	{pc}

10001f40 <__wrap___aeabi_dcmpgt>:
10001f40:	b500      	push	{lr}
10001f42:	f7ff ffb1 	bl	10001ea8 <__wrap___aeabi_cdrcmple>
10001f46:	4180      	sbcs	r0, r0
10001f48:	bd00      	pop	{pc}

10001f4a <__wrap___aeabi_dcmpun>:
10001f4a:	2001      	movs	r0, #1
10001f4c:	0540      	lsls	r0, r0, #21
10001f4e:	004a      	lsls	r2, r1, #1
10001f50:	1812      	adds	r2, r2, r0
10001f52:	d804      	bhi.n	10001f5e <__wrap___aeabi_dcmpun+0x14>
10001f54:	005a      	lsls	r2, r3, #1
10001f56:	1812      	adds	r2, r2, r0
10001f58:	d801      	bhi.n	10001f5e <__wrap___aeabi_dcmpun+0x14>
10001f5a:	2000      	movs	r0, #0
10001f5c:	4770      	bx	lr
10001f5e:	2001      	movs	r0, #1
10001f60:	4770      	bx	lr
	...

10001f64 <__wrap___aeabi_ui2d>:
10001f64:	2100      	movs	r1, #0
10001f66:	2800      	cmp	r0, #0
10001f68:	d105      	bne.n	10001f76 <__wrap___aeabi_i2d+0xa>
10001f6a:	4770      	bx	lr

10001f6c <__wrap___aeabi_i2d>:
10001f6c:	17c1      	asrs	r1, r0, #31
10001f6e:	4048      	eors	r0, r1
10001f70:	1a40      	subs	r0, r0, r1
10001f72:	d0fa      	beq.n	10001f6a <__wrap___aeabi_ui2d+0x6>
10001f74:	07c9      	lsls	r1, r1, #31
10001f76:	b513      	push	{r0, r1, r4, lr}
10001f78:	4b06      	ldr	r3, [pc, #24]	@ (10001f94 <__wrap___aeabi_i2d+0x28>)
10001f7a:	681b      	ldr	r3, [r3, #0]
10001f7c:	4798      	blx	r3
10001f7e:	bc0c      	pop	{r2, r3}
10001f80:	1c44      	adds	r4, r0, #1
10001f82:	40a2      	lsls	r2, r4
10001f84:	0510      	lsls	r0, r2, #20
10001f86:	0b12      	lsrs	r2, r2, #12
10001f88:	4903      	ldr	r1, [pc, #12]	@ (10001f98 <__wrap___aeabi_i2d+0x2c>)
10001f8a:	1b09      	subs	r1, r1, r4
10001f8c:	0509      	lsls	r1, r1, #20
10001f8e:	4319      	orrs	r1, r3
10001f90:	4311      	orrs	r1, r2
10001f92:	bd10      	pop	{r4, pc}
10001f94:	20002118 	.word	0x20002118
10001f98:	0000041f 	.word	0x0000041f

10001f9c <__wrap___aeabi_d2iz>:
10001f9c:	b510      	push	{r4, lr}
10001f9e:	004c      	lsls	r4, r1, #1
10001fa0:	0d62      	lsrs	r2, r4, #21
10001fa2:	2380      	movs	r3, #128	@ 0x80
10001fa4:	18d2      	adds	r2, r2, r3
10001fa6:	00db      	lsls	r3, r3, #3
10001fa8:	1ad2      	subs	r2, r2, r3
10001faa:	055b      	lsls	r3, r3, #21
10001fac:	2a7e      	cmp	r2, #126	@ 0x7e
10001fae:	dd10      	ble.n	10001fd2 <__wrap___aeabi_d2iz+0x36>
10001fb0:	3a9e      	subs	r2, #158	@ 0x9e
10001fb2:	da13      	bge.n	10001fdc <__wrap___aeabi_d2iz+0x40>
10001fb4:	17cc      	asrs	r4, r1, #31
10001fb6:	0309      	lsls	r1, r1, #12
10001fb8:	0849      	lsrs	r1, r1, #1
10001fba:	4319      	orrs	r1, r3
10001fbc:	4252      	negs	r2, r2
10001fbe:	40d1      	lsrs	r1, r2
10001fc0:	0064      	lsls	r4, r4, #1
10001fc2:	3401      	adds	r4, #1
10001fc4:	3215      	adds	r2, #21
10001fc6:	2a20      	cmp	r2, #32
10001fc8:	da05      	bge.n	10001fd6 <__wrap___aeabi_d2iz+0x3a>
10001fca:	40d0      	lsrs	r0, r2
10001fcc:	4308      	orrs	r0, r1
10001fce:	4360      	muls	r0, r4
10001fd0:	bd10      	pop	{r4, pc}
10001fd2:	2000      	movs	r0, #0
10001fd4:	bd10      	pop	{r4, pc}
10001fd6:	4608      	mov	r0, r1
10001fd8:	4360      	muls	r0, r4
10001fda:	bd10      	pop	{r4, pc}
10001fdc:	0fc8      	lsrs	r0, r1, #31
10001fde:	18c0      	adds	r0, r0, r3
10001fe0:	3801      	subs	r0, #1
10001fe2:	bd10      	pop	{r4, pc}

10001fe4 <__wrap___aeabi_d2uiz>:
10001fe4:	b418      	push	{r3, r4}
10001fe6:	4b04      	ldr	r3, [pc, #16]	@ (10001ff8 <__wrap___aeabi_d2uiz+0x14>)
10001fe8:	6a5b      	ldr	r3, [r3, #36]	@ 0x24
10001fea:	46fc      	mov	ip, pc
10001fec:	9301      	str	r3, [sp, #4]
10001fee:	bd08      	pop	{r3, pc}
10001ff0:	25f9df24 	.word	0x25f9df24
10001ff4:	00001000 	.word	0x00001000
10001ff8:	20001238 	.word	0x20001238

10001ffc <__aeabi_double_init>:
10001ffc:	2313      	movs	r3, #19
10001ffe:	b570      	push	{r4, r5, r6, lr}
10002000:	781d      	ldrb	r5, [r3, #0]
10002002:	2d01      	cmp	r5, #1
10002004:	d019      	beq.n	1000203a <__aeabi_double_init+0x3e>
10002006:	dd14      	ble.n	10002032 <__aeabi_double_init+0x36>
10002008:	481f      	ldr	r0, [pc, #124]	@ (10002088 <__aeabi_double_init+0x8c>)
1000200a:	f7ff fb7d 	bl	10001708 <rom_data_lookup>
1000200e:	0006      	movs	r6, r0
10002010:	481e      	ldr	r0, [pc, #120]	@ (1000208c <__aeabi_double_init+0x90>)
10002012:	f7ff fb79 	bl	10001708 <rom_data_lookup>
10002016:	4c1e      	ldr	r4, [pc, #120]	@ (10002090 <__aeabi_double_init+0x94>)
10002018:	2280      	movs	r2, #128	@ 0x80
1000201a:	0031      	movs	r1, r6
1000201c:	0020      	movs	r0, r4
1000201e:	f000 fbb9 	bl	10002794 <__wrap___aeabi_memcpy>
10002022:	2d02      	cmp	r5, #2
10002024:	d02d      	beq.n	10002082 <__aeabi_double_init+0x86>
10002026:	481b      	ldr	r0, [pc, #108]	@ (10002094 <__aeabi_double_init+0x98>)
10002028:	f7ff fb66 	bl	100016f8 <rom_func_lookup>
1000202c:	4b1a      	ldr	r3, [pc, #104]	@ (10002098 <__aeabi_double_init+0x9c>)
1000202e:	6018      	str	r0, [r3, #0]
10002030:	bd70      	pop	{r4, r5, r6, pc}
10002032:	4b1a      	ldr	r3, [pc, #104]	@ (1000209c <__aeabi_double_init+0xa0>)
10002034:	4c16      	ldr	r4, [pc, #88]	@ (10002090 <__aeabi_double_init+0x94>)
10002036:	64a3      	str	r3, [r4, #72]	@ 0x48
10002038:	e7f5      	b.n	10002026 <__aeabi_double_init+0x2a>
1000203a:	4b18      	ldr	r3, [pc, #96]	@ (1000209c <__aeabi_double_init+0xa0>)
1000203c:	4c14      	ldr	r4, [pc, #80]	@ (10002090 <__aeabi_double_init+0x94>)
1000203e:	6023      	str	r3, [r4, #0]
10002040:	6063      	str	r3, [r4, #4]
10002042:	60a3      	str	r3, [r4, #8]
10002044:	60e3      	str	r3, [r4, #12]
10002046:	6123      	str	r3, [r4, #16]
10002048:	6163      	str	r3, [r4, #20]
1000204a:	61a3      	str	r3, [r4, #24]
1000204c:	61e3      	str	r3, [r4, #28]
1000204e:	6223      	str	r3, [r4, #32]
10002050:	6263      	str	r3, [r4, #36]	@ 0x24
10002052:	62a3      	str	r3, [r4, #40]	@ 0x28
10002054:	62e3      	str	r3, [r4, #44]	@ 0x2c
10002056:	6323      	str	r3, [r4, #48]	@ 0x30
10002058:	6363      	str	r3, [r4, #52]	@ 0x34
1000205a:	63a3      	str	r3, [r4, #56]	@ 0x38
1000205c:	63e3      	str	r3, [r4, #60]	@ 0x3c
1000205e:	6423      	str	r3, [r4, #64]	@ 0x40
10002060:	6463      	str	r3, [r4, #68]	@ 0x44
10002062:	64a3      	str	r3, [r4, #72]	@ 0x48
10002064:	64e3      	str	r3, [r4, #76]	@ 0x4c
10002066:	6523      	str	r3, [r4, #80]	@ 0x50
10002068:	6563      	str	r3, [r4, #84]	@ 0x54
1000206a:	65a3      	str	r3, [r4, #88]	@ 0x58
1000206c:	65e3      	str	r3, [r4, #92]	@ 0x5c
1000206e:	6623      	str	r3, [r4, #96]	@ 0x60
10002070:	6663      	str	r3, [r4, #100]	@ 0x64
10002072:	66a3      	str	r3, [r4, #104]	@ 0x68
10002074:	66e3      	str	r3, [r4, #108]	@ 0x6c
10002076:	6723      	str	r3, [r4, #112]	@ 0x70
10002078:	6763      	str	r3, [r4, #116]	@ 0x74
1000207a:	67a3      	str	r3, [r4, #120]	@ 0x78
1000207c:	67e3      	str	r3, [r4, #124]	@ 0x7c
1000207e:	64a3      	str	r3, [r4, #72]	@ 0x48
10002080:	e7d1      	b.n	10002026 <__aeabi_double_init+0x2a>
10002082:	4b06      	ldr	r3, [pc, #24]	@ (1000209c <__aeabi_double_init+0xa0>)
10002084:	64a3      	str	r3, [r4, #72]	@ 0x48
10002086:	e7ce      	b.n	10002026 <__aeabi_double_init+0x2a>
10002088:	00004453 	.word	0x00004453
1000208c:	00004653 	.word	0x00004653
10002090:	20001238 	.word	0x20001238
10002094:	0000334c 	.word	0x0000334c
10002098:	20002118 	.word	0x20002118
1000209c:	10002155 	.word	0x10002155

100020a0 <__wrap_floor>:
100020a0:	b5f0      	push	{r4, r5, r6, r7, lr}
100020a2:	000b      	movs	r3, r1
100020a4:	0049      	lsls	r1, r1, #1
100020a6:	0002      	movs	r2, r0
100020a8:	b085      	sub	sp, #20
100020aa:	0d49      	lsrs	r1, r1, #21
100020ac:	d040      	beq.n	10002130 <__wrap_floor+0x90>
100020ae:	4827      	ldr	r0, [pc, #156]	@ (1000214c <__wrap_floor+0xac>)
100020b0:	1809      	adds	r1, r1, r0
100020b2:	d437      	bmi.n	10002124 <__wrap_floor+0x84>
100020b4:	2634      	movs	r6, #52	@ 0x34
100020b6:	0010      	movs	r0, r2
100020b8:	1a76      	subs	r6, r6, r1
100020ba:	0019      	movs	r1, r3
100020bc:	2e00      	cmp	r6, #0
100020be:	dd2f      	ble.n	10002120 <__wrap_floor+0x80>
100020c0:	0031      	movs	r1, r6
100020c2:	3920      	subs	r1, #32
100020c4:	d438      	bmi.n	10002138 <__wrap_floor+0x98>
100020c6:	2001      	movs	r0, #1
100020c8:	2400      	movs	r4, #0
100020ca:	2500      	movs	r5, #0
100020cc:	4088      	lsls	r0, r1
100020ce:	9400      	str	r4, [sp, #0]
100020d0:	9501      	str	r5, [sp, #4]
100020d2:	9001      	str	r0, [sp, #4]
100020d4:	2101      	movs	r1, #1
100020d6:	40b1      	lsls	r1, r6
100020d8:	9100      	str	r1, [sp, #0]
100020da:	2001      	movs	r0, #1
100020dc:	4240      	negs	r0, r0
100020de:	17c1      	asrs	r1, r0, #31
100020e0:	9c00      	ldr	r4, [sp, #0]
100020e2:	9d01      	ldr	r5, [sp, #4]
100020e4:	1900      	adds	r0, r0, r4
100020e6:	4169      	adcs	r1, r5
100020e8:	000d      	movs	r5, r1
100020ea:	2100      	movs	r1, #0
100020ec:	0004      	movs	r4, r0
100020ee:	0fd8      	lsrs	r0, r3, #31
100020f0:	2700      	movs	r7, #0
100020f2:	4246      	negs	r6, r0
100020f4:	418f      	sbcs	r7, r1
100020f6:	9402      	str	r4, [sp, #8]
100020f8:	9503      	str	r5, [sp, #12]
100020fa:	9c02      	ldr	r4, [sp, #8]
100020fc:	4034      	ands	r4, r6
100020fe:	0020      	movs	r0, r4
10002100:	9c03      	ldr	r4, [sp, #12]
10002102:	403c      	ands	r4, r7
10002104:	0021      	movs	r1, r4
10002106:	1812      	adds	r2, r2, r0
10002108:	414b      	adcs	r3, r1
1000210a:	9800      	ldr	r0, [sp, #0]
1000210c:	9901      	ldr	r1, [sp, #4]
1000210e:	2700      	movs	r7, #0
10002110:	4246      	negs	r6, r0
10002112:	418f      	sbcs	r7, r1
10002114:	0034      	movs	r4, r6
10002116:	4014      	ands	r4, r2
10002118:	0020      	movs	r0, r4
1000211a:	003c      	movs	r4, r7
1000211c:	401c      	ands	r4, r3
1000211e:	0021      	movs	r1, r4
10002120:	b005      	add	sp, #20
10002122:	bdf0      	pop	{r4, r5, r6, r7, pc}
10002124:	2000      	movs	r0, #0
10002126:	2100      	movs	r1, #0
10002128:	2b00      	cmp	r3, #0
1000212a:	daf9      	bge.n	10002120 <__wrap_floor+0x80>
1000212c:	4908      	ldr	r1, [pc, #32]	@ (10002150 <__wrap_floor+0xb0>)
1000212e:	e7f7      	b.n	10002120 <__wrap_floor+0x80>
10002130:	0fdb      	lsrs	r3, r3, #31
10002132:	2000      	movs	r0, #0
10002134:	07d9      	lsls	r1, r3, #31
10002136:	e7f3      	b.n	10002120 <__wrap_floor+0x80>
10002138:	2120      	movs	r1, #32
1000213a:	2001      	movs	r0, #1
1000213c:	1b89      	subs	r1, r1, r6
1000213e:	2400      	movs	r4, #0
10002140:	2500      	movs	r5, #0
10002142:	40c8      	lsrs	r0, r1
10002144:	9400      	str	r4, [sp, #0]
10002146:	9501      	str	r5, [sp, #4]
10002148:	9001      	str	r0, [sp, #4]
1000214a:	e7c3      	b.n	100020d4 <__wrap_floor+0x34>
1000214c:	fffffc01 	.word	0xfffffc01
10002150:	bff00000 	.word	0xbff00000

10002154 <double_table_shim_on_use_helper>:
10002154:	b507      	push	{r0, r1, r2, lr}
10002156:	4660      	mov	r0, ip
10002158:	8801      	ldrh	r1, [r0, #0]
1000215a:	0a0a      	lsrs	r2, r1, #8
1000215c:	3002      	adds	r0, #2
1000215e:	2adf      	cmp	r2, #223	@ 0xdf
10002160:	d1fa      	bne.n	10002158 <double_table_shim_on_use_helper+0x4>
10002162:	b2c9      	uxtb	r1, r1
10002164:	0882      	lsrs	r2, r0, #2
10002166:	d304      	bcc.n	10002172 <double_table_shim_on_use_helper+0x1e>
10002168:	8802      	ldrh	r2, [r0, #0]
1000216a:	8840      	ldrh	r0, [r0, #2]
1000216c:	0400      	lsls	r0, r0, #16
1000216e:	4310      	orrs	r0, r2
10002170:	e000      	b.n	10002174 <double_table_shim_on_use_helper+0x20>
10002172:	6800      	ldr	r0, [r0, #0]
10002174:	4a01      	ldr	r2, [pc, #4]	@ (1000217c <double_table_shim_on_use_helper+0x28>)
10002176:	5050      	str	r0, [r2, r1]
10002178:	9003      	str	r0, [sp, #12]
1000217a:	bd07      	pop	{r0, r1, r2, pc}
1000217c:	20001238 	.word	0x20001238

10002180 <drsub_shim>:
10002180:	b40f      	push	{r0, r1, r2, r3}
10002182:	bc03      	pop	{r0, r1}
10002184:	bc0c      	pop	{r2, r3}

10002186 <dsub_shim>:
10002186:	b5f0      	push	{r4, r5, r6, r7, lr}
10002188:	2401      	movs	r4, #1
1000218a:	07e4      	lsls	r4, r4, #31
1000218c:	4063      	eors	r3, r4
1000218e:	e000      	b.n	10002192 <da_entry>

10002190 <dadd_shim>:
10002190:	b5f0      	push	{r4, r5, r6, r7, lr}

10002192 <da_entry>:
10002192:	0d0c      	lsrs	r4, r1, #20
10002194:	0fcf      	lsrs	r7, r1, #31
10002196:	1e66      	subs	r6, r4, #1
10002198:	0536      	lsls	r6, r6, #20
1000219a:	1b89      	subs	r1, r1, r6
1000219c:	0564      	lsls	r4, r4, #21
1000219e:	d303      	bcc.n	100021a8 <l8_1>
100021a0:	43c9      	mvns	r1, r1
100021a2:	4240      	negs	r0, r0
100021a4:	d300      	bcc.n	100021a8 <l8_1>
100021a6:	3101      	adds	r1, #1

100021a8 <l8_1>:
100021a8:	0d64      	lsrs	r4, r4, #21
100021aa:	d003      	beq.n	100021b4 <l8_2>
100021ac:	1c66      	adds	r6, r4, #1
100021ae:	0af6      	lsrs	r6, r6, #11
100021b0:	d007      	beq.n	100021c2 <l8_3>
100021b2:	1be4      	subs	r4, r4, r7

100021b4 <l8_2>:
100021b4:	2000      	movs	r0, #0
100021b6:	007f      	lsls	r7, r7, #1
100021b8:	1c79      	adds	r1, r7, #1
100021ba:	0789      	lsls	r1, r1, #30
100021bc:	1289      	asrs	r1, r1, #10
100021be:	3c80      	subs	r4, #128	@ 0x80
100021c0:	0324      	lsls	r4, r4, #12

100021c2 <l8_3>:
100021c2:	0d1d      	lsrs	r5, r3, #20
100021c4:	0fdf      	lsrs	r7, r3, #31
100021c6:	1e6e      	subs	r6, r5, #1
100021c8:	0536      	lsls	r6, r6, #20
100021ca:	1b9b      	subs	r3, r3, r6
100021cc:	056d      	lsls	r5, r5, #21
100021ce:	d303      	bcc.n	100021d8 <l9_1>
100021d0:	43db      	mvns	r3, r3
100021d2:	4252      	negs	r2, r2
100021d4:	d300      	bcc.n	100021d8 <l9_1>
100021d6:	3301      	adds	r3, #1

100021d8 <l9_1>:
100021d8:	0d6d      	lsrs	r5, r5, #21
100021da:	d003      	beq.n	100021e4 <l9_2>
100021dc:	1c6e      	adds	r6, r5, #1
100021de:	0af6      	lsrs	r6, r6, #11
100021e0:	d007      	beq.n	100021f2 <l9_3>
100021e2:	1bed      	subs	r5, r5, r7

100021e4 <l9_2>:
100021e4:	2200      	movs	r2, #0
100021e6:	007f      	lsls	r7, r7, #1
100021e8:	1c7b      	adds	r3, r7, #1
100021ea:	079b      	lsls	r3, r3, #30
100021ec:	129b      	asrs	r3, r3, #10
100021ee:	3d80      	subs	r5, #128	@ 0x80
100021f0:	032d      	lsls	r5, r5, #12

100021f2 <l9_3>:
100021f2:	1b2f      	subs	r7, r5, r4
100021f4:	1b66      	subs	r6, r4, r5
100021f6:	d458      	bmi.n	100022aa <da_ygtx>
100021f8:	46a4      	mov	ip, r4
100021fa:	2e20      	cmp	r6, #32
100021fc:	da46      	bge.n	1000228c <da_xrgty>
100021fe:	3720      	adds	r7, #32
10002200:	0014      	movs	r4, r2
10002202:	40bc      	lsls	r4, r7

10002204 <da_xgty0>:
10002204:	001d      	movs	r5, r3
10002206:	40bd      	lsls	r5, r7
10002208:	40f2      	lsrs	r2, r6
1000220a:	4133      	asrs	r3, r6
1000220c:	432a      	orrs	r2, r5

1000220e <da_add>:
1000220e:	1880      	adds	r0, r0, r2
10002210:	4159      	adcs	r1, r3

10002212 <da_pack>:
10002212:	0fcb      	lsrs	r3, r1, #31
10002214:	d005      	beq.n	10002222 <da_pack+0x10>
10002216:	43c9      	mvns	r1, r1
10002218:	43c0      	mvns	r0, r0
1000221a:	2200      	movs	r2, #0
1000221c:	4264      	negs	r4, r4
1000221e:	4150      	adcs	r0, r2
10002220:	4151      	adcs	r1, r2
10002222:	4662      	mov	r2, ip
10002224:	0d4d      	lsrs	r5, r1, #21
10002226:	d128      	bne.n	1000227a <da_0>
10002228:	0d0d      	lsrs	r5, r1, #20
1000222a:	d107      	bne.n	1000223c <da_1>
1000222c:	2800      	cmp	r0, #0
1000222e:	d01f      	beq.n	10002270 <da_5>

10002230 <da_2>:
10002230:	1924      	adds	r4, r4, r4
10002232:	4140      	adcs	r0, r0
10002234:	4149      	adcs	r1, r1
10002236:	3a01      	subs	r2, #1
10002238:	0d0d      	lsrs	r5, r1, #20
1000223a:	d0f9      	beq.n	10002230 <da_2>

1000223c <da_1>:
1000223c:	0064      	lsls	r4, r4, #1
1000223e:	d306      	bcc.n	1000224e <da_3>

10002240 <da_4>:
10002240:	3001      	adds	r0, #1
10002242:	d300      	bcc.n	10002246 <da_4+0x6>
10002244:	3101      	adds	r1, #1
10002246:	2c00      	cmp	r4, #0
10002248:	d101      	bne.n	1000224e <da_3>
1000224a:	0840      	lsrs	r0, r0, #1
1000224c:	0040      	lsls	r0, r0, #1

1000224e <da_3>:
1000224e:	3a01      	subs	r2, #1
10002250:	d40b      	bmi.n	1000226a <da_6>
10002252:	1c94      	adds	r4, r2, #2
10002254:	0ae4      	lsrs	r4, r4, #11
10002256:	d104      	bne.n	10002262 <da_7>
10002258:	0512      	lsls	r2, r2, #20
1000225a:	4411      	add	r1, r2
1000225c:	07db      	lsls	r3, r3, #31
1000225e:	4419      	add	r1, r3
10002260:	bdf0      	pop	{r4, r5, r6, r7, pc}

10002262 <da_7>:
10002262:	07d9      	lsls	r1, r3, #31
10002264:	4b20      	ldr	r3, [pc, #128]	@ (100022e8 <da_xmgty+0x4>)
10002266:	4319      	orrs	r1, r3
10002268:	e000      	b.n	1000226c <da_6+0x2>

1000226a <da_6>:
1000226a:	07d9      	lsls	r1, r3, #31
1000226c:	2000      	movs	r0, #0
1000226e:	bdf0      	pop	{r4, r5, r6, r7, pc}

10002270 <da_5>:
10002270:	2900      	cmp	r1, #0
10002272:	d1dd      	bne.n	10002230 <da_2>
10002274:	2c00      	cmp	r4, #0
10002276:	d1db      	bne.n	10002230 <da_2>
10002278:	bdf0      	pop	{r4, r5, r6, r7, pc}

1000227a <da_0>:
1000227a:	3201      	adds	r2, #1
1000227c:	07c6      	lsls	r6, r0, #31
1000227e:	0840      	lsrs	r0, r0, #1
10002280:	07cd      	lsls	r5, r1, #31
10002282:	4328      	orrs	r0, r5
10002284:	0849      	lsrs	r1, r1, #1
10002286:	2e00      	cmp	r6, #0
10002288:	d0e1      	beq.n	1000224e <da_3>
1000228a:	e7d9      	b.n	10002240 <da_4>

1000228c <da_xrgty>:
1000228c:	2e3c      	cmp	r6, #60	@ 0x3c
1000228e:	da29      	bge.n	100022e4 <da_xmgty>
10002290:	3e20      	subs	r6, #32
10002292:	3740      	adds	r7, #64	@ 0x40
10002294:	0014      	movs	r4, r2
10002296:	40bc      	lsls	r4, r7
10002298:	d000      	beq.n	1000229c <da_xrgty+0x10>
1000229a:	2401      	movs	r4, #1
1000229c:	40f2      	lsrs	r2, r6
1000229e:	4314      	orrs	r4, r2
100022a0:	001a      	movs	r2, r3
100022a2:	40bb      	lsls	r3, r7
100022a4:	431c      	orrs	r4, r3
100022a6:	17d3      	asrs	r3, r2, #31
100022a8:	e7ac      	b.n	10002204 <da_xgty0>

100022aa <da_ygtx>:
100022aa:	46ac      	mov	ip, r5
100022ac:	2f20      	cmp	r7, #32
100022ae:	da08      	bge.n	100022c2 <da_yrgtx>
100022b0:	3620      	adds	r6, #32
100022b2:	0004      	movs	r4, r0
100022b4:	40b4      	lsls	r4, r6

100022b6 <da_ygtx0>:
100022b6:	000d      	movs	r5, r1
100022b8:	40b5      	lsls	r5, r6
100022ba:	40f8      	lsrs	r0, r7
100022bc:	4139      	asrs	r1, r7
100022be:	4328      	orrs	r0, r5
100022c0:	e7a5      	b.n	1000220e <da_add>

100022c2 <da_yrgtx>:
100022c2:	2f3c      	cmp	r7, #60	@ 0x3c
100022c4:	da0c      	bge.n	100022e0 <da_ymgtx>
100022c6:	3f20      	subs	r7, #32
100022c8:	3640      	adds	r6, #64	@ 0x40
100022ca:	0004      	movs	r4, r0
100022cc:	40b4      	lsls	r4, r6
100022ce:	d000      	beq.n	100022d2 <da_yrgtx+0x10>
100022d0:	2401      	movs	r4, #1
100022d2:	40f8      	lsrs	r0, r7
100022d4:	4304      	orrs	r4, r0
100022d6:	0008      	movs	r0, r1
100022d8:	40b1      	lsls	r1, r6
100022da:	430c      	orrs	r4, r1
100022dc:	17c1      	asrs	r1, r0, #31
100022de:	e7ea      	b.n	100022b6 <da_ygtx0>

100022e0 <da_ymgtx>:
100022e0:	0010      	movs	r0, r2
100022e2:	0019      	movs	r1, r3

100022e4 <da_xmgty>:
100022e4:	2400      	movs	r4, #0
100022e6:	e794      	b.n	10002212 <da_pack>
100022e8:	7ff00000 	.word	0x7ff00000

100022ec <dmul_shim>:
100022ec:	b5f0      	push	{r4, r5, r6, r7, lr}
100022ee:	0d0c      	lsrs	r4, r1, #20
100022f0:	1e66      	subs	r6, r4, #1
100022f2:	0536      	lsls	r6, r6, #20
100022f4:	1b89      	subs	r1, r1, r6
100022f6:	0ae6      	lsrs	r6, r4, #11
100022f8:	0564      	lsls	r4, r4, #21
100022fa:	0d64      	lsrs	r4, r4, #21
100022fc:	d002      	beq.n	10002304 <l12_1>
100022fe:	1c65      	adds	r5, r4, #1
10002300:	0aed      	lsrs	r5, r5, #11
10002302:	d004      	beq.n	1000230e <l12_2>

10002304 <l12_1>:
10002304:	2000      	movs	r0, #0
10002306:	2101      	movs	r1, #1
10002308:	0509      	lsls	r1, r1, #20
1000230a:	3c80      	subs	r4, #128	@ 0x80
1000230c:	0324      	lsls	r4, r4, #12

1000230e <l12_2>:
1000230e:	46a4      	mov	ip, r4
10002310:	0d1c      	lsrs	r4, r3, #20
10002312:	1e67      	subs	r7, r4, #1
10002314:	053f      	lsls	r7, r7, #20
10002316:	1bdb      	subs	r3, r3, r7
10002318:	0ae7      	lsrs	r7, r4, #11
1000231a:	0564      	lsls	r4, r4, #21
1000231c:	0d64      	lsrs	r4, r4, #21
1000231e:	d002      	beq.n	10002326 <l13_1>
10002320:	1c65      	adds	r5, r4, #1
10002322:	0aed      	lsrs	r5, r5, #11
10002324:	d004      	beq.n	10002330 <l13_2>

10002326 <l13_1>:
10002326:	2200      	movs	r2, #0
10002328:	2301      	movs	r3, #1
1000232a:	051b      	lsls	r3, r3, #20
1000232c:	3c80      	subs	r4, #128	@ 0x80
1000232e:	0324      	lsls	r4, r4, #12

10002330 <l13_2>:
10002330:	4077      	eors	r7, r6
10002332:	4464      	add	r4, ip
10002334:	b497      	push	{r0, r1, r2, r4, r7}
10002336:	b284      	uxth	r4, r0
10002338:	b296      	uxth	r6, r2
1000233a:	4374      	muls	r4, r6
1000233c:	0c07      	lsrs	r7, r0, #16
1000233e:	437e      	muls	r6, r7
10002340:	0c15      	lsrs	r5, r2, #16
10002342:	436f      	muls	r7, r5
10002344:	b280      	uxth	r0, r0
10002346:	4368      	muls	r0, r5
10002348:	1836      	adds	r6, r6, r0
1000234a:	d302      	bcc.n	10002352 <l14_1>
1000234c:	2001      	movs	r0, #1
1000234e:	0400      	lsls	r0, r0, #16
10002350:	183f      	adds	r7, r7, r0

10002352 <l14_1>:
10002352:	0430      	lsls	r0, r6, #16
10002354:	0c35      	lsrs	r5, r6, #16
10002356:	1900      	adds	r0, r0, r4
10002358:	417d      	adcs	r5, r7
1000235a:	4684      	mov	ip, r0
1000235c:	b288      	uxth	r0, r1
1000235e:	b29a      	uxth	r2, r3
10002360:	4350      	muls	r0, r2
10002362:	0c0c      	lsrs	r4, r1, #16
10002364:	4362      	muls	r2, r4
10002366:	0c1f      	lsrs	r7, r3, #16
10002368:	437c      	muls	r4, r7
1000236a:	b28e      	uxth	r6, r1
1000236c:	437e      	muls	r6, r7
1000236e:	1992      	adds	r2, r2, r6
10002370:	d302      	bcc.n	10002378 <l15_1>
10002372:	2601      	movs	r6, #1
10002374:	0436      	lsls	r6, r6, #16
10002376:	19a4      	adds	r4, r4, r6

10002378 <l15_1>:
10002378:	0416      	lsls	r6, r2, #16
1000237a:	0c17      	lsrs	r7, r2, #16
1000237c:	1836      	adds	r6, r6, r0
1000237e:	4167      	adcs	r7, r4
10002380:	bc01      	pop	{r0}
10002382:	b281      	uxth	r1, r0
10002384:	b29a      	uxth	r2, r3
10002386:	4351      	muls	r1, r2
10002388:	0c04      	lsrs	r4, r0, #16
1000238a:	4362      	muls	r2, r4
1000238c:	0c1b      	lsrs	r3, r3, #16
1000238e:	435c      	muls	r4, r3
10002390:	b280      	uxth	r0, r0
10002392:	4358      	muls	r0, r3
10002394:	1812      	adds	r2, r2, r0
10002396:	d302      	bcc.n	1000239e <l16_1>
10002398:	2001      	movs	r0, #1
1000239a:	0400      	lsls	r0, r0, #16
1000239c:	1824      	adds	r4, r4, r0

1000239e <l16_1>:
1000239e:	0410      	lsls	r0, r2, #16
100023a0:	0c13      	lsrs	r3, r2, #16
100023a2:	1840      	adds	r0, r0, r1
100023a4:	4163      	adcs	r3, r4
100023a6:	182d      	adds	r5, r5, r0
100023a8:	415e      	adcs	r6, r3
100023aa:	2000      	movs	r0, #0
100023ac:	4147      	adcs	r7, r0
100023ae:	bc06      	pop	{r1, r2}
100023b0:	b288      	uxth	r0, r1
100023b2:	b293      	uxth	r3, r2
100023b4:	4358      	muls	r0, r3
100023b6:	0c0c      	lsrs	r4, r1, #16
100023b8:	4363      	muls	r3, r4
100023ba:	0c12      	lsrs	r2, r2, #16
100023bc:	4354      	muls	r4, r2
100023be:	b289      	uxth	r1, r1
100023c0:	4351      	muls	r1, r2
100023c2:	185b      	adds	r3, r3, r1
100023c4:	d302      	bcc.n	100023cc <l17_1>
100023c6:	2101      	movs	r1, #1
100023c8:	0409      	lsls	r1, r1, #16
100023ca:	1864      	adds	r4, r4, r1

100023cc <l17_1>:
100023cc:	0419      	lsls	r1, r3, #16
100023ce:	0c1a      	lsrs	r2, r3, #16
100023d0:	1809      	adds	r1, r1, r0
100023d2:	4162      	adcs	r2, r4
100023d4:	186d      	adds	r5, r5, r1
100023d6:	4156      	adcs	r6, r2
100023d8:	2000      	movs	r0, #0
100023da:	4147      	adcs	r7, r0
100023dc:	bc18      	pop	{r3, r4}
100023de:	02f9      	lsls	r1, r7, #11
100023e0:	0d72      	lsrs	r2, r6, #21
100023e2:	4311      	orrs	r1, r2
100023e4:	02f0      	lsls	r0, r6, #11
100023e6:	0d6a      	lsrs	r2, r5, #21
100023e8:	4310      	orrs	r0, r2
100023ea:	02ed      	lsls	r5, r5, #11
100023ec:	0d0a      	lsrs	r2, r1, #20
100023ee:	d103      	bne.n	100023f8 <l17_1+0x2c>
100023f0:	196d      	adds	r5, r5, r5
100023f2:	4140      	adcs	r0, r0
100023f4:	4149      	adcs	r1, r1
100023f6:	3b01      	subs	r3, #1
100023f8:	4e12      	ldr	r6, [pc, #72]	@ (10002444 <dm_1+0xa>)
100023fa:	1b9b      	subs	r3, r3, r6
100023fc:	0076      	lsls	r6, r6, #1
100023fe:	42b3      	cmp	r3, r6
10002400:	d20e      	bcs.n	10002420 <dm_0>
10002402:	006d      	lsls	r5, r5, #1
10002404:	d307      	bcc.n	10002416 <l17_1+0x4a>
10002406:	3001      	adds	r0, #1
10002408:	2600      	movs	r6, #0
1000240a:	4171      	adcs	r1, r6
1000240c:	4666      	mov	r6, ip
1000240e:	4335      	orrs	r5, r6
10002410:	d101      	bne.n	10002416 <l17_1+0x4a>
10002412:	0840      	lsrs	r0, r0, #1
10002414:	0040      	lsls	r0, r0, #1
10002416:	051b      	lsls	r3, r3, #20
10002418:	18c9      	adds	r1, r1, r3

1000241a <dm_2>:
1000241a:	07e4      	lsls	r4, r4, #31
1000241c:	4421      	add	r1, r4
1000241e:	bdf0      	pop	{r4, r5, r6, r7, pc}

10002420 <dm_0>:
10002420:	da0b      	bge.n	1000243a <dm_1>
10002422:	3301      	adds	r3, #1
10002424:	d106      	bne.n	10002434 <dm_0+0x14>
10002426:	3001      	adds	r0, #1
10002428:	d104      	bne.n	10002434 <dm_0+0x14>
1000242a:	3101      	adds	r1, #1
1000242c:	0d4f      	lsrs	r7, r1, #21
1000242e:	d001      	beq.n	10002434 <dm_0+0x14>
10002430:	0849      	lsrs	r1, r1, #1
10002432:	e7f2      	b.n	1000241a <dm_2>
10002434:	07e1      	lsls	r1, r4, #31
10002436:	2000      	movs	r0, #0
10002438:	bdf0      	pop	{r4, r5, r6, r7, pc}

1000243a <dm_1>:
1000243a:	3601      	adds	r6, #1
1000243c:	0531      	lsls	r1, r6, #20
1000243e:	2000      	movs	r0, #0
10002440:	e7eb      	b.n	1000241a <dm_2>
10002442:	0000      	.short	0x0000
10002444:	000003ff 	.word	0x000003ff

10002448 <ddiv_shim>:
10002448:	b5f0      	push	{r4, r5, r6, r7, lr}

1000244a <ddiv0>:
1000244a:	0d1c      	lsrs	r4, r3, #20
1000244c:	1e67      	subs	r7, r4, #1
1000244e:	053f      	lsls	r7, r7, #20
10002450:	1bdb      	subs	r3, r3, r7
10002452:	0ae7      	lsrs	r7, r4, #11
10002454:	0564      	lsls	r4, r4, #21
10002456:	0d64      	lsrs	r4, r4, #21
10002458:	d002      	beq.n	10002460 <l20_1>
1000245a:	1c66      	adds	r6, r4, #1
1000245c:	0af6      	lsrs	r6, r6, #11
1000245e:	d004      	beq.n	1000246a <l20_2>

10002460 <l20_1>:
10002460:	2200      	movs	r2, #0
10002462:	2301      	movs	r3, #1
10002464:	051b      	lsls	r3, r3, #20
10002466:	3c80      	subs	r4, #128	@ 0x80
10002468:	0324      	lsls	r4, r4, #12

1000246a <l20_2>:
1000246a:	25d0      	movs	r5, #208	@ 0xd0
1000246c:	062d      	lsls	r5, r5, #24
1000246e:	2600      	movs	r6, #0
10002470:	43f6      	mvns	r6, r6
10002472:	662e      	str	r6, [r5, #96]	@ 0x60
10002474:	091e      	lsrs	r6, r3, #4
10002476:	666e      	str	r6, [r5, #100]	@ 0x64
10002478:	0fce      	lsrs	r6, r1, #31
1000247a:	19f6      	adds	r6, r6, r7
1000247c:	46b4      	mov	ip, r6
1000247e:	0049      	lsls	r1, r1, #1
10002480:	0d4f      	lsrs	r7, r1, #21
10002482:	d002      	beq.n	1000248a <l20_2+0x20>
10002484:	1c7e      	adds	r6, r7, #1
10002486:	0af6      	lsrs	r6, r6, #11
10002488:	d003      	beq.n	10002492 <l20_2+0x28>
1000248a:	2000      	movs	r0, #0
1000248c:	2100      	movs	r1, #0
1000248e:	3f40      	subs	r7, #64	@ 0x40
10002490:	033f      	lsls	r7, r7, #12
10002492:	1b3e      	subs	r6, r7, r4
10002494:	00b6      	lsls	r6, r6, #2
10002496:	44b4      	add	ip, r6
10002498:	3f01      	subs	r7, #1
1000249a:	057f      	lsls	r7, r7, #21
1000249c:	1bc9      	subs	r1, r1, r7
1000249e:	0849      	lsrs	r1, r1, #1
100024a0:	6f2e      	ldr	r6, [r5, #112]	@ 0x70
100024a2:	3601      	adds	r6, #1
100024a4:	0876      	lsrs	r6, r6, #1
100024a6:	029c      	lsls	r4, r3, #10
100024a8:	0d95      	lsrs	r5, r2, #22
100024aa:	4325      	orrs	r5, r4
100024ac:	4375      	muls	r5, r6
100024ae:	13ed      	asrs	r5, r5, #15
100024b0:	4375      	muls	r5, r6
100024b2:	13ad      	asrs	r5, r5, #14
100024b4:	3501      	adds	r5, #1
100024b6:	106d      	asrs	r5, r5, #1
100024b8:	03f6      	lsls	r6, r6, #15
100024ba:	1b76      	subs	r6, r6, r5
100024bc:	b40c      	push	{r2, r3}
100024be:	02cc      	lsls	r4, r1, #11
100024c0:	0d45      	lsrs	r5, r0, #21
100024c2:	432c      	orrs	r4, r5
100024c4:	b2a2      	uxth	r2, r4
100024c6:	b2b3      	uxth	r3, r6
100024c8:	435a      	muls	r2, r3
100024ca:	0c27      	lsrs	r7, r4, #16
100024cc:	437b      	muls	r3, r7
100024ce:	0c35      	lsrs	r5, r6, #16
100024d0:	436f      	muls	r7, r5
100024d2:	b2a4      	uxth	r4, r4
100024d4:	436c      	muls	r4, r5
100024d6:	191b      	adds	r3, r3, r4
100024d8:	d302      	bcc.n	100024e0 <l21_1>
100024da:	2401      	movs	r4, #1
100024dc:	0424      	lsls	r4, r4, #16
100024de:	193f      	adds	r7, r7, r4

100024e0 <l21_1>:
100024e0:	041c      	lsls	r4, r3, #16
100024e2:	0c1d      	lsrs	r5, r3, #16
100024e4:	18a4      	adds	r4, r4, r2
100024e6:	417d      	adcs	r5, r7
100024e8:	1924      	adds	r4, r4, r4
100024ea:	416d      	adcs	r5, r5
100024ec:	9a00      	ldr	r2, [sp, #0]
100024ee:	b291      	uxth	r1, r2
100024f0:	b2ac      	uxth	r4, r5
100024f2:	4361      	muls	r1, r4
100024f4:	0c17      	lsrs	r7, r2, #16
100024f6:	437c      	muls	r4, r7
100024f8:	0c2b      	lsrs	r3, r5, #16
100024fa:	435f      	muls	r7, r3
100024fc:	b292      	uxth	r2, r2
100024fe:	435a      	muls	r2, r3
10002500:	18a4      	adds	r4, r4, r2
10002502:	d302      	bcc.n	1000250a <l22_1>
10002504:	2201      	movs	r2, #1
10002506:	0412      	lsls	r2, r2, #16
10002508:	18bf      	adds	r7, r7, r2

1000250a <l22_1>:
1000250a:	0422      	lsls	r2, r4, #16
1000250c:	0c23      	lsrs	r3, r4, #16
1000250e:	1852      	adds	r2, r2, r1
10002510:	417b      	adcs	r3, r7
10002512:	9c01      	ldr	r4, [sp, #4]
10002514:	436c      	muls	r4, r5
10002516:	191b      	adds	r3, r3, r4
10002518:	0e52      	lsrs	r2, r2, #25
1000251a:	01d9      	lsls	r1, r3, #7
1000251c:	430a      	orrs	r2, r1
1000251e:	0144      	lsls	r4, r0, #5
10002520:	1aa0      	subs	r0, r4, r2
10002522:	b281      	uxth	r1, r0
10002524:	b2b2      	uxth	r2, r6
10002526:	4351      	muls	r1, r2
10002528:	1403      	asrs	r3, r0, #16
1000252a:	435a      	muls	r2, r3
1000252c:	0c36      	lsrs	r6, r6, #16
1000252e:	4373      	muls	r3, r6
10002530:	b287      	uxth	r7, r0
10002532:	4377      	muls	r7, r6
10002534:	17d6      	asrs	r6, r2, #31
10002536:	19d2      	adds	r2, r2, r7
10002538:	2700      	movs	r7, #0
1000253a:	417e      	adcs	r6, r7
1000253c:	0436      	lsls	r6, r6, #16
1000253e:	199b      	adds	r3, r3, r6
10002540:	0417      	lsls	r7, r2, #16
10002542:	0c16      	lsrs	r6, r2, #16
10002544:	187f      	adds	r7, r7, r1
10002546:	415e      	adcs	r6, r3
10002548:	1673      	asrs	r3, r6, #25
1000254a:	18ed      	adds	r5, r5, r3
1000254c:	01f3      	lsls	r3, r6, #7
1000254e:	2600      	movs	r6, #0
10002550:	3380      	adds	r3, #128	@ 0x80
10002552:	4175      	adcs	r5, r6
10002554:	0fa9      	lsrs	r1, r5, #30
10002556:	d106      	bne.n	10002566 <dd_0>
10002558:	0064      	lsls	r4, r4, #1
1000255a:	0a69      	lsrs	r1, r5, #9
1000255c:	05e8      	lsls	r0, r5, #23
1000255e:	0a5b      	lsrs	r3, r3, #9
10002560:	4318      	orrs	r0, r3
10002562:	d209      	bcs.n	10002578 <dd_1>
10002564:	e02f      	b.n	100025c6 <dd_2>

10002566 <dd_0>:
10002566:	2204      	movs	r2, #4
10002568:	4494      	add	ip, r2
1000256a:	3380      	adds	r3, #128	@ 0x80
1000256c:	4175      	adcs	r5, r6
1000256e:	0aa9      	lsrs	r1, r5, #10
10002570:	05a8      	lsls	r0, r5, #22
10002572:	0a9b      	lsrs	r3, r3, #10
10002574:	4318      	orrs	r0, r3
10002576:	d326      	bcc.n	100025c6 <dd_2>

10002578 <dd_1>:
10002578:	4140      	adcs	r0, r0
1000257a:	4149      	adcs	r1, r1
1000257c:	0424      	lsls	r4, r4, #16
1000257e:	9a00      	ldr	r2, [sp, #0]
10002580:	9b01      	ldr	r3, [sp, #4]
10002582:	000d      	movs	r5, r1
10002584:	4355      	muls	r5, r2
10002586:	1b64      	subs	r4, r4, r5
10002588:	4343      	muls	r3, r0
1000258a:	1ae4      	subs	r4, r4, r3
1000258c:	b295      	uxth	r5, r2
1000258e:	b286      	uxth	r6, r0
10002590:	4375      	muls	r5, r6
10002592:	0c17      	lsrs	r7, r2, #16
10002594:	437e      	muls	r6, r7
10002596:	0c03      	lsrs	r3, r0, #16
10002598:	435f      	muls	r7, r3
1000259a:	b292      	uxth	r2, r2
1000259c:	435a      	muls	r2, r3
1000259e:	18b6      	adds	r6, r6, r2
100025a0:	d302      	bcc.n	100025a8 <l24_1>
100025a2:	2201      	movs	r2, #1
100025a4:	0412      	lsls	r2, r2, #16
100025a6:	18bf      	adds	r7, r7, r2

100025a8 <l24_1>:
100025a8:	0432      	lsls	r2, r6, #16
100025aa:	0c33      	lsrs	r3, r6, #16
100025ac:	1952      	adds	r2, r2, r5
100025ae:	417b      	adcs	r3, r7
100025b0:	4252      	negs	r2, r2
100025b2:	419c      	sbcs	r4, r3
100025b4:	2c00      	cmp	r4, #0
100025b6:	d402      	bmi.n	100025be <l24_1+0x16>
100025b8:	2200      	movs	r2, #0
100025ba:	3001      	adds	r0, #1
100025bc:	4151      	adcs	r1, r2
100025be:	0840      	lsrs	r0, r0, #1
100025c0:	07ca      	lsls	r2, r1, #31
100025c2:	4310      	orrs	r0, r2
100025c4:	0849      	lsrs	r1, r1, #1

100025c6 <dd_2>:
100025c6:	b002      	add	sp, #8
100025c8:	4662      	mov	r2, ip
100025ca:	07d7      	lsls	r7, r2, #31
100025cc:	1092      	asrs	r2, r2, #2
100025ce:	4b08      	ldr	r3, [pc, #32]	@ (100025f0 <dd_4+0x6>)
100025d0:	18d2      	adds	r2, r2, r3
100025d2:	4b08      	ldr	r3, [pc, #32]	@ (100025f4 <dd_4+0xa>)
100025d4:	429a      	cmp	r2, r3
100025d6:	d203      	bcs.n	100025e0 <dd_3>
100025d8:	0512      	lsls	r2, r2, #20
100025da:	1889      	adds	r1, r1, r2

100025dc <dd_5>:
100025dc:	19c9      	adds	r1, r1, r7
100025de:	bdf0      	pop	{r4, r5, r6, r7, pc}

100025e0 <dd_3>:
100025e0:	2000      	movs	r0, #0
100025e2:	2a00      	cmp	r2, #0
100025e4:	dc01      	bgt.n	100025ea <dd_4>
100025e6:	0039      	movs	r1, r7
100025e8:	bdf0      	pop	{r4, r5, r6, r7, pc}

100025ea <dd_4>:
100025ea:	3301      	adds	r3, #1
100025ec:	0519      	lsls	r1, r3, #20
100025ee:	e7f5      	b.n	100025dc <dd_5>
100025f0:	000003fd 	.word	0x000003fd
100025f4:	000007fe 	.word	0x000007fe

100025f8 <double2uint_shim>:
100025f8:	2200      	movs	r2, #0

100025fa <double2ufix_shim>:
100025fa:	b500      	push	{lr}
100025fc:	3220      	adds	r2, #32
100025fe:	f000 f804 	bl	1000260a <double2ufix64_shim>
10002602:	0008      	movs	r0, r1
10002604:	bd00      	pop	{pc}
	...

10002608 <double2uint64_shim>:
10002608:	2200      	movs	r2, #0

1000260a <double2ufix64_shim>:
1000260a:	150b      	asrs	r3, r1, #20
1000260c:	d40a      	bmi.n	10002624 <ret_dzero>

1000260e <d2fix>:
1000260e:	b510      	push	{r4, lr}
10002610:	4694      	mov	ip, r2
10002612:	f000 f831 	bl	10002678 <dunpacks>
10002616:	1414      	asrs	r4, r2, #16
10002618:	3401      	adds	r4, #1
1000261a:	da00      	bge.n	1000261e <d2fix+0x10>
1000261c:	2100      	movs	r1, #0
1000261e:	17cb      	asrs	r3, r1, #31
10002620:	4c14      	ldr	r4, [pc, #80]	@ (10002674 <d2fix_a+0x4a>)
10002622:	4720      	bx	r4

10002624 <ret_dzero>:
10002624:	2000      	movs	r0, #0
10002626:	2100      	movs	r1, #0
10002628:	4770      	bx	lr

1000262a <d2fix_a>:
1000262a:	4462      	add	r2, ip
1000262c:	3a34      	subs	r2, #52	@ 0x34
1000262e:	d40c      	bmi.n	1000264a <d2fix_a+0x20>
10002630:	2a0c      	cmp	r2, #12
10002632:	da07      	bge.n	10002644 <d2fix_a+0x1a>
10002634:	0004      	movs	r4, r0
10002636:	4091      	lsls	r1, r2
10002638:	4090      	lsls	r0, r2
1000263a:	4252      	negs	r2, r2
1000263c:	3220      	adds	r2, #32
1000263e:	40d4      	lsrs	r4, r2
10002640:	4321      	orrs	r1, r4
10002642:	bd10      	pop	{r4, pc}
10002644:	43d8      	mvns	r0, r3
10002646:	43d9      	mvns	r1, r3
10002648:	bd10      	pop	{r4, pc}
1000264a:	3220      	adds	r2, #32
1000264c:	d407      	bmi.n	1000265e <d2fix_a+0x34>
1000264e:	460c      	mov	r4, r1
10002650:	4094      	lsls	r4, r2
10002652:	4252      	negs	r2, r2
10002654:	3220      	adds	r2, #32
10002656:	4111      	asrs	r1, r2
10002658:	40d0      	lsrs	r0, r2
1000265a:	4320      	orrs	r0, r4
1000265c:	bd10      	pop	{r4, pc}
1000265e:	0008      	movs	r0, r1
10002660:	17c9      	asrs	r1, r1, #31
10002662:	3220      	adds	r2, #32
10002664:	d403      	bmi.n	1000266e <d2fix_a+0x44>
10002666:	4252      	negs	r2, r2
10002668:	3220      	adds	r2, #32
1000266a:	4110      	asrs	r0, r2
1000266c:	bd10      	pop	{r4, pc}
1000266e:	0018      	movs	r0, r3
10002670:	0019      	movs	r1, r3
10002672:	bd10      	pop	{r4, pc}
10002674:	1000262b 	.word	0x1000262b

10002678 <dunpacks>:
10002678:	0d0a      	lsrs	r2, r1, #20
1000267a:	0fcc      	lsrs	r4, r1, #31
1000267c:	1e53      	subs	r3, r2, #1
1000267e:	051b      	lsls	r3, r3, #20
10002680:	1ac9      	subs	r1, r1, r3
10002682:	0552      	lsls	r2, r2, #21
10002684:	d303      	bcc.n	1000268e <l60_1>
10002686:	43c9      	mvns	r1, r1
10002688:	4240      	negs	r0, r0
1000268a:	d300      	bcc.n	1000268e <l60_1>
1000268c:	3101      	adds	r1, #1

1000268e <l60_1>:
1000268e:	0d52      	lsrs	r2, r2, #21
10002690:	d003      	beq.n	1000269a <l60_2>
10002692:	1c53      	adds	r3, r2, #1
10002694:	0adb      	lsrs	r3, r3, #11
10002696:	d007      	beq.n	100026a8 <l60_3>
10002698:	1b12      	subs	r2, r2, r4

1000269a <l60_2>:
1000269a:	2000      	movs	r0, #0
1000269c:	0064      	lsls	r4, r4, #1
1000269e:	1c61      	adds	r1, r4, #1
100026a0:	0789      	lsls	r1, r1, #30
100026a2:	1289      	asrs	r1, r1, #10
100026a4:	3a80      	subs	r2, #128	@ 0x80
100026a6:	0312      	lsls	r2, r2, #12

100026a8 <l60_3>:
100026a8:	4b01      	ldr	r3, [pc, #4]	@ (100026b0 <l60_3+0x8>)
100026aa:	1ad2      	subs	r2, r2, r3
100026ac:	4770      	bx	lr
100026ae:	0000      	.short	0x0000
100026b0:	000003ff 	.word	0x000003ff

100026b4 <__wrap___aeabi_lmul>:
100026b4:	4351      	muls	r1, r2
100026b6:	4343      	muls	r3, r0
100026b8:	18c9      	adds	r1, r1, r3
100026ba:	468c      	mov	ip, r1
100026bc:	0c11      	lsrs	r1, r2, #16
100026be:	b283      	uxth	r3, r0
100026c0:	434b      	muls	r3, r1
100026c2:	b410      	push	{r4}
100026c4:	0c04      	lsrs	r4, r0, #16
100026c6:	4361      	muls	r1, r4
100026c8:	b292      	uxth	r2, r2
100026ca:	b280      	uxth	r0, r0
100026cc:	4350      	muls	r0, r2
100026ce:	4362      	muls	r2, r4
100026d0:	041c      	lsls	r4, r3, #16
100026d2:	0c1b      	lsrs	r3, r3, #16
100026d4:	1900      	adds	r0, r0, r4
100026d6:	bc10      	pop	{r4}
100026d8:	4159      	adcs	r1, r3
100026da:	0413      	lsls	r3, r2, #16
100026dc:	0c12      	lsrs	r2, r2, #16
100026de:	18c0      	adds	r0, r0, r3
100026e0:	4151      	adcs	r1, r2
100026e2:	4461      	add	r1, ip
100026e4:	4770      	bx	lr
	...

100026e8 <__aeabi_float_init>:
100026e8:	2313      	movs	r3, #19
100026ea:	b510      	push	{r4, lr}
100026ec:	4812      	ldr	r0, [pc, #72]	@ (10002738 <__aeabi_float_init+0x50>)
100026ee:	781c      	ldrb	r4, [r3, #0]
100026f0:	f7ff f80a 	bl	10001708 <rom_data_lookup>
100026f4:	0001      	movs	r1, r0
100026f6:	2c01      	cmp	r4, #1
100026f8:	d00a      	beq.n	10002710 <__aeabi_float_init+0x28>
100026fa:	dd03      	ble.n	10002704 <__aeabi_float_init+0x1c>
100026fc:	2280      	movs	r2, #128	@ 0x80
100026fe:	480f      	ldr	r0, [pc, #60]	@ (1000273c <__aeabi_float_init+0x54>)
10002700:	f000 f848 	bl	10002794 <__wrap___aeabi_memcpy>
10002704:	480e      	ldr	r0, [pc, #56]	@ (10002740 <__aeabi_float_init+0x58>)
10002706:	f7fe fff7 	bl	100016f8 <rom_func_lookup>
1000270a:	4b0e      	ldr	r3, [pc, #56]	@ (10002744 <__aeabi_float_init+0x5c>)
1000270c:	6018      	str	r0, [r3, #0]
1000270e:	bd10      	pop	{r4, pc}
10002710:	4c0a      	ldr	r4, [pc, #40]	@ (1000273c <__aeabi_float_init+0x54>)
10002712:	2254      	movs	r2, #84	@ 0x54
10002714:	0020      	movs	r0, r4
10002716:	f000 f83d 	bl	10002794 <__wrap___aeabi_memcpy>
1000271a:	4b0b      	ldr	r3, [pc, #44]	@ (10002748 <__aeabi_float_init+0x60>)
1000271c:	6563      	str	r3, [r4, #84]	@ 0x54
1000271e:	65a3      	str	r3, [r4, #88]	@ 0x58
10002720:	65e3      	str	r3, [r4, #92]	@ 0x5c
10002722:	6623      	str	r3, [r4, #96]	@ 0x60
10002724:	6663      	str	r3, [r4, #100]	@ 0x64
10002726:	66a3      	str	r3, [r4, #104]	@ 0x68
10002728:	66e3      	str	r3, [r4, #108]	@ 0x6c
1000272a:	6723      	str	r3, [r4, #112]	@ 0x70
1000272c:	6763      	str	r3, [r4, #116]	@ 0x74
1000272e:	67a3      	str	r3, [r4, #120]	@ 0x78
10002730:	67e3      	str	r3, [r4, #124]	@ 0x7c
10002732:	6223      	str	r3, [r4, #32]
10002734:	61e3      	str	r3, [r4, #28]
10002736:	e7e5      	b.n	10002704 <__aeabi_float_init+0x1c>
10002738:	00004653 	.word	0x00004653
1000273c:	20001338 	.word	0x20001338
10002740:	0000334c 	.word	0x0000334c
10002744:	20002118 	.word	0x20002118
10002748:	1000274d 	.word	0x1000274d

1000274c <float_table_shim_on_use_helper>:
1000274c:	b507      	push	{r0, r1, r2, lr}
1000274e:	4660      	mov	r0, ip
10002750:	8801      	ldrh	r1, [r0, #0]
10002752:	0a0a      	lsrs	r2, r1, #8
10002754:	3002      	adds	r0, #2
10002756:	2adf      	cmp	r2, #223	@ 0xdf
10002758:	d1fa      	bne.n	10002750 <float_table_shim_on_use_helper+0x4>
1000275a:	b2c9      	uxtb	r1, r1
1000275c:	0882      	lsrs	r2, r0, #2
1000275e:	d304      	bcc.n	1000276a <float_table_shim_on_use_helper+0x1e>
10002760:	8802      	ldrh	r2, [r0, #0]
10002762:	8840      	ldrh	r0, [r0, #2]
10002764:	0400      	lsls	r0, r0, #16
10002766:	4310      	orrs	r0, r2
10002768:	e000      	b.n	1000276c <float_table_shim_on_use_helper+0x20>
1000276a:	6800      	ldr	r0, [r0, #0]
1000276c:	4a01      	ldr	r2, [pc, #4]	@ (10002774 <float_table_shim_on_use_helper+0x28>)
1000276e:	5050      	str	r0, [r2, r1]
10002770:	9003      	str	r0, [sp, #12]
10002772:	bd07      	pop	{r0, r1, r2, pc}
10002774:	20001338 	.word	0x20001338

10002778 <__aeabi_mem_init>:
10002778:	4801      	ldr	r0, [pc, #4]	@ (10002780 <__aeabi_mem_init+0x8>)
1000277a:	2104      	movs	r1, #4
1000277c:	4b01      	ldr	r3, [pc, #4]	@ (10002784 <__aeabi_mem_init+0xc>)
1000277e:	4718      	bx	r3
10002780:	20001010 	.word	0x20001010
10002784:	10001719 	.word	0x10001719

10002788 <__wrap_memset>:
10002788:	4b01      	ldr	r3, [pc, #4]	@ (10002790 <__wrap_memset+0x8>)
1000278a:	681b      	ldr	r3, [r3, #0]
1000278c:	4718      	bx	r3
1000278e:	0000      	.short	0x0000
10002790:	20001010 	.word	0x20001010

10002794 <__wrap___aeabi_memcpy>:
10002794:	4b01      	ldr	r3, [pc, #4]	@ (1000279c <__wrap___aeabi_memcpy+0x8>)
10002796:	685b      	ldr	r3, [r3, #4]
10002798:	4718      	bx	r3
1000279a:	0000      	.short	0x0000
1000279c:	20001010 	.word	0x20001010

100027a0 <_out_null>:
100027a0:	4770      	bx	lr
100027a2:	46c0      	nop			@ (mov r8, r8)

100027a4 <_out_rev>:
100027a4:	b5f8      	push	{r3, r4, r5, r6, r7, lr}
100027a6:	4657      	mov	r7, sl
100027a8:	46de      	mov	lr, fp
100027aa:	464e      	mov	r6, r9
100027ac:	4645      	mov	r5, r8
100027ae:	b5e0      	push	{r5, r6, r7, lr}
100027b0:	4699      	mov	r9, r3
100027b2:	9b0a      	ldr	r3, [sp, #40]	@ 0x28
100027b4:	0007      	movs	r7, r0
100027b6:	469a      	mov	sl, r3
100027b8:	9b0d      	ldr	r3, [sp, #52]	@ 0x34
100027ba:	4688      	mov	r8, r1
100027bc:	4693      	mov	fp, r2
100027be:	9c0b      	ldr	r4, [sp, #44]	@ 0x2c
100027c0:	079b      	lsls	r3, r3, #30
100027c2:	d13b      	bne.n	1000283c <_out_rev+0x98>
100027c4:	9b0c      	ldr	r3, [sp, #48]	@ 0x30
100027c6:	429c      	cmp	r4, r3
100027c8:	d23d      	bcs.n	10002846 <_out_rev+0xa2>
100027ca:	1b1e      	subs	r6, r3, r4
100027cc:	940b      	str	r4, [sp, #44]	@ 0x2c
100027ce:	0015      	movs	r5, r2
100027d0:	000c      	movs	r4, r1
100027d2:	445e      	add	r6, fp
100027d4:	002a      	movs	r2, r5
100027d6:	464b      	mov	r3, r9
100027d8:	3501      	adds	r5, #1
100027da:	0021      	movs	r1, r4
100027dc:	2020      	movs	r0, #32
100027de:	47b8      	blx	r7
100027e0:	42b5      	cmp	r5, r6
100027e2:	d1f7      	bne.n	100027d4 <_out_rev+0x30>
100027e4:	46a0      	mov	r8, r4
100027e6:	9c0b      	ldr	r4, [sp, #44]	@ 0x2c
100027e8:	2c00      	cmp	r4, #0
100027ea:	d020      	beq.n	1000282e <_out_rev+0x8a>
100027ec:	4645      	mov	r5, r8
100027ee:	1936      	adds	r6, r6, r4
100027f0:	4653      	mov	r3, sl
100027f2:	1b32      	subs	r2, r6, r4
100027f4:	3c01      	subs	r4, #1
100027f6:	5d18      	ldrb	r0, [r3, r4]
100027f8:	0029      	movs	r1, r5
100027fa:	464b      	mov	r3, r9
100027fc:	47b8      	blx	r7
100027fe:	2c00      	cmp	r4, #0
10002800:	d1f6      	bne.n	100027f0 <_out_rev+0x4c>
10002802:	002b      	movs	r3, r5
10002804:	0035      	movs	r5, r6
10002806:	4698      	mov	r8, r3
10002808:	9b0d      	ldr	r3, [sp, #52]	@ 0x34
1000280a:	079b      	lsls	r3, r3, #30
1000280c:	d50f      	bpl.n	1000282e <_out_rev+0x8a>
1000280e:	465b      	mov	r3, fp
10002810:	1aec      	subs	r4, r5, r3
10002812:	9b0c      	ldr	r3, [sp, #48]	@ 0x30
10002814:	42a3      	cmp	r3, r4
10002816:	d90a      	bls.n	1000282e <_out_rev+0x8a>
10002818:	4646      	mov	r6, r8
1000281a:	4698      	mov	r8, r3
1000281c:	002a      	movs	r2, r5
1000281e:	464b      	mov	r3, r9
10002820:	0031      	movs	r1, r6
10002822:	2020      	movs	r0, #32
10002824:	3401      	adds	r4, #1
10002826:	47b8      	blx	r7
10002828:	3501      	adds	r5, #1
1000282a:	4544      	cmp	r4, r8
1000282c:	d3f6      	bcc.n	1000281c <_out_rev+0x78>
1000282e:	0028      	movs	r0, r5
10002830:	bcf0      	pop	{r4, r5, r6, r7}
10002832:	46bb      	mov	fp, r7
10002834:	46b2      	mov	sl, r6
10002836:	46a9      	mov	r9, r5
10002838:	46a0      	mov	r8, r4
1000283a:	bdf8      	pop	{r3, r4, r5, r6, r7, pc}
1000283c:	0016      	movs	r6, r2
1000283e:	0015      	movs	r5, r2
10002840:	2c00      	cmp	r4, #0
10002842:	d1d3      	bne.n	100027ec <_out_rev+0x48>
10002844:	e7e0      	b.n	10002808 <_out_rev+0x64>
10002846:	0016      	movs	r6, r2
10002848:	0015      	movs	r5, r2
1000284a:	2c00      	cmp	r4, #0
1000284c:	d1ce      	bne.n	100027ec <_out_rev+0x48>
1000284e:	e7ee      	b.n	1000282e <_out_rev+0x8a>

10002850 <_ntoa_format>:
10002850:	b5f0      	push	{r4, r5, r6, r7, lr}
10002852:	4645      	mov	r5, r8
10002854:	46de      	mov	lr, fp
10002856:	4657      	mov	r7, sl
10002858:	464e      	mov	r6, r9
1000285a:	b5e0      	push	{r5, r6, r7, lr}
1000285c:	b085      	sub	sp, #20
1000285e:	469c      	mov	ip, r3
10002860:	ab10      	add	r3, sp, #64	@ 0x40
10002862:	781b      	ldrb	r3, [r3, #0]
10002864:	9f14      	ldr	r7, [sp, #80]	@ 0x50
10002866:	4693      	mov	fp, r2
10002868:	4698      	mov	r8, r3
1000286a:	9c0f      	ldr	r4, [sp, #60]	@ 0x3c
1000286c:	9e12      	ldr	r6, [sp, #72]	@ 0x48
1000286e:	9d13      	ldr	r5, [sp, #76]	@ 0x4c
10002870:	07bb      	lsls	r3, r7, #30
10002872:	d44c      	bmi.n	1000290e <_ntoa_format+0xbe>
10002874:	2d00      	cmp	r5, #0
10002876:	d142      	bne.n	100028fe <_ntoa_format+0xae>
10002878:	42b4      	cmp	r4, r6
1000287a:	d248      	bcs.n	1000290e <_ntoa_format+0xbe>
1000287c:	2301      	movs	r3, #1
1000287e:	403b      	ands	r3, r7
10002880:	4699      	mov	r9, r3
10002882:	9b0e      	ldr	r3, [sp, #56]	@ 0x38
10002884:	3b01      	subs	r3, #1
10002886:	469a      	mov	sl, r3
10002888:	2330      	movs	r3, #48	@ 0x30
1000288a:	e004      	b.n	10002896 <_ntoa_format+0x46>
1000288c:	4652      	mov	r2, sl
1000288e:	3401      	adds	r4, #1
10002890:	5513      	strb	r3, [r2, r4]
10002892:	42a6      	cmp	r6, r4
10002894:	d901      	bls.n	1000289a <_ntoa_format+0x4a>
10002896:	2c20      	cmp	r4, #32
10002898:	d1f8      	bne.n	1000288c <_ntoa_format+0x3c>
1000289a:	464b      	mov	r3, r9
1000289c:	2b00      	cmp	r3, #0
1000289e:	d100      	bne.n	100028a2 <_ntoa_format+0x52>
100028a0:	e083      	b.n	100029aa <_ntoa_format+0x15a>
100028a2:	9b0e      	ldr	r3, [sp, #56]	@ 0x38
100028a4:	3b01      	subs	r3, #1
100028a6:	4699      	mov	r9, r3
100028a8:	2330      	movs	r3, #48	@ 0x30
100028aa:	42a5      	cmp	r5, r4
100028ac:	d805      	bhi.n	100028ba <_ntoa_format+0x6a>
100028ae:	e02e      	b.n	1000290e <_ntoa_format+0xbe>
100028b0:	464a      	mov	r2, r9
100028b2:	3401      	adds	r4, #1
100028b4:	5513      	strb	r3, [r2, r4]
100028b6:	42ac      	cmp	r4, r5
100028b8:	d029      	beq.n	1000290e <_ntoa_format+0xbe>
100028ba:	2c20      	cmp	r4, #32
100028bc:	d1f8      	bne.n	100028b0 <_ntoa_format+0x60>
100028be:	06fb      	lsls	r3, r7, #27
100028c0:	d50c      	bpl.n	100028dc <_ntoa_format+0x8c>
100028c2:	057b      	lsls	r3, r7, #21
100028c4:	d454      	bmi.n	10002970 <_ntoa_format+0x120>
100028c6:	42a6      	cmp	r6, r4
100028c8:	d063      	beq.n	10002992 <_ntoa_format+0x142>
100028ca:	42a5      	cmp	r5, r4
100028cc:	d061      	beq.n	10002992 <_ntoa_format+0x142>
100028ce:	9b11      	ldr	r3, [sp, #68]	@ 0x44
100028d0:	2b10      	cmp	r3, #16
100028d2:	d050      	beq.n	10002976 <_ntoa_format+0x126>
100028d4:	2b02      	cmp	r3, #2
100028d6:	d057      	beq.n	10002988 <_ntoa_format+0x138>
100028d8:	2c20      	cmp	r4, #32
100028da:	d132      	bne.n	10002942 <_ntoa_format+0xf2>
100028dc:	2320      	movs	r3, #32
100028de:	9301      	str	r3, [sp, #4]
100028e0:	9b0e      	ldr	r3, [sp, #56]	@ 0x38
100028e2:	465a      	mov	r2, fp
100028e4:	9300      	str	r3, [sp, #0]
100028e6:	9703      	str	r7, [sp, #12]
100028e8:	4663      	mov	r3, ip
100028ea:	9502      	str	r5, [sp, #8]
100028ec:	f7ff ff5a 	bl	100027a4 <_out_rev>
100028f0:	b005      	add	sp, #20
100028f2:	bcf0      	pop	{r4, r5, r6, r7}
100028f4:	46bb      	mov	fp, r7
100028f6:	46b2      	mov	sl, r6
100028f8:	46a9      	mov	r9, r5
100028fa:	46a0      	mov	r8, r4
100028fc:	bdf0      	pop	{r4, r5, r6, r7, pc}
100028fe:	2301      	movs	r3, #1
10002900:	403b      	ands	r3, r7
10002902:	4699      	mov	r9, r3
10002904:	2301      	movs	r3, #1
10002906:	423b      	tst	r3, r7
10002908:	d12a      	bne.n	10002960 <_ntoa_format+0x110>
1000290a:	42b4      	cmp	r4, r6
1000290c:	d3b9      	bcc.n	10002882 <_ntoa_format+0x32>
1000290e:	06fb      	lsls	r3, r7, #27
10002910:	d51c      	bpl.n	1000294c <_ntoa_format+0xfc>
10002912:	057b      	lsls	r3, r7, #21
10002914:	d4db      	bmi.n	100028ce <_ntoa_format+0x7e>
10002916:	2c00      	cmp	r4, #0
10002918:	d1d5      	bne.n	100028c6 <_ntoa_format+0x76>
1000291a:	9b11      	ldr	r3, [sp, #68]	@ 0x44
1000291c:	2b10      	cmp	r3, #16
1000291e:	d05b      	beq.n	100029d8 <_ntoa_format+0x188>
10002920:	9b11      	ldr	r3, [sp, #68]	@ 0x44
10002922:	2b02      	cmp	r3, #2
10002924:	d06b      	beq.n	100029fe <_ntoa_format+0x1ae>
10002926:	2330      	movs	r3, #48	@ 0x30
10002928:	2401      	movs	r4, #1
1000292a:	9a0e      	ldr	r2, [sp, #56]	@ 0x38
1000292c:	7013      	strb	r3, [r2, #0]
1000292e:	4643      	mov	r3, r8
10002930:	2b00      	cmp	r3, #0
10002932:	d110      	bne.n	10002956 <_ntoa_format+0x106>
10002934:	077b      	lsls	r3, r7, #29
10002936:	d53e      	bpl.n	100029b6 <_ntoa_format+0x166>
10002938:	262b      	movs	r6, #43	@ 0x2b
1000293a:	9a0e      	ldr	r2, [sp, #56]	@ 0x38
1000293c:	1c63      	adds	r3, r4, #1
1000293e:	5516      	strb	r6, [r2, r4]
10002940:	e7cd      	b.n	100028de <_ntoa_format+0x8e>
10002942:	0023      	movs	r3, r4
10002944:	3401      	adds	r4, #1
10002946:	2630      	movs	r6, #48	@ 0x30
10002948:	9a0e      	ldr	r2, [sp, #56]	@ 0x38
1000294a:	54d6      	strb	r6, [r2, r3]
1000294c:	2c20      	cmp	r4, #32
1000294e:	d0c5      	beq.n	100028dc <_ntoa_format+0x8c>
10002950:	4643      	mov	r3, r8
10002952:	2b00      	cmp	r3, #0
10002954:	d0ee      	beq.n	10002934 <_ntoa_format+0xe4>
10002956:	262d      	movs	r6, #45	@ 0x2d
10002958:	9a0e      	ldr	r2, [sp, #56]	@ 0x38
1000295a:	1c63      	adds	r3, r4, #1
1000295c:	5516      	strb	r6, [r2, r4]
1000295e:	e7be      	b.n	100028de <_ntoa_format+0x8e>
10002960:	4643      	mov	r3, r8
10002962:	2b00      	cmp	r3, #0
10002964:	d02f      	beq.n	100029c6 <_ntoa_format+0x176>
10002966:	3d01      	subs	r5, #1
10002968:	42b4      	cmp	r4, r6
1000296a:	d200      	bcs.n	1000296e <_ntoa_format+0x11e>
1000296c:	e789      	b.n	10002882 <_ntoa_format+0x32>
1000296e:	e798      	b.n	100028a2 <_ntoa_format+0x52>
10002970:	9b11      	ldr	r3, [sp, #68]	@ 0x44
10002972:	2b10      	cmp	r3, #16
10002974:	d1b2      	bne.n	100028dc <_ntoa_format+0x8c>
10002976:	06bb      	lsls	r3, r7, #26
10002978:	d537      	bpl.n	100029ea <_ntoa_format+0x19a>
1000297a:	2c20      	cmp	r4, #32
1000297c:	d0ae      	beq.n	100028dc <_ntoa_format+0x8c>
1000297e:	2358      	movs	r3, #88	@ 0x58
10002980:	9a0e      	ldr	r2, [sp, #56]	@ 0x38
10002982:	5513      	strb	r3, [r2, r4]
10002984:	3401      	adds	r4, #1
10002986:	e7a7      	b.n	100028d8 <_ntoa_format+0x88>
10002988:	2c20      	cmp	r4, #32
1000298a:	d0a7      	beq.n	100028dc <_ntoa_format+0x8c>
1000298c:	0023      	movs	r3, r4
1000298e:	3401      	adds	r4, #1
10002990:	e007      	b.n	100029a2 <_ntoa_format+0x152>
10002992:	1e63      	subs	r3, r4, #1
10002994:	2c01      	cmp	r4, #1
10002996:	d0c0      	beq.n	1000291a <_ntoa_format+0xca>
10002998:	9a11      	ldr	r2, [sp, #68]	@ 0x44
1000299a:	2a10      	cmp	r2, #16
1000299c:	d031      	beq.n	10002a02 <_ntoa_format+0x1b2>
1000299e:	2a02      	cmp	r2, #2
100029a0:	d1d1      	bne.n	10002946 <_ntoa_format+0xf6>
100029a2:	2662      	movs	r6, #98	@ 0x62
100029a4:	9a0e      	ldr	r2, [sp, #56]	@ 0x38
100029a6:	54d6      	strb	r6, [r2, r3]
100029a8:	e796      	b.n	100028d8 <_ntoa_format+0x88>
100029aa:	06fb      	lsls	r3, r7, #27
100029ac:	d5ce      	bpl.n	1000294c <_ntoa_format+0xfc>
100029ae:	057b      	lsls	r3, r7, #21
100029b0:	d400      	bmi.n	100029b4 <_ntoa_format+0x164>
100029b2:	e788      	b.n	100028c6 <_ntoa_format+0x76>
100029b4:	e78b      	b.n	100028ce <_ntoa_format+0x7e>
100029b6:	0023      	movs	r3, r4
100029b8:	073e      	lsls	r6, r7, #28
100029ba:	d590      	bpl.n	100028de <_ntoa_format+0x8e>
100029bc:	2620      	movs	r6, #32
100029be:	9a0e      	ldr	r2, [sp, #56]	@ 0x38
100029c0:	3301      	adds	r3, #1
100029c2:	5516      	strb	r6, [r2, r4]
100029c4:	e78b      	b.n	100028de <_ntoa_format+0x8e>
100029c6:	230c      	movs	r3, #12
100029c8:	403b      	ands	r3, r7
100029ca:	1e5a      	subs	r2, r3, #1
100029cc:	4193      	sbcs	r3, r2
100029ce:	1aed      	subs	r5, r5, r3
100029d0:	42b4      	cmp	r4, r6
100029d2:	d200      	bcs.n	100029d6 <_ntoa_format+0x186>
100029d4:	e755      	b.n	10002882 <_ntoa_format+0x32>
100029d6:	e764      	b.n	100028a2 <_ntoa_format+0x52>
100029d8:	06bb      	lsls	r3, r7, #26
100029da:	d40e      	bmi.n	100029fa <_ntoa_format+0x1aa>
100029dc:	2378      	movs	r3, #120	@ 0x78
100029de:	9a0e      	ldr	r2, [sp, #56]	@ 0x38
100029e0:	2402      	movs	r4, #2
100029e2:	7013      	strb	r3, [r2, #0]
100029e4:	2330      	movs	r3, #48	@ 0x30
100029e6:	7053      	strb	r3, [r2, #1]
100029e8:	e7a1      	b.n	1000292e <_ntoa_format+0xde>
100029ea:	2c20      	cmp	r4, #32
100029ec:	d100      	bne.n	100029f0 <_ntoa_format+0x1a0>
100029ee:	e775      	b.n	100028dc <_ntoa_format+0x8c>
100029f0:	2378      	movs	r3, #120	@ 0x78
100029f2:	9a0e      	ldr	r2, [sp, #56]	@ 0x38
100029f4:	5513      	strb	r3, [r2, r4]
100029f6:	3401      	adds	r4, #1
100029f8:	e76e      	b.n	100028d8 <_ntoa_format+0x88>
100029fa:	2358      	movs	r3, #88	@ 0x58
100029fc:	e7ef      	b.n	100029de <_ntoa_format+0x18e>
100029fe:	3360      	adds	r3, #96	@ 0x60
10002a00:	e7ed      	b.n	100029de <_ntoa_format+0x18e>
10002a02:	9a0e      	ldr	r2, [sp, #56]	@ 0x38
10002a04:	1ea6      	subs	r6, r4, #2
10002a06:	4691      	mov	r9, r2
10002a08:	444e      	add	r6, r9
10002a0a:	06ba      	lsls	r2, r7, #26
10002a0c:	d502      	bpl.n	10002a14 <_ntoa_format+0x1c4>
10002a0e:	2258      	movs	r2, #88	@ 0x58
10002a10:	7032      	strb	r2, [r6, #0]
10002a12:	e798      	b.n	10002946 <_ntoa_format+0xf6>
10002a14:	2278      	movs	r2, #120	@ 0x78
10002a16:	7032      	strb	r2, [r6, #0]
10002a18:	e795      	b.n	10002946 <_ntoa_format+0xf6>
10002a1a:	46c0      	nop			@ (mov r8, r8)

10002a1c <_out_char>:
10002a1c:	b510      	push	{r4, lr}
10002a1e:	2800      	cmp	r0, #0
10002a20:	d100      	bne.n	10002a24 <_out_char+0x8>
10002a22:	bd10      	pop	{r4, pc}
10002a24:	f001 fc7e 	bl	10004324 <__wrap_putchar>
10002a28:	e7fb      	b.n	10002a22 <_out_char+0x6>
10002a2a:	46c0      	nop			@ (mov r8, r8)

10002a2c <_out_fct>:
10002a2c:	000b      	movs	r3, r1
10002a2e:	b510      	push	{r4, lr}
10002a30:	2800      	cmp	r0, #0
10002a32:	d002      	beq.n	10002a3a <_out_fct+0xe>
10002a34:	6849      	ldr	r1, [r1, #4]
10002a36:	681b      	ldr	r3, [r3, #0]
10002a38:	4798      	blx	r3
10002a3a:	bd10      	pop	{r4, pc}

10002a3c <_ftoa>:
10002a3c:	b5f0      	push	{r4, r5, r6, r7, lr}
10002a3e:	4657      	mov	r7, sl
10002a40:	46de      	mov	lr, fp
10002a42:	464e      	mov	r6, r9
10002a44:	4645      	mov	r5, r8
10002a46:	b5e0      	push	{r5, r6, r7, lr}
10002a48:	b095      	sub	sp, #84	@ 0x54
10002a4a:	4683      	mov	fp, r0
10002a4c:	000f      	movs	r7, r1
10002a4e:	4692      	mov	sl, r2
10002a50:	4698      	mov	r8, r3
10002a52:	9a1e      	ldr	r2, [sp, #120]	@ 0x78
10002a54:	9b1f      	ldr	r3, [sp, #124]	@ 0x7c
10002a56:	0010      	movs	r0, r2
10002a58:	0019      	movs	r1, r3
10002a5a:	9e20      	ldr	r6, [sp, #128]	@ 0x80
10002a5c:	f7ff fa75 	bl	10001f4a <__wrap___aeabi_dcmpun>
10002a60:	2800      	cmp	r0, #0
10002a62:	d000      	beq.n	10002a66 <_ftoa+0x2a>
10002a64:	e1ea      	b.n	10002e3c <_ftoa+0x400>
10002a66:	981e      	ldr	r0, [sp, #120]	@ 0x78
10002a68:	991f      	ldr	r1, [sp, #124]	@ 0x7c
10002a6a:	2201      	movs	r2, #1
10002a6c:	4bc5      	ldr	r3, [pc, #788]	@ (10002d84 <_ftoa+0x348>)
10002a6e:	4252      	negs	r2, r2
10002a70:	f7ff fa50 	bl	10001f14 <__wrap___aeabi_dcmplt>
10002a74:	2800      	cmp	r0, #0
10002a76:	d000      	beq.n	10002a7a <_ftoa+0x3e>
10002a78:	e114      	b.n	10002ca4 <_ftoa+0x268>
10002a7a:	981e      	ldr	r0, [sp, #120]	@ 0x78
10002a7c:	991f      	ldr	r1, [sp, #124]	@ 0x7c
10002a7e:	2201      	movs	r2, #1
10002a80:	4bc1      	ldr	r3, [pc, #772]	@ (10002d88 <_ftoa+0x34c>)
10002a82:	4252      	negs	r2, r2
10002a84:	f7ff fa5c 	bl	10001f40 <__wrap___aeabi_dcmpgt>
10002a88:	2800      	cmp	r0, #0
10002a8a:	d000      	beq.n	10002a8e <_ftoa+0x52>
10002a8c:	e0e9      	b.n	10002c62 <_ftoa+0x226>
10002a8e:	981e      	ldr	r0, [sp, #120]	@ 0x78
10002a90:	991f      	ldr	r1, [sp, #124]	@ 0x7c
10002a92:	2200      	movs	r2, #0
10002a94:	4bbd      	ldr	r3, [pc, #756]	@ (10002d8c <_ftoa+0x350>)
10002a96:	f7ff fa53 	bl	10001f40 <__wrap___aeabi_dcmpgt>
10002a9a:	2800      	cmp	r0, #0
10002a9c:	d000      	beq.n	10002aa0 <_ftoa+0x64>
10002a9e:	e0c8      	b.n	10002c32 <_ftoa+0x1f6>
10002aa0:	981e      	ldr	r0, [sp, #120]	@ 0x78
10002aa2:	991f      	ldr	r1, [sp, #124]	@ 0x7c
10002aa4:	2200      	movs	r2, #0
10002aa6:	4bba      	ldr	r3, [pc, #744]	@ (10002d90 <_ftoa+0x354>)
10002aa8:	f7ff fa34 	bl	10001f14 <__wrap___aeabi_dcmplt>
10002aac:	2800      	cmp	r0, #0
10002aae:	d000      	beq.n	10002ab2 <_ftoa+0x76>
10002ab0:	e0bf      	b.n	10002c32 <_ftoa+0x1f6>
10002ab2:	981e      	ldr	r0, [sp, #120]	@ 0x78
10002ab4:	991f      	ldr	r1, [sp, #124]	@ 0x7c
10002ab6:	2200      	movs	r2, #0
10002ab8:	2300      	movs	r3, #0
10002aba:	f7ff fa2b 	bl	10001f14 <__wrap___aeabi_dcmplt>
10002abe:	2800      	cmp	r0, #0
10002ac0:	d000      	beq.n	10002ac4 <_ftoa+0x88>
10002ac2:	e0e4      	b.n	10002c8e <_ftoa+0x252>
10002ac4:	2300      	movs	r3, #0
10002ac6:	930b      	str	r3, [sp, #44]	@ 0x2c
10002ac8:	9b22      	ldr	r3, [sp, #136]	@ 0x88
10002aca:	055b      	lsls	r3, r3, #21
10002acc:	d400      	bmi.n	10002ad0 <_ftoa+0x94>
10002ace:	2606      	movs	r6, #6
10002ad0:	2400      	movs	r4, #0
10002ad2:	2330      	movs	r3, #48	@ 0x30
10002ad4:	e007      	b.n	10002ae6 <_ftoa+0xaa>
10002ad6:	2117      	movs	r1, #23
10002ad8:	aa06      	add	r2, sp, #24
10002ada:	3401      	adds	r4, #1
10002adc:	1852      	adds	r2, r2, r1
10002ade:	5513      	strb	r3, [r2, r4]
10002ae0:	3e01      	subs	r6, #1
10002ae2:	2c20      	cmp	r4, #32
10002ae4:	d001      	beq.n	10002aea <_ftoa+0xae>
10002ae6:	2e09      	cmp	r6, #9
10002ae8:	d8f5      	bhi.n	10002ad6 <_ftoa+0x9a>
10002aea:	981e      	ldr	r0, [sp, #120]	@ 0x78
10002aec:	991f      	ldr	r1, [sp, #124]	@ 0x7c
10002aee:	f7ff fa55 	bl	10001f9c <__wrap___aeabi_d2iz>
10002af2:	4ba8      	ldr	r3, [pc, #672]	@ (10002d94 <_ftoa+0x358>)
10002af4:	00f2      	lsls	r2, r6, #3
10002af6:	189b      	adds	r3, r3, r2
10002af8:	681a      	ldr	r2, [r3, #0]
10002afa:	685b      	ldr	r3, [r3, #4]
10002afc:	0005      	movs	r5, r0
10002afe:	9208      	str	r2, [sp, #32]
10002b00:	9309      	str	r3, [sp, #36]	@ 0x24
10002b02:	f7ff fa33 	bl	10001f6c <__wrap___aeabi_i2d>
10002b06:	0002      	movs	r2, r0
10002b08:	000b      	movs	r3, r1
10002b0a:	981e      	ldr	r0, [sp, #120]	@ 0x78
10002b0c:	991f      	ldr	r1, [sp, #124]	@ 0x7c
10002b0e:	f7ff f98e 	bl	10001e2e <__wrap___aeabi_dsub>
10002b12:	9a08      	ldr	r2, [sp, #32]
10002b14:	9b09      	ldr	r3, [sp, #36]	@ 0x24
10002b16:	f7ff f9ba 	bl	10001e8e <__wrap___aeabi_dmul>
10002b1a:	9006      	str	r0, [sp, #24]
10002b1c:	9107      	str	r1, [sp, #28]
10002b1e:	f7ff fa61 	bl	10001fe4 <__wrap___aeabi_d2uiz>
10002b22:	4681      	mov	r9, r0
10002b24:	f7ff fa1e 	bl	10001f64 <__wrap___aeabi_ui2d>
10002b28:	0002      	movs	r2, r0
10002b2a:	000b      	movs	r3, r1
10002b2c:	9806      	ldr	r0, [sp, #24]
10002b2e:	9907      	ldr	r1, [sp, #28]
10002b30:	f7ff f97d 	bl	10001e2e <__wrap___aeabi_dsub>
10002b34:	2200      	movs	r2, #0
10002b36:	4b98      	ldr	r3, [pc, #608]	@ (10002d98 <_ftoa+0x35c>)
10002b38:	9006      	str	r0, [sp, #24]
10002b3a:	9107      	str	r1, [sp, #28]
10002b3c:	f7ff fa00 	bl	10001f40 <__wrap___aeabi_dcmpgt>
10002b40:	2800      	cmp	r0, #0
10002b42:	d100      	bne.n	10002b46 <_ftoa+0x10a>
10002b44:	e10d      	b.n	10002d62 <_ftoa+0x326>
10002b46:	2301      	movs	r3, #1
10002b48:	469c      	mov	ip, r3
10002b4a:	44e1      	add	r9, ip
10002b4c:	4648      	mov	r0, r9
10002b4e:	f7ff fa09 	bl	10001f64 <__wrap___aeabi_ui2d>
10002b52:	0002      	movs	r2, r0
10002b54:	000b      	movs	r3, r1
10002b56:	9808      	ldr	r0, [sp, #32]
10002b58:	9909      	ldr	r1, [sp, #36]	@ 0x24
10002b5a:	f7ff f9e1 	bl	10001f20 <__wrap___aeabi_dcmple>
10002b5e:	2800      	cmp	r0, #0
10002b60:	d002      	beq.n	10002b68 <_ftoa+0x12c>
10002b62:	2300      	movs	r3, #0
10002b64:	4699      	mov	r9, r3
10002b66:	3501      	adds	r5, #1
10002b68:	2e00      	cmp	r6, #0
10002b6a:	d100      	bne.n	10002b6e <_ftoa+0x132>
10002b6c:	e0d9      	b.n	10002d22 <_ftoa+0x2e6>
10002b6e:	9506      	str	r5, [sp, #24]
10002b70:	464d      	mov	r5, r9
10002b72:	46b9      	mov	r9, r7
10002b74:	e014      	b.n	10002ba0 <_ftoa+0x164>
10002b76:	aa06      	add	r2, sp, #24
10002b78:	4694      	mov	ip, r2
10002b7a:	2317      	movs	r3, #23
10002b7c:	210a      	movs	r1, #10
10002b7e:	4463      	add	r3, ip
10002b80:	0028      	movs	r0, r5
10002b82:	3401      	adds	r4, #1
10002b84:	191f      	adds	r7, r3, r4
10002b86:	f7fe ff17 	bl	100019b8 <__wrap___aeabi_uidiv>
10002b8a:	3130      	adds	r1, #48	@ 0x30
10002b8c:	7039      	strb	r1, [r7, #0]
10002b8e:	0028      	movs	r0, r5
10002b90:	210a      	movs	r1, #10
10002b92:	3e01      	subs	r6, #1
10002b94:	f7fe ff10 	bl	100019b8 <__wrap___aeabi_uidiv>
10002b98:	2d09      	cmp	r5, #9
10002b9a:	d800      	bhi.n	10002b9e <_ftoa+0x162>
10002b9c:	e117      	b.n	10002dce <_ftoa+0x392>
10002b9e:	0005      	movs	r5, r0
10002ba0:	2c20      	cmp	r4, #32
10002ba2:	d1e8      	bne.n	10002b76 <_ftoa+0x13a>
10002ba4:	464f      	mov	r7, r9
10002ba6:	9d06      	ldr	r5, [sp, #24]
10002ba8:	2420      	movs	r4, #32
10002baa:	ae0c      	add	r6, sp, #48	@ 0x30
10002bac:	aa06      	add	r2, sp, #24
10002bae:	2317      	movs	r3, #23
10002bb0:	4694      	mov	ip, r2
10002bb2:	4463      	add	r3, ip
10002bb4:	4699      	mov	r9, r3
10002bb6:	465b      	mov	r3, fp
10002bb8:	46b3      	mov	fp, r6
10002bba:	9306      	str	r3, [sp, #24]
10002bbc:	e00f      	b.n	10002bde <_ftoa+0x1a2>
10002bbe:	464b      	mov	r3, r9
10002bc0:	0028      	movs	r0, r5
10002bc2:	210a      	movs	r1, #10
10002bc4:	3401      	adds	r4, #1
10002bc6:	18e6      	adds	r6, r4, r3
10002bc8:	f7fe fece 	bl	10001968 <__wrap___aeabi_idiv>
10002bcc:	3130      	adds	r1, #48	@ 0x30
10002bce:	0028      	movs	r0, r5
10002bd0:	7031      	strb	r1, [r6, #0]
10002bd2:	210a      	movs	r1, #10
10002bd4:	f7fe fec8 	bl	10001968 <__wrap___aeabi_idiv>
10002bd8:	1e05      	subs	r5, r0, #0
10002bda:	d100      	bne.n	10002bde <_ftoa+0x1a2>
10002bdc:	e0e4      	b.n	10002da8 <_ftoa+0x36c>
10002bde:	2c20      	cmp	r4, #32
10002be0:	d1ed      	bne.n	10002bbe <_ftoa+0x182>
10002be2:	9b06      	ldr	r3, [sp, #24]
10002be4:	465e      	mov	r6, fp
10002be6:	469b      	mov	fp, r3
10002be8:	2303      	movs	r3, #3
10002bea:	9a22      	ldr	r2, [sp, #136]	@ 0x88
10002bec:	4013      	ands	r3, r2
10002bee:	2b01      	cmp	r3, #1
10002bf0:	d118      	bne.n	10002c24 <_ftoa+0x1e8>
10002bf2:	9b21      	ldr	r3, [sp, #132]	@ 0x84
10002bf4:	2b00      	cmp	r3, #0
10002bf6:	d015      	beq.n	10002c24 <_ftoa+0x1e8>
10002bf8:	9b0b      	ldr	r3, [sp, #44]	@ 0x2c
10002bfa:	2b00      	cmp	r3, #0
10002bfc:	d100      	bne.n	10002c00 <_ftoa+0x1c4>
10002bfe:	e0fd      	b.n	10002dfc <_ftoa+0x3c0>
10002c00:	9b21      	ldr	r3, [sp, #132]	@ 0x84
10002c02:	3b01      	subs	r3, #1
10002c04:	9321      	str	r3, [sp, #132]	@ 0x84
10002c06:	2b20      	cmp	r3, #32
10002c08:	d90c      	bls.n	10002c24 <_ftoa+0x1e8>
10002c0a:	2330      	movs	r3, #48	@ 0x30
10002c0c:	9a21      	ldr	r2, [sp, #132]	@ 0x84
10002c0e:	e007      	b.n	10002c20 <_ftoa+0x1e4>
10002c10:	2017      	movs	r0, #23
10002c12:	a906      	add	r1, sp, #24
10002c14:	3401      	adds	r4, #1
10002c16:	1809      	adds	r1, r1, r0
10002c18:	550b      	strb	r3, [r1, r4]
10002c1a:	4294      	cmp	r4, r2
10002c1c:	d300      	bcc.n	10002c20 <_ftoa+0x1e4>
10002c1e:	e0cc      	b.n	10002dba <_ftoa+0x37e>
10002c20:	2c20      	cmp	r4, #32
10002c22:	d1f5      	bne.n	10002c10 <_ftoa+0x1d4>
10002c24:	9b22      	ldr	r3, [sp, #136]	@ 0x88
10002c26:	9401      	str	r4, [sp, #4]
10002c28:	9303      	str	r3, [sp, #12]
10002c2a:	9b21      	ldr	r3, [sp, #132]	@ 0x84
10002c2c:	9600      	str	r6, [sp, #0]
10002c2e:	9302      	str	r3, [sp, #8]
10002c30:	e022      	b.n	10002c78 <_ftoa+0x23c>
10002c32:	9b22      	ldr	r3, [sp, #136]	@ 0x88
10002c34:	4652      	mov	r2, sl
10002c36:	9304      	str	r3, [sp, #16]
10002c38:	9b21      	ldr	r3, [sp, #132]	@ 0x84
10002c3a:	0039      	movs	r1, r7
10002c3c:	9303      	str	r3, [sp, #12]
10002c3e:	4658      	mov	r0, fp
10002c40:	9b1e      	ldr	r3, [sp, #120]	@ 0x78
10002c42:	9c1f      	ldr	r4, [sp, #124]	@ 0x7c
10002c44:	9602      	str	r6, [sp, #8]
10002c46:	9300      	str	r3, [sp, #0]
10002c48:	9401      	str	r4, [sp, #4]
10002c4a:	4643      	mov	r3, r8
10002c4c:	f000 f94a 	bl	10002ee4 <_etoa>
10002c50:	0004      	movs	r4, r0
10002c52:	0020      	movs	r0, r4
10002c54:	b015      	add	sp, #84	@ 0x54
10002c56:	bcf0      	pop	{r4, r5, r6, r7}
10002c58:	46bb      	mov	fp, r7
10002c5a:	46b2      	mov	sl, r6
10002c5c:	46a9      	mov	r9, r5
10002c5e:	46a0      	mov	r8, r4
10002c60:	bdf0      	pop	{r4, r5, r6, r7, pc}
10002c62:	9b22      	ldr	r3, [sp, #136]	@ 0x88
10002c64:	075b      	lsls	r3, r3, #29
10002c66:	d40f      	bmi.n	10002c88 <_ftoa+0x24c>
10002c68:	2203      	movs	r2, #3
10002c6a:	4b4c      	ldr	r3, [pc, #304]	@ (10002d9c <_ftoa+0x360>)
10002c6c:	9922      	ldr	r1, [sp, #136]	@ 0x88
10002c6e:	9201      	str	r2, [sp, #4]
10002c70:	9103      	str	r1, [sp, #12]
10002c72:	9921      	ldr	r1, [sp, #132]	@ 0x84
10002c74:	9300      	str	r3, [sp, #0]
10002c76:	9102      	str	r1, [sp, #8]
10002c78:	4643      	mov	r3, r8
10002c7a:	4652      	mov	r2, sl
10002c7c:	0039      	movs	r1, r7
10002c7e:	4658      	mov	r0, fp
10002c80:	f7ff fd90 	bl	100027a4 <_out_rev>
10002c84:	0004      	movs	r4, r0
10002c86:	e7e4      	b.n	10002c52 <_ftoa+0x216>
10002c88:	2204      	movs	r2, #4
10002c8a:	4b45      	ldr	r3, [pc, #276]	@ (10002da0 <_ftoa+0x364>)
10002c8c:	e7ee      	b.n	10002c6c <_ftoa+0x230>
10002c8e:	9a1e      	ldr	r2, [sp, #120]	@ 0x78
10002c90:	9b1f      	ldr	r3, [sp, #124]	@ 0x7c
10002c92:	2000      	movs	r0, #0
10002c94:	2100      	movs	r1, #0
10002c96:	f7ff f8ca 	bl	10001e2e <__wrap___aeabi_dsub>
10002c9a:	2301      	movs	r3, #1
10002c9c:	901e      	str	r0, [sp, #120]	@ 0x78
10002c9e:	911f      	str	r1, [sp, #124]	@ 0x7c
10002ca0:	930b      	str	r3, [sp, #44]	@ 0x2c
10002ca2:	e711      	b.n	10002ac8 <_ftoa+0x8c>
10002ca4:	9b22      	ldr	r3, [sp, #136]	@ 0x88
10002ca6:	4654      	mov	r4, sl
10002ca8:	079b      	lsls	r3, r3, #30
10002caa:	d111      	bne.n	10002cd0 <_ftoa+0x294>
10002cac:	9b21      	ldr	r3, [sp, #132]	@ 0x84
10002cae:	2b04      	cmp	r3, #4
10002cb0:	d90e      	bls.n	10002cd0 <_ftoa+0x294>
10002cb2:	9b21      	ldr	r3, [sp, #132]	@ 0x84
10002cb4:	4655      	mov	r5, sl
10002cb6:	469c      	mov	ip, r3
10002cb8:	465e      	mov	r6, fp
10002cba:	3c04      	subs	r4, #4
10002cbc:	4464      	add	r4, ip
10002cbe:	002a      	movs	r2, r5
10002cc0:	4643      	mov	r3, r8
10002cc2:	3501      	adds	r5, #1
10002cc4:	0039      	movs	r1, r7
10002cc6:	2020      	movs	r0, #32
10002cc8:	47b0      	blx	r6
10002cca:	42a5      	cmp	r5, r4
10002ccc:	d1f7      	bne.n	10002cbe <_ftoa+0x282>
10002cce:	46b3      	mov	fp, r6
10002cd0:	4d34      	ldr	r5, [pc, #208]	@ (10002da4 <_ftoa+0x368>)
10002cd2:	0026      	movs	r6, r4
10002cd4:	1f2b      	subs	r3, r5, #4
10002cd6:	4699      	mov	r9, r3
10002cd8:	465b      	mov	r3, fp
10002cda:	46a3      	mov	fp, r4
10002cdc:	001c      	movs	r4, r3
10002cde:	0032      	movs	r2, r6
10002ce0:	78e8      	ldrb	r0, [r5, #3]
10002ce2:	4643      	mov	r3, r8
10002ce4:	0039      	movs	r1, r7
10002ce6:	3d01      	subs	r5, #1
10002ce8:	47a0      	blx	r4
10002cea:	3601      	adds	r6, #1
10002cec:	454d      	cmp	r5, r9
10002cee:	d1f6      	bne.n	10002cde <_ftoa+0x2a2>
10002cf0:	0023      	movs	r3, r4
10002cf2:	465c      	mov	r4, fp
10002cf4:	469b      	mov	fp, r3
10002cf6:	9b22      	ldr	r3, [sp, #136]	@ 0x88
10002cf8:	3404      	adds	r4, #4
10002cfa:	079b      	lsls	r3, r3, #30
10002cfc:	d5a9      	bpl.n	10002c52 <_ftoa+0x216>
10002cfe:	4653      	mov	r3, sl
10002d00:	9a21      	ldr	r2, [sp, #132]	@ 0x84
10002d02:	1ae3      	subs	r3, r4, r3
10002d04:	429a      	cmp	r2, r3
10002d06:	d9a4      	bls.n	10002c52 <_ftoa+0x216>
10002d08:	465e      	mov	r6, fp
10002d0a:	0015      	movs	r5, r2
10002d0c:	0022      	movs	r2, r4
10002d0e:	4643      	mov	r3, r8
10002d10:	0039      	movs	r1, r7
10002d12:	2020      	movs	r0, #32
10002d14:	47b0      	blx	r6
10002d16:	4653      	mov	r3, sl
10002d18:	3401      	adds	r4, #1
10002d1a:	1ae3      	subs	r3, r4, r3
10002d1c:	429d      	cmp	r5, r3
10002d1e:	d8f5      	bhi.n	10002d0c <_ftoa+0x2d0>
10002d20:	e797      	b.n	10002c52 <_ftoa+0x216>
10002d22:	0028      	movs	r0, r5
10002d24:	f7ff f922 	bl	10001f6c <__wrap___aeabi_i2d>
10002d28:	0002      	movs	r2, r0
10002d2a:	000b      	movs	r3, r1
10002d2c:	981e      	ldr	r0, [sp, #120]	@ 0x78
10002d2e:	991f      	ldr	r1, [sp, #124]	@ 0x7c
10002d30:	f7ff f87d 	bl	10001e2e <__wrap___aeabi_dsub>
10002d34:	2200      	movs	r2, #0
10002d36:	4b18      	ldr	r3, [pc, #96]	@ (10002d98 <_ftoa+0x35c>)
10002d38:	9006      	str	r0, [sp, #24]
10002d3a:	9107      	str	r1, [sp, #28]
10002d3c:	f7ff f8ea 	bl	10001f14 <__wrap___aeabi_dcmplt>
10002d40:	ae0c      	add	r6, sp, #48	@ 0x30
10002d42:	2800      	cmp	r0, #0
10002d44:	d000      	beq.n	10002d48 <_ftoa+0x30c>
10002d46:	e731      	b.n	10002bac <_ftoa+0x170>
10002d48:	9806      	ldr	r0, [sp, #24]
10002d4a:	9907      	ldr	r1, [sp, #28]
10002d4c:	2200      	movs	r2, #0
10002d4e:	4b12      	ldr	r3, [pc, #72]	@ (10002d98 <_ftoa+0x35c>)
10002d50:	f7ff f8f6 	bl	10001f40 <__wrap___aeabi_dcmpgt>
10002d54:	2800      	cmp	r0, #0
10002d56:	d000      	beq.n	10002d5a <_ftoa+0x31e>
10002d58:	e728      	b.n	10002bac <_ftoa+0x170>
10002d5a:	2301      	movs	r3, #1
10002d5c:	3501      	adds	r5, #1
10002d5e:	439d      	bics	r5, r3
10002d60:	e724      	b.n	10002bac <_ftoa+0x170>
10002d62:	2200      	movs	r2, #0
10002d64:	9806      	ldr	r0, [sp, #24]
10002d66:	9907      	ldr	r1, [sp, #28]
10002d68:	4b0b      	ldr	r3, [pc, #44]	@ (10002d98 <_ftoa+0x35c>)
10002d6a:	f7ff f8d3 	bl	10001f14 <__wrap___aeabi_dcmplt>
10002d6e:	2800      	cmp	r0, #0
10002d70:	d000      	beq.n	10002d74 <_ftoa+0x338>
10002d72:	e6f9      	b.n	10002b68 <_ftoa+0x12c>
10002d74:	464b      	mov	r3, r9
10002d76:	2b00      	cmp	r3, #0
10002d78:	d15c      	bne.n	10002e34 <_ftoa+0x3f8>
10002d7a:	2301      	movs	r3, #1
10002d7c:	469c      	mov	ip, r3
10002d7e:	44e1      	add	r9, ip
10002d80:	e6f2      	b.n	10002b68 <_ftoa+0x12c>
10002d82:	46c0      	nop			@ (mov r8, r8)
10002d84:	ffefffff 	.word	0xffefffff
10002d88:	7fefffff 	.word	0x7fefffff
10002d8c:	41cdcd65 	.word	0x41cdcd65
10002d90:	c1cdcd65 	.word	0xc1cdcd65
10002d94:	10007840 	.word	0x10007840
10002d98:	3fe00000 	.word	0x3fe00000
10002d9c:	1000757c 	.word	0x1000757c
10002da0:	10007574 	.word	0x10007574
10002da4:	10007584 	.word	0x10007584
10002da8:	9b06      	ldr	r3, [sp, #24]
10002daa:	465e      	mov	r6, fp
10002dac:	469b      	mov	fp, r3
10002dae:	2303      	movs	r3, #3
10002db0:	9a22      	ldr	r2, [sp, #136]	@ 0x88
10002db2:	4013      	ands	r3, r2
10002db4:	2b01      	cmp	r3, #1
10002db6:	d100      	bne.n	10002dba <_ftoa+0x37e>
10002db8:	e081      	b.n	10002ebe <_ftoa+0x482>
10002dba:	2c20      	cmp	r4, #32
10002dbc:	d100      	bne.n	10002dc0 <_ftoa+0x384>
10002dbe:	e731      	b.n	10002c24 <_ftoa+0x1e8>
10002dc0:	9b0b      	ldr	r3, [sp, #44]	@ 0x2c
10002dc2:	2b00      	cmp	r3, #0
10002dc4:	d027      	beq.n	10002e16 <_ftoa+0x3da>
10002dc6:	232d      	movs	r3, #45	@ 0x2d
10002dc8:	5533      	strb	r3, [r6, r4]
10002dca:	3401      	adds	r4, #1
10002dcc:	e72a      	b.n	10002c24 <_ftoa+0x1e8>
10002dce:	464f      	mov	r7, r9
10002dd0:	9d06      	ldr	r5, [sp, #24]
10002dd2:	2c20      	cmp	r4, #32
10002dd4:	d100      	bne.n	10002dd8 <_ftoa+0x39c>
10002dd6:	e6e7      	b.n	10002ba8 <_ftoa+0x16c>
10002dd8:	2230      	movs	r2, #48	@ 0x30
10002dda:	1933      	adds	r3, r6, r4
10002ddc:	e007      	b.n	10002dee <_ftoa+0x3b2>
10002dde:	2017      	movs	r0, #23
10002de0:	a906      	add	r1, sp, #24
10002de2:	3401      	adds	r4, #1
10002de4:	1809      	adds	r1, r1, r0
10002de6:	550a      	strb	r2, [r1, r4]
10002de8:	2c20      	cmp	r4, #32
10002dea:	d100      	bne.n	10002dee <_ftoa+0x3b2>
10002dec:	e6dc      	b.n	10002ba8 <_ftoa+0x16c>
10002dee:	42a3      	cmp	r3, r4
10002df0:	d1f5      	bne.n	10002dde <_ftoa+0x3a2>
10002df2:	222e      	movs	r2, #46	@ 0x2e
10002df4:	ae0c      	add	r6, sp, #48	@ 0x30
10002df6:	3401      	adds	r4, #1
10002df8:	54f2      	strb	r2, [r6, r3]
10002dfa:	e6d7      	b.n	10002bac <_ftoa+0x170>
10002dfc:	230c      	movs	r3, #12
10002dfe:	9a22      	ldr	r2, [sp, #136]	@ 0x88
10002e00:	4213      	tst	r3, r2
10002e02:	d057      	beq.n	10002eb4 <_ftoa+0x478>
10002e04:	9b21      	ldr	r3, [sp, #132]	@ 0x84
10002e06:	3b01      	subs	r3, #1
10002e08:	9321      	str	r3, [sp, #132]	@ 0x84
10002e0a:	42a3      	cmp	r3, r4
10002e0c:	d900      	bls.n	10002e10 <_ftoa+0x3d4>
10002e0e:	e6fc      	b.n	10002c0a <_ftoa+0x1ce>
10002e10:	2c20      	cmp	r4, #32
10002e12:	d100      	bne.n	10002e16 <_ftoa+0x3da>
10002e14:	e706      	b.n	10002c24 <_ftoa+0x1e8>
10002e16:	9b22      	ldr	r3, [sp, #136]	@ 0x88
10002e18:	075b      	lsls	r3, r3, #29
10002e1a:	d503      	bpl.n	10002e24 <_ftoa+0x3e8>
10002e1c:	232b      	movs	r3, #43	@ 0x2b
10002e1e:	5533      	strb	r3, [r6, r4]
10002e20:	3401      	adds	r4, #1
10002e22:	e6ff      	b.n	10002c24 <_ftoa+0x1e8>
10002e24:	9b22      	ldr	r3, [sp, #136]	@ 0x88
10002e26:	071b      	lsls	r3, r3, #28
10002e28:	d400      	bmi.n	10002e2c <_ftoa+0x3f0>
10002e2a:	e6fb      	b.n	10002c24 <_ftoa+0x1e8>
10002e2c:	2320      	movs	r3, #32
10002e2e:	5533      	strb	r3, [r6, r4]
10002e30:	3401      	adds	r4, #1
10002e32:	e6f7      	b.n	10002c24 <_ftoa+0x1e8>
10002e34:	07db      	lsls	r3, r3, #31
10002e36:	d400      	bmi.n	10002e3a <_ftoa+0x3fe>
10002e38:	e696      	b.n	10002b68 <_ftoa+0x12c>
10002e3a:	e79e      	b.n	10002d7a <_ftoa+0x33e>
10002e3c:	9b22      	ldr	r3, [sp, #136]	@ 0x88
10002e3e:	4655      	mov	r5, sl
10002e40:	079b      	lsls	r3, r3, #30
10002e42:	d111      	bne.n	10002e68 <_ftoa+0x42c>
10002e44:	9b21      	ldr	r3, [sp, #132]	@ 0x84
10002e46:	2b03      	cmp	r3, #3
10002e48:	d90e      	bls.n	10002e68 <_ftoa+0x42c>
10002e4a:	9b21      	ldr	r3, [sp, #132]	@ 0x84
10002e4c:	4654      	mov	r4, sl
10002e4e:	469c      	mov	ip, r3
10002e50:	465e      	mov	r6, fp
10002e52:	3d03      	subs	r5, #3
10002e54:	4465      	add	r5, ip
10002e56:	0022      	movs	r2, r4
10002e58:	4643      	mov	r3, r8
10002e5a:	3401      	adds	r4, #1
10002e5c:	0039      	movs	r1, r7
10002e5e:	2020      	movs	r0, #32
10002e60:	47b0      	blx	r6
10002e62:	42ac      	cmp	r4, r5
10002e64:	d1f7      	bne.n	10002e56 <_ftoa+0x41a>
10002e66:	46b3      	mov	fp, r6
10002e68:	46b9      	mov	r9, r7
10002e6a:	465f      	mov	r7, fp
10002e6c:	4e1c      	ldr	r6, [pc, #112]	@ (10002ee0 <_ftoa+0x4a4>)
10002e6e:	1cec      	adds	r4, r5, #3
10002e70:	002a      	movs	r2, r5
10002e72:	78b0      	ldrb	r0, [r6, #2]
10002e74:	4643      	mov	r3, r8
10002e76:	4649      	mov	r1, r9
10002e78:	3501      	adds	r5, #1
10002e7a:	47b8      	blx	r7
10002e7c:	3e01      	subs	r6, #1
10002e7e:	42ac      	cmp	r4, r5
10002e80:	d1f6      	bne.n	10002e70 <_ftoa+0x434>
10002e82:	9b22      	ldr	r3, [sp, #136]	@ 0x88
10002e84:	46bb      	mov	fp, r7
10002e86:	464f      	mov	r7, r9
10002e88:	079b      	lsls	r3, r3, #30
10002e8a:	d400      	bmi.n	10002e8e <_ftoa+0x452>
10002e8c:	e6e1      	b.n	10002c52 <_ftoa+0x216>
10002e8e:	4653      	mov	r3, sl
10002e90:	9a21      	ldr	r2, [sp, #132]	@ 0x84
10002e92:	1ae3      	subs	r3, r4, r3
10002e94:	429a      	cmp	r2, r3
10002e96:	d800      	bhi.n	10002e9a <_ftoa+0x45e>
10002e98:	e6db      	b.n	10002c52 <_ftoa+0x216>
10002e9a:	465e      	mov	r6, fp
10002e9c:	0015      	movs	r5, r2
10002e9e:	0022      	movs	r2, r4
10002ea0:	4643      	mov	r3, r8
10002ea2:	0039      	movs	r1, r7
10002ea4:	2020      	movs	r0, #32
10002ea6:	47b0      	blx	r6
10002ea8:	4653      	mov	r3, sl
10002eaa:	3401      	adds	r4, #1
10002eac:	1ae3      	subs	r3, r4, r3
10002eae:	42ab      	cmp	r3, r5
10002eb0:	d3f5      	bcc.n	10002e9e <_ftoa+0x462>
10002eb2:	e6ce      	b.n	10002c52 <_ftoa+0x216>
10002eb4:	9b21      	ldr	r3, [sp, #132]	@ 0x84
10002eb6:	42a3      	cmp	r3, r4
10002eb8:	d900      	bls.n	10002ebc <_ftoa+0x480>
10002eba:	e6a6      	b.n	10002c0a <_ftoa+0x1ce>
10002ebc:	e6b2      	b.n	10002c24 <_ftoa+0x1e8>
10002ebe:	9b21      	ldr	r3, [sp, #132]	@ 0x84
10002ec0:	2b00      	cmp	r3, #0
10002ec2:	d100      	bne.n	10002ec6 <_ftoa+0x48a>
10002ec4:	e779      	b.n	10002dba <_ftoa+0x37e>
10002ec6:	9b0b      	ldr	r3, [sp, #44]	@ 0x2c
10002ec8:	2b00      	cmp	r3, #0
10002eca:	d097      	beq.n	10002dfc <_ftoa+0x3c0>
10002ecc:	9b21      	ldr	r3, [sp, #132]	@ 0x84
10002ece:	3b01      	subs	r3, #1
10002ed0:	9321      	str	r3, [sp, #132]	@ 0x84
10002ed2:	429c      	cmp	r4, r3
10002ed4:	d200      	bcs.n	10002ed8 <_ftoa+0x49c>
10002ed6:	e698      	b.n	10002c0a <_ftoa+0x1ce>
10002ed8:	2c20      	cmp	r4, #32
10002eda:	d000      	beq.n	10002ede <_ftoa+0x4a2>
10002edc:	e773      	b.n	10002dc6 <_ftoa+0x38a>
10002ede:	e6a1      	b.n	10002c24 <_ftoa+0x1e8>
10002ee0:	10007580 	.word	0x10007580

10002ee4 <_etoa>:
10002ee4:	b5f0      	push	{r4, r5, r6, r7, lr}
10002ee6:	46de      	mov	lr, fp
10002ee8:	4657      	mov	r7, sl
10002eea:	464e      	mov	r6, r9
10002eec:	4645      	mov	r5, r8
10002eee:	b5e0      	push	{r5, r6, r7, lr}
10002ef0:	b099      	sub	sp, #100	@ 0x64
10002ef2:	4681      	mov	r9, r0
10002ef4:	468b      	mov	fp, r1
10002ef6:	4692      	mov	sl, r2
10002ef8:	4698      	mov	r8, r3
10002efa:	9a22      	ldr	r2, [sp, #136]	@ 0x88
10002efc:	9b23      	ldr	r3, [sp, #140]	@ 0x8c
10002efe:	0010      	movs	r0, r2
10002f00:	0019      	movs	r1, r3
10002f02:	f7ff f822 	bl	10001f4a <__wrap___aeabi_dcmpun>
10002f06:	2800      	cmp	r0, #0
10002f08:	d000      	beq.n	10002f0c <_etoa+0x28>
10002f0a:	e0ca      	b.n	100030a2 <_etoa+0x1be>
10002f0c:	9822      	ldr	r0, [sp, #136]	@ 0x88
10002f0e:	9923      	ldr	r1, [sp, #140]	@ 0x8c
10002f10:	2201      	movs	r2, #1
10002f12:	4b82      	ldr	r3, [pc, #520]	@ (1000311c <_etoa+0x238>)
10002f14:	4252      	negs	r2, r2
10002f16:	f7ff f813 	bl	10001f40 <__wrap___aeabi_dcmpgt>
10002f1a:	2800      	cmp	r0, #0
10002f1c:	d000      	beq.n	10002f20 <_etoa+0x3c>
10002f1e:	e0c0      	b.n	100030a2 <_etoa+0x1be>
10002f20:	9822      	ldr	r0, [sp, #136]	@ 0x88
10002f22:	9923      	ldr	r1, [sp, #140]	@ 0x8c
10002f24:	2201      	movs	r2, #1
10002f26:	4b7e      	ldr	r3, [pc, #504]	@ (10003120 <_etoa+0x23c>)
10002f28:	4252      	negs	r2, r2
10002f2a:	f7fe fff3 	bl	10001f14 <__wrap___aeabi_dcmplt>
10002f2e:	2800      	cmp	r0, #0
10002f30:	d000      	beq.n	10002f34 <_etoa+0x50>
10002f32:	e0b6      	b.n	100030a2 <_etoa+0x1be>
10002f34:	9822      	ldr	r0, [sp, #136]	@ 0x88
10002f36:	9923      	ldr	r1, [sp, #140]	@ 0x8c
10002f38:	2200      	movs	r2, #0
10002f3a:	2300      	movs	r3, #0
10002f3c:	f7fe ffea 	bl	10001f14 <__wrap___aeabi_dcmplt>
10002f40:	2800      	cmp	r0, #0
10002f42:	d000      	beq.n	10002f46 <_etoa+0x62>
10002f44:	e1c9      	b.n	100032da <_etoa+0x3f6>
10002f46:	9b22      	ldr	r3, [sp, #136]	@ 0x88
10002f48:	9c23      	ldr	r4, [sp, #140]	@ 0x8c
10002f4a:	9308      	str	r3, [sp, #32]
10002f4c:	9409      	str	r4, [sp, #36]	@ 0x24
10002f4e:	9808      	ldr	r0, [sp, #32]
10002f50:	9909      	ldr	r1, [sp, #36]	@ 0x24
10002f52:	2380      	movs	r3, #128	@ 0x80
10002f54:	9a26      	ldr	r2, [sp, #152]	@ 0x98
10002f56:	00db      	lsls	r3, r3, #3
10002f58:	401a      	ands	r2, r3
10002f5a:	920d      	str	r2, [sp, #52]	@ 0x34
10002f5c:	2280      	movs	r2, #128	@ 0x80
10002f5e:	9c26      	ldr	r4, [sp, #152]	@ 0x98
10002f60:	0112      	lsls	r2, r2, #4
10002f62:	4014      	ands	r4, r2
10002f64:	0022      	movs	r2, r4
10002f66:	940b      	str	r4, [sp, #44]	@ 0x2c
10002f68:	9c26      	ldr	r4, [sp, #152]	@ 0x98
10002f6a:	0007      	movs	r7, r0
10002f6c:	000e      	movs	r6, r1
10002f6e:	421c      	tst	r4, r3
10002f70:	d000      	beq.n	10002f74 <_etoa+0x90>
10002f72:	e0ad      	b.n	100030d0 <_etoa+0x1ec>
10002f74:	000b      	movs	r3, r1
10002f76:	4303      	orrs	r3, r0
10002f78:	d000      	beq.n	10002f7c <_etoa+0x98>
10002f7a:	e0d5      	b.n	10003128 <_etoa+0x244>
10002f7c:	2a00      	cmp	r2, #0
10002f7e:	d000      	beq.n	10002f82 <_etoa+0x9e>
10002f80:	e20a      	b.n	10003398 <_etoa+0x4b4>
10002f82:	0022      	movs	r2, r4
10002f84:	3306      	adds	r3, #6
10002f86:	9324      	str	r3, [sp, #144]	@ 0x90
10002f88:	2302      	movs	r3, #2
10002f8a:	4013      	ands	r3, r2
10002f8c:	930c      	str	r3, [sp, #48]	@ 0x30
10002f8e:	2302      	movs	r3, #2
10002f90:	4213      	tst	r3, r2
10002f92:	d000      	beq.n	10002f96 <_etoa+0xb2>
10002f94:	e202      	b.n	1000339c <_etoa+0x4b8>
10002f96:	9b25      	ldr	r3, [sp, #148]	@ 0x94
10002f98:	2b04      	cmp	r3, #4
10002f9a:	d200      	bcs.n	10002f9e <_etoa+0xba>
10002f9c:	e20f      	b.n	100033be <_etoa+0x4da>
10002f9e:	3b04      	subs	r3, #4
10002fa0:	930b      	str	r3, [sp, #44]	@ 0x2c
10002fa2:	2300      	movs	r3, #0
10002fa4:	2504      	movs	r5, #4
10002fa6:	930a      	str	r3, [sp, #40]	@ 0x28
10002fa8:	2200      	movs	r2, #0
10002faa:	9822      	ldr	r0, [sp, #136]	@ 0x88
10002fac:	9923      	ldr	r1, [sp, #140]	@ 0x8c
10002fae:	2300      	movs	r3, #0
10002fb0:	f7fe ffb0 	bl	10001f14 <__wrap___aeabi_dcmplt>
10002fb4:	2800      	cmp	r0, #0
10002fb6:	d000      	beq.n	10002fba <_etoa+0xd6>
10002fb8:	e203      	b.n	100033c2 <_etoa+0x4de>
10002fba:	4b5a      	ldr	r3, [pc, #360]	@ (10003124 <_etoa+0x240>)
10002fbc:	9a26      	ldr	r2, [sp, #152]	@ 0x98
10002fbe:	4013      	ands	r3, r2
10002fc0:	9304      	str	r3, [sp, #16]
10002fc2:	9b0b      	ldr	r3, [sp, #44]	@ 0x2c
10002fc4:	9303      	str	r3, [sp, #12]
10002fc6:	9b24      	ldr	r3, [sp, #144]	@ 0x90
10002fc8:	9302      	str	r3, [sp, #8]
10002fca:	9b08      	ldr	r3, [sp, #32]
10002fcc:	9c09      	ldr	r4, [sp, #36]	@ 0x24
10002fce:	9300      	str	r3, [sp, #0]
10002fd0:	9401      	str	r4, [sp, #4]
10002fd2:	4659      	mov	r1, fp
10002fd4:	4643      	mov	r3, r8
10002fd6:	4652      	mov	r2, sl
10002fd8:	4648      	mov	r0, r9
10002fda:	f7ff fd2f 	bl	10002a3c <_ftoa>
10002fde:	0002      	movs	r2, r0
10002fe0:	2020      	movs	r0, #32
10002fe2:	9b26      	ldr	r3, [sp, #152]	@ 0x98
10002fe4:	271f      	movs	r7, #31
10002fe6:	4003      	ands	r3, r0
10002fe8:	4259      	negs	r1, r3
10002fea:	414b      	adcs	r3, r1
10002fec:	425b      	negs	r3, r3
10002fee:	4018      	ands	r0, r3
10002ff0:	1c53      	adds	r3, r2, #1
10002ff2:	9308      	str	r3, [sp, #32]
10002ff4:	4659      	mov	r1, fp
10002ff6:	4643      	mov	r3, r8
10002ff8:	3045      	adds	r0, #69	@ 0x45
10002ffa:	47c8      	blx	r9
10002ffc:	9a0a      	ldr	r2, [sp, #40]	@ 0x28
10002ffe:	17d3      	asrs	r3, r2, #31
10003000:	18d4      	adds	r4, r2, r3
10003002:	405c      	eors	r4, r3
10003004:	0fd3      	lsrs	r3, r2, #31
10003006:	930a      	str	r3, [sp, #40]	@ 0x28
10003008:	1e6b      	subs	r3, r5, #1
1000300a:	930b      	str	r3, [sp, #44]	@ 0x2c
1000300c:	ab08      	add	r3, sp, #32
1000300e:	469c      	mov	ip, r3
10003010:	2500      	movs	r5, #0
10003012:	4467      	add	r7, ip
10003014:	e001      	b.n	1000301a <_etoa+0x136>
10003016:	2d20      	cmp	r5, #32
10003018:	d00f      	beq.n	1000303a <_etoa+0x156>
1000301a:	0020      	movs	r0, r4
1000301c:	210a      	movs	r1, #10
1000301e:	f7fe fccb 	bl	100019b8 <__wrap___aeabi_uidiv>
10003022:	3501      	adds	r5, #1
10003024:	197e      	adds	r6, r7, r5
10003026:	3130      	adds	r1, #48	@ 0x30
10003028:	7031      	strb	r1, [r6, #0]
1000302a:	0020      	movs	r0, r4
1000302c:	210a      	movs	r1, #10
1000302e:	f7fe fcc3 	bl	100019b8 <__wrap___aeabi_uidiv>
10003032:	0026      	movs	r6, r4
10003034:	0004      	movs	r4, r0
10003036:	2e09      	cmp	r6, #9
10003038:	d8ed      	bhi.n	10003016 <_etoa+0x132>
1000303a:	2305      	movs	r3, #5
1000303c:	9306      	str	r3, [sp, #24]
1000303e:	9b0b      	ldr	r3, [sp, #44]	@ 0x2c
10003040:	4659      	mov	r1, fp
10003042:	9305      	str	r3, [sp, #20]
10003044:	2300      	movs	r3, #0
10003046:	9304      	str	r3, [sp, #16]
10003048:	330a      	adds	r3, #10
1000304a:	9303      	str	r3, [sp, #12]
1000304c:	9b0a      	ldr	r3, [sp, #40]	@ 0x28
1000304e:	4648      	mov	r0, r9
10003050:	9302      	str	r3, [sp, #8]
10003052:	ab10      	add	r3, sp, #64	@ 0x40
10003054:	9300      	str	r3, [sp, #0]
10003056:	9a08      	ldr	r2, [sp, #32]
10003058:	4643      	mov	r3, r8
1000305a:	9501      	str	r5, [sp, #4]
1000305c:	f7ff fbf8 	bl	10002850 <_ntoa_format>
10003060:	9b0c      	ldr	r3, [sp, #48]	@ 0x30
10003062:	2b00      	cmp	r3, #0
10003064:	d02d      	beq.n	100030c2 <_etoa+0x1de>
10003066:	4653      	mov	r3, sl
10003068:	1ac4      	subs	r4, r0, r3
1000306a:	9b25      	ldr	r3, [sp, #148]	@ 0x94
1000306c:	42a3      	cmp	r3, r4
1000306e:	d928      	bls.n	100030c2 <_etoa+0x1de>
10003070:	464d      	mov	r5, r9
10003072:	465f      	mov	r7, fp
10003074:	4681      	mov	r9, r0
10003076:	001e      	movs	r6, r3
10003078:	4653      	mov	r3, sl
1000307a:	0039      	movs	r1, r7
1000307c:	191a      	adds	r2, r3, r4
1000307e:	2020      	movs	r0, #32
10003080:	4643      	mov	r3, r8
10003082:	3401      	adds	r4, #1
10003084:	47a8      	blx	r5
10003086:	42a6      	cmp	r6, r4
10003088:	d8f6      	bhi.n	10003078 <_etoa+0x194>
1000308a:	4653      	mov	r3, sl
1000308c:	4648      	mov	r0, r9
1000308e:	9925      	ldr	r1, [sp, #148]	@ 0x94
10003090:	1ac2      	subs	r2, r0, r3
10003092:	3201      	adds	r2, #1
10003094:	2300      	movs	r3, #0
10003096:	4291      	cmp	r1, r2
10003098:	d300      	bcc.n	1000309c <_etoa+0x1b8>
1000309a:	e186      	b.n	100033aa <_etoa+0x4c6>
1000309c:	3001      	adds	r0, #1
1000309e:	1818      	adds	r0, r3, r0
100030a0:	e00f      	b.n	100030c2 <_etoa+0x1de>
100030a2:	9b26      	ldr	r3, [sp, #152]	@ 0x98
100030a4:	9304      	str	r3, [sp, #16]
100030a6:	9b25      	ldr	r3, [sp, #148]	@ 0x94
100030a8:	9303      	str	r3, [sp, #12]
100030aa:	9b24      	ldr	r3, [sp, #144]	@ 0x90
100030ac:	9302      	str	r3, [sp, #8]
100030ae:	9b22      	ldr	r3, [sp, #136]	@ 0x88
100030b0:	9c23      	ldr	r4, [sp, #140]	@ 0x8c
100030b2:	9300      	str	r3, [sp, #0]
100030b4:	9401      	str	r4, [sp, #4]
100030b6:	4643      	mov	r3, r8
100030b8:	4652      	mov	r2, sl
100030ba:	4659      	mov	r1, fp
100030bc:	4648      	mov	r0, r9
100030be:	f7ff fcbd 	bl	10002a3c <_ftoa>
100030c2:	b019      	add	sp, #100	@ 0x64
100030c4:	bcf0      	pop	{r4, r5, r6, r7}
100030c6:	46bb      	mov	fp, r7
100030c8:	46b2      	mov	sl, r6
100030ca:	46a9      	mov	r9, r5
100030cc:	46a0      	mov	r8, r4
100030ce:	bdf0      	pop	{r4, r5, r6, r7, pc}
100030d0:	4301      	orrs	r1, r0
100030d2:	d12b      	bne.n	1000312c <_etoa+0x248>
100030d4:	9b0b      	ldr	r3, [sp, #44]	@ 0x2c
100030d6:	0022      	movs	r2, r4
100030d8:	2b00      	cmp	r3, #0
100030da:	d100      	bne.n	100030de <_etoa+0x1fa>
100030dc:	e754      	b.n	10002f88 <_etoa+0xa4>
100030de:	2300      	movs	r3, #0
100030e0:	930a      	str	r3, [sp, #40]	@ 0x28
100030e2:	9b24      	ldr	r3, [sp, #144]	@ 0x90
100030e4:	9a0a      	ldr	r2, [sp, #40]	@ 0x28
100030e6:	2400      	movs	r4, #0
100030e8:	4293      	cmp	r3, r2
100030ea:	dd00      	ble.n	100030ee <_etoa+0x20a>
100030ec:	e185      	b.n	100033fa <_etoa+0x516>
100030ee:	9822      	ldr	r0, [sp, #136]	@ 0x88
100030f0:	9923      	ldr	r1, [sp, #140]	@ 0x8c
100030f2:	2200      	movs	r2, #0
100030f4:	2300      	movs	r3, #0
100030f6:	f7fe ff0d 	bl	10001f14 <__wrap___aeabi_dcmplt>
100030fa:	2800      	cmp	r0, #0
100030fc:	d000      	beq.n	10003100 <_etoa+0x21c>
100030fe:	e135      	b.n	1000336c <_etoa+0x488>
10003100:	9b26      	ldr	r3, [sp, #152]	@ 0x98
10003102:	4a08      	ldr	r2, [pc, #32]	@ (10003124 <_etoa+0x240>)
10003104:	9402      	str	r4, [sp, #8]
10003106:	401a      	ands	r2, r3
10003108:	2380      	movs	r3, #128	@ 0x80
1000310a:	00db      	lsls	r3, r3, #3
1000310c:	4313      	orrs	r3, r2
1000310e:	9304      	str	r3, [sp, #16]
10003110:	9b25      	ldr	r3, [sp, #148]	@ 0x94
10003112:	9303      	str	r3, [sp, #12]
10003114:	9b08      	ldr	r3, [sp, #32]
10003116:	9c09      	ldr	r4, [sp, #36]	@ 0x24
10003118:	e7cb      	b.n	100030b2 <_etoa+0x1ce>
1000311a:	46c0      	nop			@ (mov r8, r8)
1000311c:	7fefffff 	.word	0x7fefffff
10003120:	ffefffff 	.word	0xffefffff
10003124:	fffff7ff 	.word	0xfffff7ff
10003128:	2306      	movs	r3, #6
1000312a:	9324      	str	r3, [sp, #144]	@ 0x90
1000312c:	4bb4      	ldr	r3, [pc, #720]	@ (10003400 <_etoa+0x51c>)
1000312e:	0070      	lsls	r0, r6, #1
10003130:	469c      	mov	ip, r3
10003132:	0d40      	lsrs	r0, r0, #21
10003134:	4460      	add	r0, ip
10003136:	f7fe ff19 	bl	10001f6c <__wrap___aeabi_i2d>
1000313a:	4ab2      	ldr	r2, [pc, #712]	@ (10003404 <_etoa+0x520>)
1000313c:	4bb2      	ldr	r3, [pc, #712]	@ (10003408 <_etoa+0x524>)
1000313e:	f7fe fea6 	bl	10001e8e <__wrap___aeabi_dmul>
10003142:	4ab2      	ldr	r2, [pc, #712]	@ (1000340c <_etoa+0x528>)
10003144:	4bb2      	ldr	r3, [pc, #712]	@ (10003410 <_etoa+0x52c>)
10003146:	f7fe fe7b 	bl	10001e40 <__wrap___aeabi_dadd>
1000314a:	0336      	lsls	r6, r6, #12
1000314c:	4bb1      	ldr	r3, [pc, #708]	@ (10003414 <_etoa+0x530>)
1000314e:	0b36      	lsrs	r6, r6, #12
10003150:	4333      	orrs	r3, r6
10003152:	0004      	movs	r4, r0
10003154:	000d      	movs	r5, r1
10003156:	0038      	movs	r0, r7
10003158:	0019      	movs	r1, r3
1000315a:	2200      	movs	r2, #0
1000315c:	4bae      	ldr	r3, [pc, #696]	@ (10003418 <_etoa+0x534>)
1000315e:	f7fe fe66 	bl	10001e2e <__wrap___aeabi_dsub>
10003162:	4aae      	ldr	r2, [pc, #696]	@ (1000341c <_etoa+0x538>)
10003164:	4bae      	ldr	r3, [pc, #696]	@ (10003420 <_etoa+0x53c>)
10003166:	f7fe fe92 	bl	10001e8e <__wrap___aeabi_dmul>
1000316a:	0002      	movs	r2, r0
1000316c:	000b      	movs	r3, r1
1000316e:	0020      	movs	r0, r4
10003170:	0029      	movs	r1, r5
10003172:	f7fe fe65 	bl	10001e40 <__wrap___aeabi_dadd>
10003176:	f7fe ff11 	bl	10001f9c <__wrap___aeabi_d2iz>
1000317a:	900a      	str	r0, [sp, #40]	@ 0x28
1000317c:	f7fe fef6 	bl	10001f6c <__wrap___aeabi_i2d>
10003180:	4aa8      	ldr	r2, [pc, #672]	@ (10003424 <_etoa+0x540>)
10003182:	4ba9      	ldr	r3, [pc, #676]	@ (10003428 <_etoa+0x544>)
10003184:	0004      	movs	r4, r0
10003186:	000d      	movs	r5, r1
10003188:	f7fe fe81 	bl	10001e8e <__wrap___aeabi_dmul>
1000318c:	2200      	movs	r2, #0
1000318e:	4ba7      	ldr	r3, [pc, #668]	@ (1000342c <_etoa+0x548>)
10003190:	f7fe fe56 	bl	10001e40 <__wrap___aeabi_dadd>
10003194:	f7fe ff02 	bl	10001f9c <__wrap___aeabi_d2iz>
10003198:	4aa5      	ldr	r2, [pc, #660]	@ (10003430 <_etoa+0x54c>)
1000319a:	0006      	movs	r6, r0
1000319c:	4ba5      	ldr	r3, [pc, #660]	@ (10003434 <_etoa+0x550>)
1000319e:	0020      	movs	r0, r4
100031a0:	0029      	movs	r1, r5
100031a2:	f7fe fe74 	bl	10001e8e <__wrap___aeabi_dmul>
100031a6:	0004      	movs	r4, r0
100031a8:	0030      	movs	r0, r6
100031aa:	000d      	movs	r5, r1
100031ac:	960c      	str	r6, [sp, #48]	@ 0x30
100031ae:	f7fe fedd 	bl	10001f6c <__wrap___aeabi_i2d>
100031b2:	4aa1      	ldr	r2, [pc, #644]	@ (10003438 <_etoa+0x554>)
100031b4:	4ba1      	ldr	r3, [pc, #644]	@ (1000343c <_etoa+0x558>)
100031b6:	f7fe fe6a 	bl	10001e8e <__wrap___aeabi_dmul>
100031ba:	0002      	movs	r2, r0
100031bc:	000b      	movs	r3, r1
100031be:	0020      	movs	r0, r4
100031c0:	0029      	movs	r1, r5
100031c2:	f7fe fe34 	bl	10001e2e <__wrap___aeabi_dsub>
100031c6:	0002      	movs	r2, r0
100031c8:	000b      	movs	r3, r1
100031ca:	0006      	movs	r6, r0
100031cc:	000f      	movs	r7, r1
100031ce:	f7fe fe5e 	bl	10001e8e <__wrap___aeabi_dmul>
100031d2:	0032      	movs	r2, r6
100031d4:	0004      	movs	r4, r0
100031d6:	000d      	movs	r5, r1
100031d8:	003b      	movs	r3, r7
100031da:	0030      	movs	r0, r6
100031dc:	0039      	movs	r1, r7
100031de:	f7fe fe2f 	bl	10001e40 <__wrap___aeabi_dadd>
100031e2:	2200      	movs	r2, #0
100031e4:	900e      	str	r0, [sp, #56]	@ 0x38
100031e6:	910f      	str	r1, [sp, #60]	@ 0x3c
100031e8:	4b95      	ldr	r3, [pc, #596]	@ (10003440 <_etoa+0x55c>)
100031ea:	0020      	movs	r0, r4
100031ec:	0029      	movs	r1, r5
100031ee:	f7fe fe30 	bl	10001e52 <__wrap___aeabi_ddiv>
100031f2:	2200      	movs	r2, #0
100031f4:	4b93      	ldr	r3, [pc, #588]	@ (10003444 <_etoa+0x560>)
100031f6:	f7fe fe23 	bl	10001e40 <__wrap___aeabi_dadd>
100031fa:	0002      	movs	r2, r0
100031fc:	000b      	movs	r3, r1
100031fe:	0020      	movs	r0, r4
10003200:	0029      	movs	r1, r5
10003202:	f7fe fe26 	bl	10001e52 <__wrap___aeabi_ddiv>
10003206:	2200      	movs	r2, #0
10003208:	4b8f      	ldr	r3, [pc, #572]	@ (10003448 <_etoa+0x564>)
1000320a:	f7fe fe19 	bl	10001e40 <__wrap___aeabi_dadd>
1000320e:	0002      	movs	r2, r0
10003210:	000b      	movs	r3, r1
10003212:	0020      	movs	r0, r4
10003214:	0029      	movs	r1, r5
10003216:	f7fe fe1c 	bl	10001e52 <__wrap___aeabi_ddiv>
1000321a:	000d      	movs	r5, r1
1000321c:	2180      	movs	r1, #128	@ 0x80
1000321e:	0004      	movs	r4, r0
10003220:	0032      	movs	r2, r6
10003222:	003b      	movs	r3, r7
10003224:	2000      	movs	r0, #0
10003226:	05c9      	lsls	r1, r1, #23
10003228:	f7fe fe01 	bl	10001e2e <__wrap___aeabi_dsub>
1000322c:	0002      	movs	r2, r0
1000322e:	000b      	movs	r3, r1
10003230:	0020      	movs	r0, r4
10003232:	0029      	movs	r1, r5
10003234:	f7fe fe04 	bl	10001e40 <__wrap___aeabi_dadd>
10003238:	0002      	movs	r2, r0
1000323a:	000b      	movs	r3, r1
1000323c:	980e      	ldr	r0, [sp, #56]	@ 0x38
1000323e:	990f      	ldr	r1, [sp, #60]	@ 0x3c
10003240:	f7fe fe07 	bl	10001e52 <__wrap___aeabi_ddiv>
10003244:	2200      	movs	r2, #0
10003246:	4b73      	ldr	r3, [pc, #460]	@ (10003414 <_etoa+0x530>)
10003248:	f7fe fdfa 	bl	10001e40 <__wrap___aeabi_dadd>
1000324c:	4b7f      	ldr	r3, [pc, #508]	@ (1000344c <_etoa+0x568>)
1000324e:	9c0c      	ldr	r4, [sp, #48]	@ 0x30
10003250:	469c      	mov	ip, r3
10003252:	4464      	add	r4, ip
10003254:	2200      	movs	r2, #0
10003256:	0523      	lsls	r3, r4, #20
10003258:	f7fe fe19 	bl	10001e8e <__wrap___aeabi_dmul>
1000325c:	0006      	movs	r6, r0
1000325e:	000f      	movs	r7, r1
10003260:	0002      	movs	r2, r0
10003262:	000b      	movs	r3, r1
10003264:	9808      	ldr	r0, [sp, #32]
10003266:	9909      	ldr	r1, [sp, #36]	@ 0x24
10003268:	f7fe fe54 	bl	10001f14 <__wrap___aeabi_dcmplt>
1000326c:	2800      	cmp	r0, #0
1000326e:	d00a      	beq.n	10003286 <_etoa+0x3a2>
10003270:	9b0a      	ldr	r3, [sp, #40]	@ 0x28
10003272:	0030      	movs	r0, r6
10003274:	3b01      	subs	r3, #1
10003276:	0039      	movs	r1, r7
10003278:	930a      	str	r3, [sp, #40]	@ 0x28
1000327a:	2200      	movs	r2, #0
1000327c:	4b71      	ldr	r3, [pc, #452]	@ (10003444 <_etoa+0x560>)
1000327e:	f7fe fde8 	bl	10001e52 <__wrap___aeabi_ddiv>
10003282:	0006      	movs	r6, r0
10003284:	000f      	movs	r7, r1
10003286:	9a0a      	ldr	r2, [sp, #40]	@ 0x28
10003288:	0033      	movs	r3, r6
1000328a:	3263      	adds	r2, #99	@ 0x63
1000328c:	0039      	movs	r1, r7
1000328e:	2ac6      	cmp	r2, #198	@ 0xc6
10003290:	d812      	bhi.n	100032b8 <_etoa+0x3d4>
10003292:	2202      	movs	r2, #2
10003294:	9826      	ldr	r0, [sp, #152]	@ 0x98
10003296:	2504      	movs	r5, #4
10003298:	4010      	ands	r0, r2
1000329a:	9a0b      	ldr	r2, [sp, #44]	@ 0x2c
1000329c:	900c      	str	r0, [sp, #48]	@ 0x30
1000329e:	2a00      	cmp	r2, #0
100032a0:	d125      	bne.n	100032ee <_etoa+0x40a>
100032a2:	9b25      	ldr	r3, [sp, #148]	@ 0x94
100032a4:	2b04      	cmp	r3, #4
100032a6:	d905      	bls.n	100032b4 <_etoa+0x3d0>
100032a8:	2800      	cmp	r0, #0
100032aa:	d000      	beq.n	100032ae <_etoa+0x3ca>
100032ac:	e0a1      	b.n	100033f2 <_etoa+0x50e>
100032ae:	9b25      	ldr	r3, [sp, #148]	@ 0x94
100032b0:	3b04      	subs	r3, #4
100032b2:	930b      	str	r3, [sp, #44]	@ 0x2c
100032b4:	2504      	movs	r5, #4
100032b6:	e041      	b.n	1000333c <_etoa+0x458>
100032b8:	2202      	movs	r2, #2
100032ba:	9826      	ldr	r0, [sp, #152]	@ 0x98
100032bc:	4010      	ands	r0, r2
100032be:	9a0b      	ldr	r2, [sp, #44]	@ 0x2c
100032c0:	900c      	str	r0, [sp, #48]	@ 0x30
100032c2:	2a00      	cmp	r2, #0
100032c4:	d112      	bne.n	100032ec <_etoa+0x408>
100032c6:	9b25      	ldr	r3, [sp, #148]	@ 0x94
100032c8:	2b05      	cmp	r3, #5
100032ca:	d976      	bls.n	100033ba <_etoa+0x4d6>
100032cc:	2800      	cmp	r0, #0
100032ce:	d172      	bne.n	100033b6 <_etoa+0x4d2>
100032d0:	9b25      	ldr	r3, [sp, #148]	@ 0x94
100032d2:	2505      	movs	r5, #5
100032d4:	3b05      	subs	r3, #5
100032d6:	930b      	str	r3, [sp, #44]	@ 0x2c
100032d8:	e034      	b.n	10003344 <_etoa+0x460>
100032da:	2280      	movs	r2, #128	@ 0x80
100032dc:	0612      	lsls	r2, r2, #24
100032de:	4694      	mov	ip, r2
100032e0:	9b22      	ldr	r3, [sp, #136]	@ 0x88
100032e2:	9308      	str	r3, [sp, #32]
100032e4:	9b23      	ldr	r3, [sp, #140]	@ 0x8c
100032e6:	4463      	add	r3, ip
100032e8:	9309      	str	r3, [sp, #36]	@ 0x24
100032ea:	e630      	b.n	10002f4e <_etoa+0x6a>
100032ec:	2505      	movs	r5, #5
100032ee:	430b      	orrs	r3, r1
100032f0:	d100      	bne.n	100032f4 <_etoa+0x410>
100032f2:	e6f6      	b.n	100030e2 <_etoa+0x1fe>
100032f4:	9808      	ldr	r0, [sp, #32]
100032f6:	9909      	ldr	r1, [sp, #36]	@ 0x24
100032f8:	4a55      	ldr	r2, [pc, #340]	@ (10003450 <_etoa+0x56c>)
100032fa:	4b56      	ldr	r3, [pc, #344]	@ (10003454 <_etoa+0x570>)
100032fc:	f7fe fe18 	bl	10001f30 <__wrap___aeabi_dcmpge>
10003300:	2800      	cmp	r0, #0
10003302:	d008      	beq.n	10003316 <_etoa+0x432>
10003304:	9808      	ldr	r0, [sp, #32]
10003306:	9909      	ldr	r1, [sp, #36]	@ 0x24
10003308:	2200      	movs	r2, #0
1000330a:	4b53      	ldr	r3, [pc, #332]	@ (10003458 <_etoa+0x574>)
1000330c:	f7fe fe02 	bl	10001f14 <__wrap___aeabi_dcmplt>
10003310:	2800      	cmp	r0, #0
10003312:	d000      	beq.n	10003316 <_etoa+0x432>
10003314:	e6e5      	b.n	100030e2 <_etoa+0x1fe>
10003316:	9b24      	ldr	r3, [sp, #144]	@ 0x90
10003318:	2b00      	cmp	r3, #0
1000331a:	d01c      	beq.n	10003356 <_etoa+0x472>
1000331c:	9b0d      	ldr	r3, [sp, #52]	@ 0x34
1000331e:	2b00      	cmp	r3, #0
10003320:	d019      	beq.n	10003356 <_etoa+0x472>
10003322:	9b24      	ldr	r3, [sp, #144]	@ 0x90
10003324:	3b01      	subs	r3, #1
10003326:	9324      	str	r3, [sp, #144]	@ 0x90
10003328:	9b25      	ldr	r3, [sp, #148]	@ 0x94
1000332a:	42ab      	cmp	r3, r5
1000332c:	d904      	bls.n	10003338 <_etoa+0x454>
1000332e:	9b0c      	ldr	r3, [sp, #48]	@ 0x30
10003330:	2b00      	cmp	r3, #0
10003332:	d05a      	beq.n	100033ea <_etoa+0x506>
10003334:	2302      	movs	r3, #2
10003336:	930c      	str	r3, [sp, #48]	@ 0x30
10003338:	2300      	movs	r3, #0
1000333a:	930b      	str	r3, [sp, #44]	@ 0x2c
1000333c:	9b0a      	ldr	r3, [sp, #40]	@ 0x28
1000333e:	2b00      	cmp	r3, #0
10003340:	d100      	bne.n	10003344 <_etoa+0x460>
10003342:	e631      	b.n	10002fa8 <_etoa+0xc4>
10003344:	9808      	ldr	r0, [sp, #32]
10003346:	9909      	ldr	r1, [sp, #36]	@ 0x24
10003348:	0032      	movs	r2, r6
1000334a:	003b      	movs	r3, r7
1000334c:	f7fe fd81 	bl	10001e52 <__wrap___aeabi_ddiv>
10003350:	9008      	str	r0, [sp, #32]
10003352:	9109      	str	r1, [sp, #36]	@ 0x24
10003354:	e628      	b.n	10002fa8 <_etoa+0xc4>
10003356:	9b25      	ldr	r3, [sp, #148]	@ 0x94
10003358:	42ab      	cmp	r3, r5
1000335a:	d9ed      	bls.n	10003338 <_etoa+0x454>
1000335c:	9b0c      	ldr	r3, [sp, #48]	@ 0x30
1000335e:	2b00      	cmp	r3, #0
10003360:	d043      	beq.n	100033ea <_etoa+0x506>
10003362:	2300      	movs	r3, #0
10003364:	930b      	str	r3, [sp, #44]	@ 0x2c
10003366:	3302      	adds	r3, #2
10003368:	930c      	str	r3, [sp, #48]	@ 0x30
1000336a:	e7e7      	b.n	1000333c <_etoa+0x458>
1000336c:	2080      	movs	r0, #128	@ 0x80
1000336e:	9b26      	ldr	r3, [sp, #152]	@ 0x98
10003370:	4a3a      	ldr	r2, [pc, #232]	@ (1000345c <_etoa+0x578>)
10003372:	0600      	lsls	r0, r0, #24
10003374:	401a      	ands	r2, r3
10003376:	2380      	movs	r3, #128	@ 0x80
10003378:	4684      	mov	ip, r0
1000337a:	9402      	str	r4, [sp, #8]
1000337c:	9c08      	ldr	r4, [sp, #32]
1000337e:	9d09      	ldr	r5, [sp, #36]	@ 0x24
10003380:	0029      	movs	r1, r5
10003382:	00db      	lsls	r3, r3, #3
10003384:	4313      	orrs	r3, r2
10003386:	9304      	str	r3, [sp, #16]
10003388:	9b25      	ldr	r3, [sp, #148]	@ 0x94
1000338a:	4461      	add	r1, ip
1000338c:	0022      	movs	r2, r4
1000338e:	9303      	str	r3, [sp, #12]
10003390:	000b      	movs	r3, r1
10003392:	9200      	str	r2, [sp, #0]
10003394:	9301      	str	r3, [sp, #4]
10003396:	e68e      	b.n	100030b6 <_etoa+0x1d2>
10003398:	2405      	movs	r4, #5
1000339a:	e6a8      	b.n	100030ee <_etoa+0x20a>
1000339c:	2300      	movs	r3, #0
1000339e:	930b      	str	r3, [sp, #44]	@ 0x2c
100033a0:	930a      	str	r3, [sp, #40]	@ 0x28
100033a2:	3302      	adds	r3, #2
100033a4:	2504      	movs	r5, #4
100033a6:	930c      	str	r3, [sp, #48]	@ 0x30
100033a8:	e5fe      	b.n	10002fa8 <_etoa+0xc4>
100033aa:	4653      	mov	r3, sl
100033ac:	468c      	mov	ip, r1
100033ae:	3b01      	subs	r3, #1
100033b0:	4463      	add	r3, ip
100033b2:	1a1b      	subs	r3, r3, r0
100033b4:	e672      	b.n	1000309c <_etoa+0x1b8>
100033b6:	2302      	movs	r3, #2
100033b8:	930c      	str	r3, [sp, #48]	@ 0x30
100033ba:	2505      	movs	r5, #5
100033bc:	e7c2      	b.n	10003344 <_etoa+0x460>
100033be:	2304      	movs	r3, #4
100033c0:	e5ed      	b.n	10002f9e <_etoa+0xba>
100033c2:	2080      	movs	r0, #128	@ 0x80
100033c4:	9e08      	ldr	r6, [sp, #32]
100033c6:	9f09      	ldr	r7, [sp, #36]	@ 0x24
100033c8:	0600      	lsls	r0, r0, #24
100033ca:	0039      	movs	r1, r7
100033cc:	4684      	mov	ip, r0
100033ce:	9a26      	ldr	r2, [sp, #152]	@ 0x98
100033d0:	4b22      	ldr	r3, [pc, #136]	@ (1000345c <_etoa+0x578>)
100033d2:	4461      	add	r1, ip
100033d4:	4013      	ands	r3, r2
100033d6:	9304      	str	r3, [sp, #16]
100033d8:	9b0b      	ldr	r3, [sp, #44]	@ 0x2c
100033da:	0032      	movs	r2, r6
100033dc:	9303      	str	r3, [sp, #12]
100033de:	9b24      	ldr	r3, [sp, #144]	@ 0x90
100033e0:	9302      	str	r3, [sp, #8]
100033e2:	000b      	movs	r3, r1
100033e4:	9200      	str	r2, [sp, #0]
100033e6:	9301      	str	r3, [sp, #4]
100033e8:	e5f3      	b.n	10002fd2 <_etoa+0xee>
100033ea:	9b25      	ldr	r3, [sp, #148]	@ 0x94
100033ec:	1b5b      	subs	r3, r3, r5
100033ee:	930b      	str	r3, [sp, #44]	@ 0x2c
100033f0:	e7a4      	b.n	1000333c <_etoa+0x458>
100033f2:	2302      	movs	r3, #2
100033f4:	2504      	movs	r5, #4
100033f6:	930c      	str	r3, [sp, #48]	@ 0x30
100033f8:	e7a0      	b.n	1000333c <_etoa+0x458>
100033fa:	1a9c      	subs	r4, r3, r2
100033fc:	3c01      	subs	r4, #1
100033fe:	e676      	b.n	100030ee <_etoa+0x20a>
10003400:	fffffc01 	.word	0xfffffc01
10003404:	509f79fb 	.word	0x509f79fb
10003408:	3fd34413 	.word	0x3fd34413
1000340c:	8b60c8b3 	.word	0x8b60c8b3
10003410:	3fc68a28 	.word	0x3fc68a28
10003414:	3ff00000 	.word	0x3ff00000
10003418:	3ff80000 	.word	0x3ff80000
1000341c:	636f4361 	.word	0x636f4361
10003420:	3fd287a7 	.word	0x3fd287a7
10003424:	0979a371 	.word	0x0979a371
10003428:	400a934f 	.word	0x400a934f
1000342c:	3fe00000 	.word	0x3fe00000
10003430:	bbb55516 	.word	0xbbb55516
10003434:	40026bb1 	.word	0x40026bb1
10003438:	fefa39ef 	.word	0xfefa39ef
1000343c:	3fe62e42 	.word	0x3fe62e42
10003440:	402c0000 	.word	0x402c0000
10003444:	40240000 	.word	0x40240000
10003448:	40180000 	.word	0x40180000
1000344c:	000003ff 	.word	0x000003ff
10003450:	eb1c432d 	.word	0xeb1c432d
10003454:	3f1a36e2 	.word	0x3f1a36e2
10003458:	412e8480 	.word	0x412e8480
1000345c:	fffff7ff 	.word	0xfffff7ff

10003460 <_vsnprintf>:
10003460:	b5f0      	push	{r4, r5, r6, r7, lr}
10003462:	46de      	mov	lr, fp
10003464:	4657      	mov	r7, sl
10003466:	464e      	mov	r6, r9
10003468:	4645      	mov	r5, r8
1000346a:	b5e0      	push	{r5, r6, r7, lr}
1000346c:	b0a5      	sub	sp, #148	@ 0x94
1000346e:	001e      	movs	r6, r3
10003470:	9b2e      	ldr	r3, [sp, #184]	@ 0xb8
10003472:	4692      	mov	sl, r2
10003474:	930c      	str	r3, [sp, #48]	@ 0x30
10003476:	4acd      	ldr	r2, [pc, #820]	@ (100037ac <_vsnprintf+0x34c>)
10003478:	4bcd      	ldr	r3, [pc, #820]	@ (100037b0 <_vsnprintf+0x350>)
1000347a:	4680      	mov	r8, r0
1000347c:	468b      	mov	fp, r1
1000347e:	601a      	str	r2, [r3, #0]
10003480:	2900      	cmp	r1, #0
10003482:	d100      	bne.n	10003486 <_vsnprintf+0x26>
10003484:	e1ea      	b.n	1000385c <_vsnprintf+0x3fc>
10003486:	2300      	movs	r3, #0
10003488:	7830      	ldrb	r0, [r6, #0]
1000348a:	4699      	mov	r9, r3
1000348c:	2800      	cmp	r0, #0
1000348e:	d100      	bne.n	10003492 <_vsnprintf+0x32>
10003490:	e1ec      	b.n	1000386c <_vsnprintf+0x40c>
10003492:	4bc8      	ldr	r3, [pc, #800]	@ (100037b4 <_vsnprintf+0x354>)
10003494:	464c      	mov	r4, r9
10003496:	930b      	str	r3, [sp, #44]	@ 0x2c
10003498:	4bc7      	ldr	r3, [pc, #796]	@ (100037b8 <_vsnprintf+0x358>)
1000349a:	4645      	mov	r5, r8
1000349c:	4657      	mov	r7, sl
1000349e:	930e      	str	r3, [sp, #56]	@ 0x38
100034a0:	e00a      	b.n	100034b8 <_vsnprintf+0x58>
100034a2:	1c63      	adds	r3, r4, #1
100034a4:	4698      	mov	r8, r3
100034a6:	0022      	movs	r2, r4
100034a8:	003b      	movs	r3, r7
100034aa:	4659      	mov	r1, fp
100034ac:	47a8      	blx	r5
100034ae:	4644      	mov	r4, r8
100034b0:	7830      	ldrb	r0, [r6, #0]
100034b2:	2800      	cmp	r0, #0
100034b4:	d100      	bne.n	100034b8 <_vsnprintf+0x58>
100034b6:	e087      	b.n	100035c8 <_vsnprintf+0x168>
100034b8:	3601      	adds	r6, #1
100034ba:	2825      	cmp	r0, #37	@ 0x25
100034bc:	d1f1      	bne.n	100034a2 <_vsnprintf+0x42>
100034be:	2308      	movs	r3, #8
100034c0:	469a      	mov	sl, r3
100034c2:	3b04      	subs	r3, #4
100034c4:	4699      	mov	r9, r3
100034c6:	3b02      	subs	r3, #2
100034c8:	4698      	mov	r8, r3
100034ca:	3b01      	subs	r3, #1
100034cc:	2200      	movs	r2, #0
100034ce:	469c      	mov	ip, r3
100034d0:	940d      	str	r4, [sp, #52]	@ 0x34
100034d2:	7830      	ldrb	r0, [r6, #0]
100034d4:	1c71      	adds	r1, r6, #1
100034d6:	0003      	movs	r3, r0
100034d8:	3b20      	subs	r3, #32
100034da:	b2db      	uxtb	r3, r3
100034dc:	2b10      	cmp	r3, #16
100034de:	d803      	bhi.n	100034e8 <_vsnprintf+0x88>
100034e0:	9c0b      	ldr	r4, [sp, #44]	@ 0x2c
100034e2:	009b      	lsls	r3, r3, #2
100034e4:	58e3      	ldr	r3, [r4, r3]
100034e6:	469f      	mov	pc, r3
100034e8:	0003      	movs	r3, r0
100034ea:	3b30      	subs	r3, #48	@ 0x30
100034ec:	4689      	mov	r9, r1
100034ee:	9c0d      	ldr	r4, [sp, #52]	@ 0x34
100034f0:	2b09      	cmp	r3, #9
100034f2:	d93a      	bls.n	1000356a <_vsnprintf+0x10a>
100034f4:	2300      	movs	r3, #0
100034f6:	4698      	mov	r8, r3
100034f8:	282a      	cmp	r0, #42	@ 0x2a
100034fa:	d100      	bne.n	100034fe <_vsnprintf+0x9e>
100034fc:	e0c1      	b.n	10003682 <_vsnprintf+0x222>
100034fe:	2300      	movs	r3, #0
10003500:	469a      	mov	sl, r3
10003502:	282e      	cmp	r0, #46	@ 0x2e
10003504:	d04b      	beq.n	1000359e <_vsnprintf+0x13e>
10003506:	0003      	movs	r3, r0
10003508:	3b68      	subs	r3, #104	@ 0x68
1000350a:	b2db      	uxtb	r3, r3
1000350c:	2b12      	cmp	r3, #18
1000350e:	d81e      	bhi.n	1000354e <_vsnprintf+0xee>
10003510:	990e      	ldr	r1, [sp, #56]	@ 0x38
10003512:	009b      	lsls	r3, r3, #2
10003514:	58cb      	ldr	r3, [r1, r3]
10003516:	469f      	mov	pc, r3
10003518:	4663      	mov	r3, ip
1000351a:	000e      	movs	r6, r1
1000351c:	431a      	orrs	r2, r3
1000351e:	e7d8      	b.n	100034d2 <_vsnprintf+0x72>
10003520:	4643      	mov	r3, r8
10003522:	000e      	movs	r6, r1
10003524:	431a      	orrs	r2, r3
10003526:	e7d4      	b.n	100034d2 <_vsnprintf+0x72>
10003528:	464b      	mov	r3, r9
1000352a:	000e      	movs	r6, r1
1000352c:	431a      	orrs	r2, r3
1000352e:	e7d0      	b.n	100034d2 <_vsnprintf+0x72>
10003530:	2310      	movs	r3, #16
10003532:	000e      	movs	r6, r1
10003534:	431a      	orrs	r2, r3
10003536:	e7cc      	b.n	100034d2 <_vsnprintf+0x72>
10003538:	4653      	mov	r3, sl
1000353a:	000e      	movs	r6, r1
1000353c:	431a      	orrs	r2, r3
1000353e:	e7c8      	b.n	100034d2 <_vsnprintf+0x72>
10003540:	2380      	movs	r3, #128	@ 0x80
10003542:	005b      	lsls	r3, r3, #1
10003544:	431a      	orrs	r2, r3
10003546:	3bff      	subs	r3, #255	@ 0xff
10003548:	469c      	mov	ip, r3
1000354a:	7870      	ldrb	r0, [r6, #1]
1000354c:	44e1      	add	r9, ip
1000354e:	464e      	mov	r6, r9
10003550:	2867      	cmp	r0, #103	@ 0x67
10003552:	d84f      	bhi.n	100035f4 <_vsnprintf+0x194>
10003554:	2824      	cmp	r0, #36	@ 0x24
10003556:	d9a4      	bls.n	100034a2 <_vsnprintf+0x42>
10003558:	0003      	movs	r3, r0
1000355a:	3b25      	subs	r3, #37	@ 0x25
1000355c:	b2db      	uxtb	r3, r3
1000355e:	2b42      	cmp	r3, #66	@ 0x42
10003560:	d89f      	bhi.n	100034a2 <_vsnprintf+0x42>
10003562:	4996      	ldr	r1, [pc, #600]	@ (100037bc <_vsnprintf+0x35c>)
10003564:	009b      	lsls	r3, r3, #2
10003566:	58cb      	ldr	r3, [r1, r3]
10003568:	469f      	mov	pc, r3
1000356a:	2300      	movs	r3, #0
1000356c:	4694      	mov	ip, r2
1000356e:	001e      	movs	r6, r3
10003570:	e000      	b.n	10003574 <_vsnprintf+0x114>
10003572:	3101      	adds	r1, #1
10003574:	00b3      	lsls	r3, r6, #2
10003576:	199b      	adds	r3, r3, r6
10003578:	005b      	lsls	r3, r3, #1
1000357a:	181e      	adds	r6, r3, r0
1000357c:	7808      	ldrb	r0, [r1, #0]
1000357e:	3e30      	subs	r6, #48	@ 0x30
10003580:	0003      	movs	r3, r0
10003582:	3b30      	subs	r3, #48	@ 0x30
10003584:	2b09      	cmp	r3, #9
10003586:	d9f4      	bls.n	10003572 <_vsnprintf+0x112>
10003588:	2301      	movs	r3, #1
1000358a:	4662      	mov	r2, ip
1000358c:	4689      	mov	r9, r1
1000358e:	469c      	mov	ip, r3
10003590:	2300      	movs	r3, #0
10003592:	46b0      	mov	r8, r6
10003594:	469a      	mov	sl, r3
10003596:	000e      	movs	r6, r1
10003598:	44e1      	add	r9, ip
1000359a:	282e      	cmp	r0, #46	@ 0x2e
1000359c:	d1b3      	bne.n	10003506 <_vsnprintf+0xa6>
1000359e:	2130      	movs	r1, #48	@ 0x30
100035a0:	2080      	movs	r0, #128	@ 0x80
100035a2:	4249      	negs	r1, r1
100035a4:	468c      	mov	ip, r1
100035a6:	00c0      	lsls	r0, r0, #3
100035a8:	4302      	orrs	r2, r0
100035aa:	7870      	ldrb	r0, [r6, #1]
100035ac:	464b      	mov	r3, r9
100035ae:	4484      	add	ip, r0
100035b0:	4661      	mov	r1, ip
100035b2:	2909      	cmp	r1, #9
100035b4:	d800      	bhi.n	100035b8 <_vsnprintf+0x158>
100035b6:	e16c      	b.n	10003892 <_vsnprintf+0x432>
100035b8:	282a      	cmp	r0, #42	@ 0x2a
100035ba:	d100      	bne.n	100035be <_vsnprintf+0x15e>
100035bc:	e17a      	b.n	100038b4 <_vsnprintf+0x454>
100035be:	2301      	movs	r3, #1
100035c0:	469c      	mov	ip, r3
100035c2:	464e      	mov	r6, r9
100035c4:	44e1      	add	r9, ip
100035c6:	e79e      	b.n	10003506 <_vsnprintf+0xa6>
100035c8:	46a1      	mov	r9, r4
100035ca:	46a8      	mov	r8, r5
100035cc:	46ba      	mov	sl, r7
100035ce:	45ca      	cmp	sl, r9
100035d0:	d803      	bhi.n	100035da <_vsnprintf+0x17a>
100035d2:	2301      	movs	r3, #1
100035d4:	425b      	negs	r3, r3
100035d6:	4453      	add	r3, sl
100035d8:	4699      	mov	r9, r3
100035da:	4653      	mov	r3, sl
100035dc:	464a      	mov	r2, r9
100035de:	4659      	mov	r1, fp
100035e0:	2000      	movs	r0, #0
100035e2:	47c0      	blx	r8
100035e4:	0020      	movs	r0, r4
100035e6:	b025      	add	sp, #148	@ 0x94
100035e8:	bcf0      	pop	{r4, r5, r6, r7}
100035ea:	46bb      	mov	fp, r7
100035ec:	46b2      	mov	sl, r6
100035ee:	46a9      	mov	r9, r5
100035f0:	46a0      	mov	r8, r4
100035f2:	bdf0      	pop	{r4, r5, r6, r7, pc}
100035f4:	0003      	movs	r3, r0
100035f6:	3b69      	subs	r3, #105	@ 0x69
100035f8:	b2db      	uxtb	r3, r3
100035fa:	930d      	str	r3, [sp, #52]	@ 0x34
100035fc:	2b0f      	cmp	r3, #15
100035fe:	d900      	bls.n	10003602 <_vsnprintf+0x1a2>
10003600:	e74f      	b.n	100034a2 <_vsnprintf+0x42>
10003602:	2101      	movs	r1, #1
10003604:	4099      	lsls	r1, r3
10003606:	468c      	mov	ip, r1
10003608:	496d      	ldr	r1, [pc, #436]	@ (100037c0 <_vsnprintf+0x360>)
1000360a:	4689      	mov	r9, r1
1000360c:	4661      	mov	r1, ip
1000360e:	464b      	mov	r3, r9
10003610:	4019      	ands	r1, r3
10003612:	910f      	str	r1, [sp, #60]	@ 0x3c
10003614:	4663      	mov	r3, ip
10003616:	4649      	mov	r1, r9
10003618:	420b      	tst	r3, r1
1000361a:	d000      	beq.n	1000361e <_vsnprintf+0x1be>
1000361c:	e128      	b.n	10003870 <_vsnprintf+0x410>
1000361e:	9b0d      	ldr	r3, [sp, #52]	@ 0x34
10003620:	2b0a      	cmp	r3, #10
10003622:	d03a      	beq.n	1000369a <_vsnprintf+0x23a>
10003624:	2b07      	cmp	r3, #7
10003626:	d000      	beq.n	1000362a <_vsnprintf+0x1ca>
10003628:	e73b      	b.n	100034a2 <_vsnprintf+0x42>
1000362a:	9b0c      	ldr	r3, [sp, #48]	@ 0x30
1000362c:	0019      	movs	r1, r3
1000362e:	c908      	ldmia	r1!, {r3}
10003630:	4688      	mov	r8, r1
10003632:	2b00      	cmp	r3, #0
10003634:	d100      	bne.n	10003638 <_vsnprintf+0x1d8>
10003636:	e14b      	b.n	100038d0 <_vsnprintf+0x470>
10003638:	2021      	movs	r0, #33	@ 0x21
1000363a:	4302      	orrs	r2, r0
1000363c:	4691      	mov	r9, r2
1000363e:	a914      	add	r1, sp, #80	@ 0x50
10003640:	468c      	mov	ip, r1
10003642:	221f      	movs	r2, #31
10003644:	210f      	movs	r1, #15
10003646:	4462      	add	r2, ip
10003648:	468c      	mov	ip, r1
1000364a:	4651      	mov	r1, sl
1000364c:	950d      	str	r5, [sp, #52]	@ 0x34
1000364e:	910c      	str	r1, [sp, #48]	@ 0x30
10003650:	46a2      	mov	sl, r4
10003652:	0015      	movs	r5, r2
10003654:	990f      	ldr	r1, [sp, #60]	@ 0x3c
10003656:	e002      	b.n	1000365e <_vsnprintf+0x1fe>
10003658:	2920      	cmp	r1, #32
1000365a:	d00c      	beq.n	10003676 <_vsnprintf+0x216>
1000365c:	0013      	movs	r3, r2
1000365e:	4664      	mov	r4, ip
10003660:	401c      	ands	r4, r3
10003662:	0020      	movs	r0, r4
10003664:	3037      	adds	r0, #55	@ 0x37
10003666:	2c09      	cmp	r4, #9
10003668:	d800      	bhi.n	1000366c <_vsnprintf+0x20c>
1000366a:	3807      	subs	r0, #7
1000366c:	3101      	adds	r1, #1
1000366e:	5468      	strb	r0, [r5, r1]
10003670:	091a      	lsrs	r2, r3, #4
10003672:	2b0f      	cmp	r3, #15
10003674:	d8f0      	bhi.n	10003658 <_vsnprintf+0x1f8>
10003676:	9b0c      	ldr	r3, [sp, #48]	@ 0x30
10003678:	4654      	mov	r4, sl
1000367a:	9d0d      	ldr	r5, [sp, #52]	@ 0x34
1000367c:	469a      	mov	sl, r3
1000367e:	910f      	str	r1, [sp, #60]	@ 0x3c
10003680:	e133      	b.n	100038ea <_vsnprintf+0x48a>
10003682:	9b0c      	ldr	r3, [sp, #48]	@ 0x30
10003684:	cb02      	ldmia	r3!, {r1}
10003686:	4688      	mov	r8, r1
10003688:	2900      	cmp	r1, #0
1000368a:	db47      	blt.n	1000371c <_vsnprintf+0x2bc>
1000368c:	930c      	str	r3, [sp, #48]	@ 0x30
1000368e:	2301      	movs	r3, #1
10003690:	469c      	mov	ip, r3
10003692:	7870      	ldrb	r0, [r6, #1]
10003694:	464e      	mov	r6, r9
10003696:	44e1      	add	r9, ip
10003698:	e731      	b.n	100034fe <_vsnprintf+0x9e>
1000369a:	9b0c      	ldr	r3, [sp, #48]	@ 0x30
1000369c:	cb02      	ldmia	r3!, {r1}
1000369e:	9314      	str	r3, [sp, #80]	@ 0x50
100036a0:	4653      	mov	r3, sl
100036a2:	2b00      	cmp	r3, #0
100036a4:	d100      	bne.n	100036a8 <_vsnprintf+0x248>
100036a6:	e138      	b.n	1000391a <_vsnprintf+0x4ba>
100036a8:	469c      	mov	ip, r3
100036aa:	7808      	ldrb	r0, [r1, #0]
100036ac:	000b      	movs	r3, r1
100036ae:	900c      	str	r0, [sp, #48]	@ 0x30
100036b0:	448c      	add	ip, r1
100036b2:	2800      	cmp	r0, #0
100036b4:	d101      	bne.n	100036ba <_vsnprintf+0x25a>
100036b6:	f000 fc98 	bl	10003fea <_vsnprintf+0xb8a>
100036ba:	4689      	mov	r9, r1
100036bc:	4661      	mov	r1, ip
100036be:	4694      	mov	ip, r2
100036c0:	e003      	b.n	100036ca <_vsnprintf+0x26a>
100036c2:	785a      	ldrb	r2, [r3, #1]
100036c4:	3301      	adds	r3, #1
100036c6:	2a00      	cmp	r2, #0
100036c8:	d001      	beq.n	100036ce <_vsnprintf+0x26e>
100036ca:	428b      	cmp	r3, r1
100036cc:	d1f9      	bne.n	100036c2 <_vsnprintf+0x262>
100036ce:	4649      	mov	r1, r9
100036d0:	4662      	mov	r2, ip
100036d2:	1a5b      	subs	r3, r3, r1
100036d4:	900c      	str	r0, [sp, #48]	@ 0x30
100036d6:	930f      	str	r3, [sp, #60]	@ 0x3c
100036d8:	0553      	lsls	r3, r2, #21
100036da:	d500      	bpl.n	100036de <_vsnprintf+0x27e>
100036dc:	e120      	b.n	10003920 <_vsnprintf+0x4c0>
100036de:	2302      	movs	r3, #2
100036e0:	0018      	movs	r0, r3
100036e2:	4010      	ands	r0, r2
100036e4:	900d      	str	r0, [sp, #52]	@ 0x34
100036e6:	4213      	tst	r3, r2
100036e8:	d100      	bne.n	100036ec <_vsnprintf+0x28c>
100036ea:	e3cb      	b.n	10003e84 <_vsnprintf+0xa24>
100036ec:	930d      	str	r3, [sp, #52]	@ 0x34
100036ee:	1b0b      	subs	r3, r1, r4
100036f0:	46b1      	mov	r9, r6
100036f2:	469a      	mov	sl, r3
100036f4:	465e      	mov	r6, fp
100036f6:	980c      	ldr	r0, [sp, #48]	@ 0x30
100036f8:	0022      	movs	r2, r4
100036fa:	003b      	movs	r3, r7
100036fc:	0031      	movs	r1, r6
100036fe:	47a8      	blx	r5
10003700:	4653      	mov	r3, sl
10003702:	3401      	adds	r4, #1
10003704:	5d18      	ldrb	r0, [r3, r4]
10003706:	2800      	cmp	r0, #0
10003708:	d1f6      	bne.n	100036f8 <_vsnprintf+0x298>
1000370a:	46b3      	mov	fp, r6
1000370c:	464e      	mov	r6, r9
1000370e:	9b0d      	ldr	r3, [sp, #52]	@ 0x34
10003710:	2b00      	cmp	r3, #0
10003712:	d000      	beq.n	10003716 <_vsnprintf+0x2b6>
10003714:	e1c7      	b.n	10003aa6 <_vsnprintf+0x646>
10003716:	9b14      	ldr	r3, [sp, #80]	@ 0x50
10003718:	930c      	str	r3, [sp, #48]	@ 0x30
1000371a:	e6c9      	b.n	100034b0 <_vsnprintf+0x50>
1000371c:	930c      	str	r3, [sp, #48]	@ 0x30
1000371e:	2301      	movs	r3, #1
10003720:	469c      	mov	ip, r3
10003722:	3828      	subs	r0, #40	@ 0x28
10003724:	4249      	negs	r1, r1
10003726:	4302      	orrs	r2, r0
10003728:	4688      	mov	r8, r1
1000372a:	7870      	ldrb	r0, [r6, #1]
1000372c:	464e      	mov	r6, r9
1000372e:	44e1      	add	r9, ip
10003730:	e6e5      	b.n	100034fe <_vsnprintf+0x9e>
10003732:	7870      	ldrb	r0, [r6, #1]
10003734:	286c      	cmp	r0, #108	@ 0x6c
10003736:	d100      	bne.n	1000373a <_vsnprintf+0x2da>
10003738:	e17f      	b.n	10003a3a <_vsnprintf+0x5da>
1000373a:	2380      	movs	r3, #128	@ 0x80
1000373c:	005b      	lsls	r3, r3, #1
1000373e:	431a      	orrs	r2, r3
10003740:	3bff      	subs	r3, #255	@ 0xff
10003742:	469c      	mov	ip, r3
10003744:	44e1      	add	r9, ip
10003746:	e702      	b.n	1000354e <_vsnprintf+0xee>
10003748:	2380      	movs	r3, #128	@ 0x80
1000374a:	009b      	lsls	r3, r3, #2
1000374c:	431a      	orrs	r2, r3
1000374e:	2301      	movs	r3, #1
10003750:	469c      	mov	ip, r3
10003752:	7870      	ldrb	r0, [r6, #1]
10003754:	44e1      	add	r9, ip
10003756:	e6fa      	b.n	1000354e <_vsnprintf+0xee>
10003758:	7870      	ldrb	r0, [r6, #1]
1000375a:	2868      	cmp	r0, #104	@ 0x68
1000375c:	d100      	bne.n	10003760 <_vsnprintf+0x300>
1000375e:	e173      	b.n	10003a48 <_vsnprintf+0x5e8>
10003760:	2380      	movs	r3, #128	@ 0x80
10003762:	431a      	orrs	r2, r3
10003764:	3b7f      	subs	r3, #127	@ 0x7f
10003766:	469c      	mov	ip, r3
10003768:	44e1      	add	r9, ip
1000376a:	e6f0      	b.n	1000354e <_vsnprintf+0xee>
1000376c:	2867      	cmp	r0, #103	@ 0x67
1000376e:	d100      	bne.n	10003772 <_vsnprintf+0x312>
10003770:	e103      	b.n	1000397a <_vsnprintf+0x51a>
10003772:	2847      	cmp	r0, #71	@ 0x47
10003774:	d100      	bne.n	10003778 <_vsnprintf+0x318>
10003776:	e15a      	b.n	10003a2e <_vsnprintf+0x5ce>
10003778:	2845      	cmp	r0, #69	@ 0x45
1000377a:	d100      	bne.n	1000377e <_vsnprintf+0x31e>
1000377c:	e15a      	b.n	10003a34 <_vsnprintf+0x5d4>
1000377e:	9204      	str	r2, [sp, #16]
10003780:	2107      	movs	r1, #7
10003782:	4642      	mov	r2, r8
10003784:	9b0c      	ldr	r3, [sp, #48]	@ 0x30
10003786:	9203      	str	r2, [sp, #12]
10003788:	3307      	adds	r3, #7
1000378a:	4652      	mov	r2, sl
1000378c:	438b      	bics	r3, r1
1000378e:	0019      	movs	r1, r3
10003790:	9202      	str	r2, [sp, #8]
10003792:	c90c      	ldmia	r1!, {r2, r3}
10003794:	0028      	movs	r0, r5
10003796:	9200      	str	r2, [sp, #0]
10003798:	9301      	str	r3, [sp, #4]
1000379a:	910c      	str	r1, [sp, #48]	@ 0x30
1000379c:	0022      	movs	r2, r4
1000379e:	003b      	movs	r3, r7
100037a0:	4659      	mov	r1, fp
100037a2:	f7ff fb9f 	bl	10002ee4 <_etoa>
100037a6:	0004      	movs	r4, r0
100037a8:	e682      	b.n	100034b0 <_vsnprintf+0x50>
100037aa:	46c0      	nop			@ (mov r8, r8)
100037ac:	10003461 	.word	0x10003461
100037b0:	200020d4 	.word	0x200020d4
100037b4:	100076a4 	.word	0x100076a4
100037b8:	100076e8 	.word	0x100076e8
100037bc:	10007734 	.word	0x10007734
100037c0:	00009041 	.word	0x00009041
100037c4:	2846      	cmp	r0, #70	@ 0x46
100037c6:	d100      	bne.n	100037ca <_vsnprintf+0x36a>
100037c8:	e0db      	b.n	10003982 <_vsnprintf+0x522>
100037ca:	9204      	str	r2, [sp, #16]
100037cc:	2107      	movs	r1, #7
100037ce:	4642      	mov	r2, r8
100037d0:	9b0c      	ldr	r3, [sp, #48]	@ 0x30
100037d2:	9203      	str	r2, [sp, #12]
100037d4:	3307      	adds	r3, #7
100037d6:	4652      	mov	r2, sl
100037d8:	438b      	bics	r3, r1
100037da:	0019      	movs	r1, r3
100037dc:	9202      	str	r2, [sp, #8]
100037de:	c90c      	ldmia	r1!, {r2, r3}
100037e0:	0028      	movs	r0, r5
100037e2:	9200      	str	r2, [sp, #0]
100037e4:	9301      	str	r3, [sp, #4]
100037e6:	910c      	str	r1, [sp, #48]	@ 0x30
100037e8:	0022      	movs	r2, r4
100037ea:	003b      	movs	r3, r7
100037ec:	4659      	mov	r1, fp
100037ee:	f7ff f925 	bl	10002a3c <_ftoa>
100037f2:	0004      	movs	r4, r0
100037f4:	e65c      	b.n	100034b0 <_vsnprintf+0x50>
100037f6:	1c63      	adds	r3, r4, #1
100037f8:	4698      	mov	r8, r3
100037fa:	0022      	movs	r2, r4
100037fc:	003b      	movs	r3, r7
100037fe:	4659      	mov	r1, fp
10003800:	2025      	movs	r0, #37	@ 0x25
10003802:	47a8      	blx	r5
10003804:	4644      	mov	r4, r8
10003806:	e653      	b.n	100034b0 <_vsnprintf+0x50>
10003808:	9b0c      	ldr	r3, [sp, #48]	@ 0x30
1000380a:	3304      	adds	r3, #4
1000380c:	930d      	str	r3, [sp, #52]	@ 0x34
1000380e:	1c63      	adds	r3, r4, #1
10003810:	4699      	mov	r9, r3
10003812:	0792      	lsls	r2, r2, #30
10003814:	d400      	bmi.n	10003818 <_vsnprintf+0x3b8>
10003816:	e122      	b.n	10003a5e <_vsnprintf+0x5fe>
10003818:	9b0c      	ldr	r3, [sp, #48]	@ 0x30
1000381a:	0022      	movs	r2, r4
1000381c:	7818      	ldrb	r0, [r3, #0]
1000381e:	4659      	mov	r1, fp
10003820:	003b      	movs	r3, r7
10003822:	47a8      	blx	r5
10003824:	4643      	mov	r3, r8
10003826:	4444      	add	r4, r8
10003828:	2b01      	cmp	r3, #1
1000382a:	d800      	bhi.n	1000382e <_vsnprintf+0x3ce>
1000382c:	e285      	b.n	10003d3a <_vsnprintf+0x8da>
1000382e:	0033      	movs	r3, r6
10003830:	46b8      	mov	r8, r7
10003832:	002e      	movs	r6, r5
10003834:	465f      	mov	r7, fp
10003836:	0025      	movs	r5, r4
10003838:	464c      	mov	r4, r9
1000383a:	4699      	mov	r9, r3
1000383c:	0022      	movs	r2, r4
1000383e:	4643      	mov	r3, r8
10003840:	3401      	adds	r4, #1
10003842:	0039      	movs	r1, r7
10003844:	2020      	movs	r0, #32
10003846:	47b0      	blx	r6
10003848:	42ac      	cmp	r4, r5
1000384a:	d1f7      	bne.n	1000383c <_vsnprintf+0x3dc>
1000384c:	002c      	movs	r4, r5
1000384e:	46bb      	mov	fp, r7
10003850:	0035      	movs	r5, r6
10003852:	4647      	mov	r7, r8
10003854:	464e      	mov	r6, r9
10003856:	9b0d      	ldr	r3, [sp, #52]	@ 0x34
10003858:	930c      	str	r3, [sp, #48]	@ 0x30
1000385a:	e629      	b.n	100034b0 <_vsnprintf+0x50>
1000385c:	4bdb      	ldr	r3, [pc, #876]	@ (10003bcc <_vsnprintf+0x76c>)
1000385e:	7830      	ldrb	r0, [r6, #0]
10003860:	4698      	mov	r8, r3
10003862:	2300      	movs	r3, #0
10003864:	4699      	mov	r9, r3
10003866:	2800      	cmp	r0, #0
10003868:	d000      	beq.n	1000386c <_vsnprintf+0x40c>
1000386a:	e612      	b.n	10003492 <_vsnprintf+0x32>
1000386c:	2400      	movs	r4, #0
1000386e:	e6ae      	b.n	100035ce <_vsnprintf+0x16e>
10003870:	286f      	cmp	r0, #111	@ 0x6f
10003872:	d100      	bne.n	10003876 <_vsnprintf+0x416>
10003874:	e088      	b.n	10003988 <_vsnprintf+0x528>
10003876:	d800      	bhi.n	1000387a <_vsnprintf+0x41a>
10003878:	e30b      	b.n	10003e92 <_vsnprintf+0xa32>
1000387a:	2310      	movs	r3, #16
1000387c:	2878      	cmp	r0, #120	@ 0x78
1000387e:	d100      	bne.n	10003882 <_vsnprintf+0x422>
10003880:	e0cf      	b.n	10003a22 <_vsnprintf+0x5c2>
10003882:	439a      	bics	r2, r3
10003884:	230a      	movs	r3, #10
10003886:	469c      	mov	ip, r3
10003888:	2300      	movs	r3, #0
1000388a:	930f      	str	r3, [sp, #60]	@ 0x3c
1000388c:	330a      	adds	r3, #10
1000388e:	930d      	str	r3, [sp, #52]	@ 0x34
10003890:	e080      	b.n	10003994 <_vsnprintf+0x534>
10003892:	4656      	mov	r6, sl
10003894:	00b1      	lsls	r1, r6, #2
10003896:	1989      	adds	r1, r1, r6
10003898:	0049      	lsls	r1, r1, #1
1000389a:	3301      	adds	r3, #1
1000389c:	180e      	adds	r6, r1, r0
1000389e:	7818      	ldrb	r0, [r3, #0]
100038a0:	3e30      	subs	r6, #48	@ 0x30
100038a2:	0001      	movs	r1, r0
100038a4:	3930      	subs	r1, #48	@ 0x30
100038a6:	2909      	cmp	r1, #9
100038a8:	d9f4      	bls.n	10003894 <_vsnprintf+0x434>
100038aa:	46b2      	mov	sl, r6
100038ac:	001e      	movs	r6, r3
100038ae:	3301      	adds	r3, #1
100038b0:	4699      	mov	r9, r3
100038b2:	e628      	b.n	10003506 <_vsnprintf+0xa6>
100038b4:	9b0c      	ldr	r3, [sp, #48]	@ 0x30
100038b6:	3602      	adds	r6, #2
100038b8:	cb02      	ldmia	r3!, {r1}
100038ba:	468a      	mov	sl, r1
100038bc:	43c9      	mvns	r1, r1
100038be:	4650      	mov	r0, sl
100038c0:	17c9      	asrs	r1, r1, #31
100038c2:	4008      	ands	r0, r1
100038c4:	4682      	mov	sl, r0
100038c6:	930c      	str	r3, [sp, #48]	@ 0x30
100038c8:	7830      	ldrb	r0, [r6, #0]
100038ca:	1c73      	adds	r3, r6, #1
100038cc:	4699      	mov	r9, r3
100038ce:	e61a      	b.n	10003506 <_vsnprintf+0xa6>
100038d0:	2310      	movs	r3, #16
100038d2:	0010      	movs	r0, r2
100038d4:	4398      	bics	r0, r3
100038d6:	3311      	adds	r3, #17
100038d8:	4318      	orrs	r0, r3
100038da:	4681      	mov	r9, r0
100038dc:	2080      	movs	r0, #128	@ 0x80
100038de:	0013      	movs	r3, r2
100038e0:	00c0      	lsls	r0, r0, #3
100038e2:	4003      	ands	r3, r0
100038e4:	4202      	tst	r2, r0
100038e6:	d100      	bne.n	100038ea <_vsnprintf+0x48a>
100038e8:	e6a9      	b.n	1000363e <_vsnprintf+0x1de>
100038ea:	464b      	mov	r3, r9
100038ec:	9306      	str	r3, [sp, #24]
100038ee:	2308      	movs	r3, #8
100038f0:	9305      	str	r3, [sp, #20]
100038f2:	4653      	mov	r3, sl
100038f4:	9304      	str	r3, [sp, #16]
100038f6:	2310      	movs	r3, #16
100038f8:	9303      	str	r3, [sp, #12]
100038fa:	2300      	movs	r3, #0
100038fc:	9302      	str	r3, [sp, #8]
100038fe:	9b0f      	ldr	r3, [sp, #60]	@ 0x3c
10003900:	0022      	movs	r2, r4
10003902:	9301      	str	r3, [sp, #4]
10003904:	ab1c      	add	r3, sp, #112	@ 0x70
10003906:	9300      	str	r3, [sp, #0]
10003908:	4659      	mov	r1, fp
1000390a:	003b      	movs	r3, r7
1000390c:	0028      	movs	r0, r5
1000390e:	f7fe ff9f 	bl	10002850 <_ntoa_format>
10003912:	4643      	mov	r3, r8
10003914:	0004      	movs	r4, r0
10003916:	930c      	str	r3, [sp, #48]	@ 0x30
10003918:	e5ca      	b.n	100034b0 <_vsnprintf+0x50>
1000391a:	2301      	movs	r3, #1
1000391c:	425b      	negs	r3, r3
1000391e:	e6c3      	b.n	100036a8 <_vsnprintf+0x248>
10003920:	9b0f      	ldr	r3, [sp, #60]	@ 0x3c
10003922:	4553      	cmp	r3, sl
10003924:	d901      	bls.n	1000392a <_vsnprintf+0x4ca>
10003926:	4653      	mov	r3, sl
10003928:	930f      	str	r3, [sp, #60]	@ 0x3c
1000392a:	2302      	movs	r3, #2
1000392c:	0018      	movs	r0, r3
1000392e:	4010      	ands	r0, r2
10003930:	900d      	str	r0, [sp, #52]	@ 0x34
10003932:	4213      	tst	r3, r2
10003934:	d100      	bne.n	10003938 <_vsnprintf+0x4d8>
10003936:	e1b7      	b.n	10003ca8 <_vsnprintf+0x848>
10003938:	930d      	str	r3, [sp, #52]	@ 0x34
1000393a:	46d1      	mov	r9, sl
1000393c:	1b0b      	subs	r3, r1, r4
1000393e:	469a      	mov	sl, r3
10003940:	0033      	movs	r3, r6
10003942:	44a1      	add	r9, r4
10003944:	002e      	movs	r6, r5
10003946:	0022      	movs	r2, r4
10003948:	464d      	mov	r5, r9
1000394a:	980c      	ldr	r0, [sp, #48]	@ 0x30
1000394c:	46b9      	mov	r9, r7
1000394e:	465f      	mov	r7, fp
10003950:	469b      	mov	fp, r3
10003952:	e008      	b.n	10003966 <_vsnprintf+0x506>
10003954:	464b      	mov	r3, r9
10003956:	0039      	movs	r1, r7
10003958:	1c54      	adds	r4, r2, #1
1000395a:	47b0      	blx	r6
1000395c:	4653      	mov	r3, sl
1000395e:	5d18      	ldrb	r0, [r3, r4]
10003960:	2800      	cmp	r0, #0
10003962:	d077      	beq.n	10003a54 <_vsnprintf+0x5f4>
10003964:	0022      	movs	r2, r4
10003966:	4295      	cmp	r5, r2
10003968:	d1f4      	bne.n	10003954 <_vsnprintf+0x4f4>
1000396a:	465b      	mov	r3, fp
1000396c:	46bb      	mov	fp, r7
1000396e:	464f      	mov	r7, r9
10003970:	46a9      	mov	r9, r5
10003972:	0035      	movs	r5, r6
10003974:	464c      	mov	r4, r9
10003976:	001e      	movs	r6, r3
10003978:	e6c9      	b.n	1000370e <_vsnprintf+0x2ae>
1000397a:	2380      	movs	r3, #128	@ 0x80
1000397c:	011b      	lsls	r3, r3, #4
1000397e:	431a      	orrs	r2, r3
10003980:	e6fd      	b.n	1000377e <_vsnprintf+0x31e>
10003982:	2320      	movs	r3, #32
10003984:	431a      	orrs	r2, r3
10003986:	e720      	b.n	100037ca <_vsnprintf+0x36a>
10003988:	2308      	movs	r3, #8
1000398a:	469c      	mov	ip, r3
1000398c:	2300      	movs	r3, #0
1000398e:	930f      	str	r3, [sp, #60]	@ 0x3c
10003990:	3308      	adds	r3, #8
10003992:	930d      	str	r3, [sp, #52]	@ 0x34
10003994:	2380      	movs	r3, #128	@ 0x80
10003996:	0011      	movs	r1, r2
10003998:	00db      	lsls	r3, r3, #3
1000399a:	4019      	ands	r1, r3
1000399c:	421a      	tst	r2, r3
1000399e:	d100      	bne.n	100039a2 <_vsnprintf+0x542>
100039a0:	e116      	b.n	10003bd0 <_vsnprintf+0x770>
100039a2:	230d      	movs	r3, #13
100039a4:	439a      	bics	r2, r3
100039a6:	0010      	movs	r0, r2
100039a8:	2380      	movs	r3, #128	@ 0x80
100039aa:	0002      	movs	r2, r0
100039ac:	009b      	lsls	r3, r3, #2
100039ae:	401a      	ands	r2, r3
100039b0:	9214      	str	r2, [sp, #80]	@ 0x50
100039b2:	4218      	tst	r0, r3
100039b4:	d000      	beq.n	100039b8 <_vsnprintf+0x558>
100039b6:	e1c2      	b.n	10003d3e <_vsnprintf+0x8de>
100039b8:	2380      	movs	r3, #128	@ 0x80
100039ba:	0002      	movs	r2, r0
100039bc:	005b      	lsls	r3, r3, #1
100039be:	401a      	ands	r2, r3
100039c0:	4691      	mov	r9, r2
100039c2:	9a0c      	ldr	r2, [sp, #48]	@ 0x30
100039c4:	3204      	adds	r2, #4
100039c6:	920f      	str	r2, [sp, #60]	@ 0x3c
100039c8:	4218      	tst	r0, r3
100039ca:	d000      	beq.n	100039ce <_vsnprintf+0x56e>
100039cc:	e2b7      	b.n	10003f3e <_vsnprintf+0xade>
100039ce:	0643      	lsls	r3, r0, #25
100039d0:	d500      	bpl.n	100039d4 <_vsnprintf+0x574>
100039d2:	e19f      	b.n	10003d14 <_vsnprintf+0x8b4>
100039d4:	0603      	lsls	r3, r0, #24
100039d6:	d400      	bmi.n	100039da <_vsnprintf+0x57a>
100039d8:	e319      	b.n	1000400e <_vsnprintf+0xbae>
100039da:	9b0c      	ldr	r3, [sp, #48]	@ 0x30
100039dc:	881b      	ldrh	r3, [r3, #0]
100039de:	9309      	str	r3, [sp, #36]	@ 0x24
100039e0:	2b00      	cmp	r3, #0
100039e2:	d000      	beq.n	100039e6 <_vsnprintf+0x586>
100039e4:	e1fc      	b.n	10003de0 <_vsnprintf+0x980>
100039e6:	3310      	adds	r3, #16
100039e8:	4398      	bics	r0, r3
100039ea:	2900      	cmp	r1, #0
100039ec:	d100      	bne.n	100039f0 <_vsnprintf+0x590>
100039ee:	e1f7      	b.n	10003de0 <_vsnprintf+0x980>
100039f0:	2300      	movs	r3, #0
100039f2:	4699      	mov	r9, r3
100039f4:	4643      	mov	r3, r8
100039f6:	9305      	str	r3, [sp, #20]
100039f8:	4653      	mov	r3, sl
100039fa:	9304      	str	r3, [sp, #16]
100039fc:	9b0d      	ldr	r3, [sp, #52]	@ 0x34
100039fe:	9006      	str	r0, [sp, #24]
10003a00:	9303      	str	r3, [sp, #12]
10003a02:	2300      	movs	r3, #0
10003a04:	e0d2      	b.n	10003bac <_vsnprintf+0x74c>
10003a06:	2858      	cmp	r0, #88	@ 0x58
10003a08:	d008      	beq.n	10003a1c <_vsnprintf+0x5bc>
10003a0a:	2862      	cmp	r0, #98	@ 0x62
10003a0c:	d167      	bne.n	10003ade <_vsnprintf+0x67e>
10003a0e:	2302      	movs	r3, #2
10003a10:	469c      	mov	ip, r3
10003a12:	2300      	movs	r3, #0
10003a14:	930f      	str	r3, [sp, #60]	@ 0x3c
10003a16:	3302      	adds	r3, #2
10003a18:	930d      	str	r3, [sp, #52]	@ 0x34
10003a1a:	e7bb      	b.n	10003994 <_vsnprintf+0x534>
10003a1c:	2320      	movs	r3, #32
10003a1e:	431a      	orrs	r2, r3
10003a20:	3b10      	subs	r3, #16
10003a22:	469c      	mov	ip, r3
10003a24:	2300      	movs	r3, #0
10003a26:	930f      	str	r3, [sp, #60]	@ 0x3c
10003a28:	3310      	adds	r3, #16
10003a2a:	930d      	str	r3, [sp, #52]	@ 0x34
10003a2c:	e7b2      	b.n	10003994 <_vsnprintf+0x534>
10003a2e:	2380      	movs	r3, #128	@ 0x80
10003a30:	011b      	lsls	r3, r3, #4
10003a32:	431a      	orrs	r2, r3
10003a34:	2320      	movs	r3, #32
10003a36:	431a      	orrs	r2, r3
10003a38:	e6a1      	b.n	1000377e <_vsnprintf+0x31e>
10003a3a:	23c0      	movs	r3, #192	@ 0xc0
10003a3c:	009b      	lsls	r3, r3, #2
10003a3e:	431a      	orrs	r2, r3
10003a40:	1cf3      	adds	r3, r6, #3
10003a42:	4699      	mov	r9, r3
10003a44:	78b0      	ldrb	r0, [r6, #2]
10003a46:	e582      	b.n	1000354e <_vsnprintf+0xee>
10003a48:	23c0      	movs	r3, #192	@ 0xc0
10003a4a:	431a      	orrs	r2, r3
10003a4c:	1cf3      	adds	r3, r6, #3
10003a4e:	4699      	mov	r9, r3
10003a50:	78b0      	ldrb	r0, [r6, #2]
10003a52:	e57c      	b.n	1000354e <_vsnprintf+0xee>
10003a54:	0035      	movs	r5, r6
10003a56:	465e      	mov	r6, fp
10003a58:	46bb      	mov	fp, r7
10003a5a:	464f      	mov	r7, r9
10003a5c:	e657      	b.n	1000370e <_vsnprintf+0x2ae>
10003a5e:	4643      	mov	r3, r8
10003a60:	2b01      	cmp	r3, #1
10003a62:	d800      	bhi.n	10003a66 <_vsnprintf+0x606>
10003a64:	e163      	b.n	10003d2e <_vsnprintf+0x8ce>
10003a66:	1e63      	subs	r3, r4, #1
10003a68:	4443      	add	r3, r8
10003a6a:	469a      	mov	sl, r3
10003a6c:	0033      	movs	r3, r6
10003a6e:	46b9      	mov	r9, r7
10003a70:	002e      	movs	r6, r5
10003a72:	465f      	mov	r7, fp
10003a74:	4655      	mov	r5, sl
10003a76:	469b      	mov	fp, r3
10003a78:	46a2      	mov	sl, r4
10003a7a:	0022      	movs	r2, r4
10003a7c:	464b      	mov	r3, r9
10003a7e:	3401      	adds	r4, #1
10003a80:	0039      	movs	r1, r7
10003a82:	2020      	movs	r0, #32
10003a84:	47b0      	blx	r6
10003a86:	42ac      	cmp	r4, r5
10003a88:	d1f7      	bne.n	10003a7a <_vsnprintf+0x61a>
10003a8a:	0035      	movs	r5, r6
10003a8c:	465e      	mov	r6, fp
10003a8e:	46bb      	mov	fp, r7
10003a90:	464f      	mov	r7, r9
10003a92:	46a1      	mov	r9, r4
10003a94:	4654      	mov	r4, sl
10003a96:	9b0c      	ldr	r3, [sp, #48]	@ 0x30
10003a98:	464a      	mov	r2, r9
10003a9a:	7818      	ldrb	r0, [r3, #0]
10003a9c:	4659      	mov	r1, fp
10003a9e:	003b      	movs	r3, r7
10003aa0:	4444      	add	r4, r8
10003aa2:	47a8      	blx	r5
10003aa4:	e6d7      	b.n	10003856 <_vsnprintf+0x3f6>
10003aa6:	46a1      	mov	r9, r4
10003aa8:	9b0f      	ldr	r3, [sp, #60]	@ 0x3c
10003aaa:	4598      	cmp	r8, r3
10003aac:	d800      	bhi.n	10003ab0 <_vsnprintf+0x650>
10003aae:	e632      	b.n	10003716 <_vsnprintf+0x2b6>
10003ab0:	4444      	add	r4, r8
10003ab2:	1ae4      	subs	r4, r4, r3
10003ab4:	0033      	movs	r3, r6
10003ab6:	46b8      	mov	r8, r7
10003ab8:	002e      	movs	r6, r5
10003aba:	465f      	mov	r7, fp
10003abc:	0025      	movs	r5, r4
10003abe:	464c      	mov	r4, r9
10003ac0:	4699      	mov	r9, r3
10003ac2:	0022      	movs	r2, r4
10003ac4:	4643      	mov	r3, r8
10003ac6:	3401      	adds	r4, #1
10003ac8:	0039      	movs	r1, r7
10003aca:	2020      	movs	r0, #32
10003acc:	47b0      	blx	r6
10003ace:	42ac      	cmp	r4, r5
10003ad0:	d1f7      	bne.n	10003ac2 <_vsnprintf+0x662>
10003ad2:	002c      	movs	r4, r5
10003ad4:	46bb      	mov	fp, r7
10003ad6:	0035      	movs	r5, r6
10003ad8:	4647      	mov	r7, r8
10003ada:	464e      	mov	r6, r9
10003adc:	e61b      	b.n	10003716 <_vsnprintf+0x2b6>
10003ade:	2380      	movs	r3, #128	@ 0x80
10003ae0:	0010      	movs	r0, r2
10003ae2:	00db      	lsls	r3, r3, #3
10003ae4:	4018      	ands	r0, r3
10003ae6:	421a      	tst	r2, r3
10003ae8:	d100      	bne.n	10003aec <_vsnprintf+0x68c>
10003aea:	e10f      	b.n	10003d0c <_vsnprintf+0x8ac>
10003aec:	2111      	movs	r1, #17
10003aee:	0018      	movs	r0, r3
10003af0:	438a      	bics	r2, r1
10003af2:	920d      	str	r2, [sp, #52]	@ 0x34
10003af4:	9a0d      	ldr	r2, [sp, #52]	@ 0x34
10003af6:	2380      	movs	r3, #128	@ 0x80
10003af8:	0011      	movs	r1, r2
10003afa:	009b      	lsls	r3, r3, #2
10003afc:	4019      	ands	r1, r3
10003afe:	468c      	mov	ip, r1
10003b00:	421a      	tst	r2, r3
10003b02:	d169      	bne.n	10003bd8 <_vsnprintf+0x778>
10003b04:	2380      	movs	r3, #128	@ 0x80
10003b06:	0011      	movs	r1, r2
10003b08:	005b      	lsls	r3, r3, #1
10003b0a:	4019      	ands	r1, r3
10003b0c:	4689      	mov	r9, r1
10003b0e:	990c      	ldr	r1, [sp, #48]	@ 0x30
10003b10:	3104      	adds	r1, #4
10003b12:	910f      	str	r1, [sp, #60]	@ 0x3c
10003b14:	421a      	tst	r2, r3
10003b16:	d000      	beq.n	10003b1a <_vsnprintf+0x6ba>
10003b18:	e1ca      	b.n	10003eb0 <_vsnprintf+0xa50>
10003b1a:	0013      	movs	r3, r2
10003b1c:	065b      	lsls	r3, r3, #25
10003b1e:	d500      	bpl.n	10003b22 <_vsnprintf+0x6c2>
10003b20:	e0f0      	b.n	10003d04 <_vsnprintf+0x8a4>
10003b22:	0013      	movs	r3, r2
10003b24:	061b      	lsls	r3, r3, #24
10003b26:	d400      	bmi.n	10003b2a <_vsnprintf+0x6ca>
10003b28:	e259      	b.n	10003fde <_vsnprintf+0xb7e>
10003b2a:	9b0c      	ldr	r3, [sp, #48]	@ 0x30
10003b2c:	2200      	movs	r2, #0
10003b2e:	5e9b      	ldrsh	r3, [r3, r2]
10003b30:	17d9      	asrs	r1, r3, #31
10003b32:	185a      	adds	r2, r3, r1
10003b34:	404a      	eors	r2, r1
10003b36:	b292      	uxth	r2, r2
10003b38:	0fd9      	lsrs	r1, r3, #31
10003b3a:	910c      	str	r1, [sp, #48]	@ 0x30
10003b3c:	2b00      	cmp	r3, #0
10003b3e:	d100      	bne.n	10003b42 <_vsnprintf+0x6e2>
10003b40:	e1f9      	b.n	10003f36 <_vsnprintf+0xad6>
10003b42:	0010      	movs	r0, r2
10003b44:	aa14      	add	r2, sp, #80	@ 0x50
10003b46:	4694      	mov	ip, r2
10003b48:	4642      	mov	r2, r8
10003b4a:	231f      	movs	r3, #31
10003b4c:	9214      	str	r2, [sp, #80]	@ 0x50
10003b4e:	4652      	mov	r2, sl
10003b50:	4463      	add	r3, ip
10003b52:	46a8      	mov	r8, r5
10003b54:	9416      	str	r4, [sp, #88]	@ 0x58
10003b56:	464d      	mov	r5, r9
10003b58:	0004      	movs	r4, r0
10003b5a:	46b9      	mov	r9, r7
10003b5c:	46b2      	mov	sl, r6
10003b5e:	001f      	movs	r7, r3
10003b60:	9215      	str	r2, [sp, #84]	@ 0x54
10003b62:	e001      	b.n	10003b68 <_vsnprintf+0x708>
10003b64:	2d20      	cmp	r5, #32
10003b66:	d00f      	beq.n	10003b88 <_vsnprintf+0x728>
10003b68:	0020      	movs	r0, r4
10003b6a:	210a      	movs	r1, #10
10003b6c:	f7fd ff24 	bl	100019b8 <__wrap___aeabi_uidiv>
10003b70:	3501      	adds	r5, #1
10003b72:	197e      	adds	r6, r7, r5
10003b74:	3130      	adds	r1, #48	@ 0x30
10003b76:	7031      	strb	r1, [r6, #0]
10003b78:	0020      	movs	r0, r4
10003b7a:	210a      	movs	r1, #10
10003b7c:	f7fd ff1c 	bl	100019b8 <__wrap___aeabi_uidiv>
10003b80:	0026      	movs	r6, r4
10003b82:	0004      	movs	r4, r0
10003b84:	2e09      	cmp	r6, #9
10003b86:	d8ed      	bhi.n	10003b64 <_vsnprintf+0x704>
10003b88:	9b14      	ldr	r3, [sp, #80]	@ 0x50
10003b8a:	464f      	mov	r7, r9
10003b8c:	46a9      	mov	r9, r5
10003b8e:	4645      	mov	r5, r8
10003b90:	4698      	mov	r8, r3
10003b92:	9b15      	ldr	r3, [sp, #84]	@ 0x54
10003b94:	4656      	mov	r6, sl
10003b96:	469a      	mov	sl, r3
10003b98:	9c16      	ldr	r4, [sp, #88]	@ 0x58
10003b9a:	9b0d      	ldr	r3, [sp, #52]	@ 0x34
10003b9c:	9306      	str	r3, [sp, #24]
10003b9e:	4643      	mov	r3, r8
10003ba0:	9305      	str	r3, [sp, #20]
10003ba2:	4653      	mov	r3, sl
10003ba4:	9304      	str	r3, [sp, #16]
10003ba6:	230a      	movs	r3, #10
10003ba8:	9303      	str	r3, [sp, #12]
10003baa:	9b0c      	ldr	r3, [sp, #48]	@ 0x30
10003bac:	9302      	str	r3, [sp, #8]
10003bae:	464b      	mov	r3, r9
10003bb0:	9301      	str	r3, [sp, #4]
10003bb2:	ab1c      	add	r3, sp, #112	@ 0x70
10003bb4:	0022      	movs	r2, r4
10003bb6:	9300      	str	r3, [sp, #0]
10003bb8:	4659      	mov	r1, fp
10003bba:	003b      	movs	r3, r7
10003bbc:	0028      	movs	r0, r5
10003bbe:	f7fe fe47 	bl	10002850 <_ntoa_format>
10003bc2:	9b0f      	ldr	r3, [sp, #60]	@ 0x3c
10003bc4:	0004      	movs	r4, r0
10003bc6:	930c      	str	r3, [sp, #48]	@ 0x30
10003bc8:	e472      	b.n	100034b0 <_vsnprintf+0x50>
10003bca:	46c0      	nop			@ (mov r8, r8)
10003bcc:	100027a1 	.word	0x100027a1
10003bd0:	230c      	movs	r3, #12
10003bd2:	439a      	bics	r2, r3
10003bd4:	0010      	movs	r0, r2
10003bd6:	e6e7      	b.n	100039a8 <_vsnprintf+0x548>
10003bd8:	2207      	movs	r2, #7
10003bda:	9b0c      	ldr	r3, [sp, #48]	@ 0x30
10003bdc:	3307      	adds	r3, #7
10003bde:	4393      	bics	r3, r2
10003be0:	3201      	adds	r2, #1
10003be2:	4694      	mov	ip, r2
10003be4:	449c      	add	ip, r3
10003be6:	4662      	mov	r2, ip
10003be8:	920c      	str	r2, [sp, #48]	@ 0x30
10003bea:	cb0c      	ldmia	r3, {r2, r3}
10003bec:	0fd9      	lsrs	r1, r3, #31
10003bee:	910f      	str	r1, [sp, #60]	@ 0x3c
10003bf0:	0011      	movs	r1, r2
10003bf2:	4319      	orrs	r1, r3
10003bf4:	d100      	bne.n	10003bf8 <_vsnprintf+0x798>
10003bf6:	e091      	b.n	10003d1c <_vsnprintf+0x8bc>
10003bf8:	17d9      	asrs	r1, r3, #31
10003bfa:	9113      	str	r1, [sp, #76]	@ 0x4c
10003bfc:	9112      	str	r1, [sp, #72]	@ 0x48
10003bfe:	4051      	eors	r1, r2
10003c00:	9110      	str	r1, [sp, #64]	@ 0x40
10003c02:	9913      	ldr	r1, [sp, #76]	@ 0x4c
10003c04:	4059      	eors	r1, r3
10003c06:	9111      	str	r1, [sp, #68]	@ 0x44
10003c08:	9810      	ldr	r0, [sp, #64]	@ 0x40
10003c0a:	9911      	ldr	r1, [sp, #68]	@ 0x44
10003c0c:	9a12      	ldr	r2, [sp, #72]	@ 0x48
10003c0e:	9b13      	ldr	r3, [sp, #76]	@ 0x4c
10003c10:	1a80      	subs	r0, r0, r2
10003c12:	4199      	sbcs	r1, r3
10003c14:	9010      	str	r0, [sp, #64]	@ 0x40
10003c16:	9111      	str	r1, [sp, #68]	@ 0x44
10003c18:	aa14      	add	r2, sp, #80	@ 0x50
10003c1a:	2300      	movs	r3, #0
10003c1c:	4694      	mov	ip, r2
10003c1e:	4642      	mov	r2, r8
10003c20:	4699      	mov	r9, r3
10003c22:	9214      	str	r2, [sp, #80]	@ 0x50
10003c24:	4652      	mov	r2, sl
10003c26:	331f      	adds	r3, #31
10003c28:	4463      	add	r3, ip
10003c2a:	46a8      	mov	r8, r5
10003c2c:	46b2      	mov	sl, r6
10003c2e:	9416      	str	r4, [sp, #88]	@ 0x58
10003c30:	464e      	mov	r6, r9
10003c32:	9c10      	ldr	r4, [sp, #64]	@ 0x40
10003c34:	9d11      	ldr	r5, [sp, #68]	@ 0x44
10003c36:	46b9      	mov	r9, r7
10003c38:	9215      	str	r2, [sp, #84]	@ 0x54
10003c3a:	001f      	movs	r7, r3
10003c3c:	e001      	b.n	10003c42 <_vsnprintf+0x7e2>
10003c3e:	2e20      	cmp	r6, #32
10003c40:	d010      	beq.n	10003c64 <_vsnprintf+0x804>
10003c42:	0020      	movs	r0, r4
10003c44:	0029      	movs	r1, r5
10003c46:	220a      	movs	r2, #10
10003c48:	2300      	movs	r3, #0
10003c4a:	f7fd fef3 	bl	10001a34 <__wrap___aeabi_uldivmod>
10003c4e:	3601      	adds	r6, #1
10003c50:	3230      	adds	r2, #48	@ 0x30
10003c52:	002b      	movs	r3, r5
10003c54:	55ba      	strb	r2, [r7, r6]
10003c56:	000d      	movs	r5, r1
10003c58:	0022      	movs	r2, r4
10003c5a:	0004      	movs	r4, r0
10003c5c:	2b00      	cmp	r3, #0
10003c5e:	d1ee      	bne.n	10003c3e <_vsnprintf+0x7de>
10003c60:	2a09      	cmp	r2, #9
10003c62:	d8ec      	bhi.n	10003c3e <_vsnprintf+0x7de>
10003c64:	9b14      	ldr	r3, [sp, #80]	@ 0x50
10003c66:	9410      	str	r4, [sp, #64]	@ 0x40
10003c68:	9511      	str	r5, [sp, #68]	@ 0x44
10003c6a:	4645      	mov	r5, r8
10003c6c:	4698      	mov	r8, r3
10003c6e:	9b15      	ldr	r3, [sp, #84]	@ 0x54
10003c70:	464f      	mov	r7, r9
10003c72:	46b1      	mov	r9, r6
10003c74:	4656      	mov	r6, sl
10003c76:	469a      	mov	sl, r3
10003c78:	9c16      	ldr	r4, [sp, #88]	@ 0x58
10003c7a:	9b0d      	ldr	r3, [sp, #52]	@ 0x34
10003c7c:	9306      	str	r3, [sp, #24]
10003c7e:	4643      	mov	r3, r8
10003c80:	9305      	str	r3, [sp, #20]
10003c82:	4653      	mov	r3, sl
10003c84:	9304      	str	r3, [sp, #16]
10003c86:	230a      	movs	r3, #10
10003c88:	9303      	str	r3, [sp, #12]
10003c8a:	9b0f      	ldr	r3, [sp, #60]	@ 0x3c
10003c8c:	9302      	str	r3, [sp, #8]
10003c8e:	464b      	mov	r3, r9
10003c90:	9301      	str	r3, [sp, #4]
10003c92:	ab1c      	add	r3, sp, #112	@ 0x70
10003c94:	0022      	movs	r2, r4
10003c96:	9300      	str	r3, [sp, #0]
10003c98:	4659      	mov	r1, fp
10003c9a:	003b      	movs	r3, r7
10003c9c:	0028      	movs	r0, r5
10003c9e:	f7fe fdd7 	bl	10002850 <_ntoa_format>
10003ca2:	0004      	movs	r4, r0
10003ca4:	f7ff fc04 	bl	100034b0 <_vsnprintf+0x50>
10003ca8:	9b0f      	ldr	r3, [sp, #60]	@ 0x3c
10003caa:	4598      	cmp	r8, r3
10003cac:	d800      	bhi.n	10003cb0 <_vsnprintf+0x850>
10003cae:	e1c1      	b.n	10004034 <_vsnprintf+0xbd4>
10003cb0:	2380      	movs	r3, #128	@ 0x80
10003cb2:	00db      	lsls	r3, r3, #3
10003cb4:	930d      	str	r3, [sp, #52]	@ 0x34
10003cb6:	4643      	mov	r3, r8
10003cb8:	9a0f      	ldr	r2, [sp, #60]	@ 0x3c
10003cba:	191b      	adds	r3, r3, r4
10003cbc:	1a9b      	subs	r3, r3, r2
10003cbe:	4699      	mov	r9, r3
10003cc0:	0033      	movs	r3, r6
10003cc2:	002e      	movs	r6, r5
10003cc4:	464d      	mov	r5, r9
10003cc6:	46b9      	mov	r9, r7
10003cc8:	465f      	mov	r7, fp
10003cca:	469b      	mov	fp, r3
10003ccc:	910c      	str	r1, [sp, #48]	@ 0x30
10003cce:	0022      	movs	r2, r4
10003cd0:	464b      	mov	r3, r9
10003cd2:	3401      	adds	r4, #1
10003cd4:	0039      	movs	r1, r7
10003cd6:	2020      	movs	r0, #32
10003cd8:	47b0      	blx	r6
10003cda:	42ac      	cmp	r4, r5
10003cdc:	d1f7      	bne.n	10003cce <_vsnprintf+0x86e>
10003cde:	4643      	mov	r3, r8
10003ce0:	990c      	ldr	r1, [sp, #48]	@ 0x30
10003ce2:	3301      	adds	r3, #1
10003ce4:	930f      	str	r3, [sp, #60]	@ 0x3c
10003ce6:	780b      	ldrb	r3, [r1, #0]
10003ce8:	0035      	movs	r5, r6
10003cea:	930c      	str	r3, [sp, #48]	@ 0x30
10003cec:	465e      	mov	r6, fp
10003cee:	46bb      	mov	fp, r7
10003cf0:	464f      	mov	r7, r9
10003cf2:	2b00      	cmp	r3, #0
10003cf4:	d100      	bne.n	10003cf8 <_vsnprintf+0x898>
10003cf6:	e50e      	b.n	10003716 <_vsnprintf+0x2b6>
10003cf8:	9b0d      	ldr	r3, [sp, #52]	@ 0x34
10003cfa:	2b00      	cmp	r3, #0
10003cfc:	d100      	bne.n	10003d00 <_vsnprintf+0x8a0>
10003cfe:	e4f6      	b.n	100036ee <_vsnprintf+0x28e>
10003d00:	2300      	movs	r3, #0
10003d02:	e619      	b.n	10003938 <_vsnprintf+0x4d8>
10003d04:	9b0c      	ldr	r3, [sp, #48]	@ 0x30
10003d06:	781b      	ldrb	r3, [r3, #0]
10003d08:	001a      	movs	r2, r3
10003d0a:	e715      	b.n	10003b38 <_vsnprintf+0x6d8>
10003d0c:	2310      	movs	r3, #16
10003d0e:	439a      	bics	r2, r3
10003d10:	920d      	str	r2, [sp, #52]	@ 0x34
10003d12:	e6ef      	b.n	10003af4 <_vsnprintf+0x694>
10003d14:	9b0c      	ldr	r3, [sp, #48]	@ 0x30
10003d16:	781b      	ldrb	r3, [r3, #0]
10003d18:	9309      	str	r3, [sp, #36]	@ 0x24
10003d1a:	e661      	b.n	100039e0 <_vsnprintf+0x580>
10003d1c:	2300      	movs	r3, #0
10003d1e:	4699      	mov	r9, r3
10003d20:	2800      	cmp	r0, #0
10003d22:	d1aa      	bne.n	10003c7a <_vsnprintf+0x81a>
10003d24:	2200      	movs	r2, #0
10003d26:	2300      	movs	r3, #0
10003d28:	9210      	str	r2, [sp, #64]	@ 0x40
10003d2a:	9311      	str	r3, [sp, #68]	@ 0x44
10003d2c:	e774      	b.n	10003c18 <_vsnprintf+0x7b8>
10003d2e:	9b0c      	ldr	r3, [sp, #48]	@ 0x30
10003d30:	0022      	movs	r2, r4
10003d32:	7818      	ldrb	r0, [r3, #0]
10003d34:	4659      	mov	r1, fp
10003d36:	003b      	movs	r3, r7
10003d38:	47a8      	blx	r5
10003d3a:	464c      	mov	r4, r9
10003d3c:	e58b      	b.n	10003856 <_vsnprintf+0x3f6>
10003d3e:	9a0c      	ldr	r2, [sp, #48]	@ 0x30
10003d40:	3bfa      	subs	r3, #250	@ 0xfa
10003d42:	3bff      	subs	r3, #255	@ 0xff
10003d44:	3207      	adds	r2, #7
10003d46:	439a      	bics	r2, r3
10003d48:	3301      	adds	r3, #1
10003d4a:	4699      	mov	r9, r3
10003d4c:	4491      	add	r9, r2
10003d4e:	464b      	mov	r3, r9
10003d50:	930c      	str	r3, [sp, #48]	@ 0x30
10003d52:	6813      	ldr	r3, [r2, #0]
10003d54:	6852      	ldr	r2, [r2, #4]
10003d56:	9215      	str	r2, [sp, #84]	@ 0x54
10003d58:	431a      	orrs	r2, r3
10003d5a:	d106      	bne.n	10003d6a <_vsnprintf+0x90a>
10003d5c:	3210      	adds	r2, #16
10003d5e:	4390      	bics	r0, r2
10003d60:	2200      	movs	r2, #0
10003d62:	9209      	str	r2, [sp, #36]	@ 0x24
10003d64:	2900      	cmp	r1, #0
10003d66:	d000      	beq.n	10003d6a <_vsnprintf+0x90a>
10003d68:	e081      	b.n	10003e6e <_vsnprintf+0xa0e>
10003d6a:	2261      	movs	r2, #97	@ 0x61
10003d6c:	0681      	lsls	r1, r0, #26
10003d6e:	d500      	bpl.n	10003d72 <_vsnprintf+0x912>
10003d70:	2241      	movs	r2, #65	@ 0x41
10003d72:	b2d2      	uxtb	r2, r2
10003d74:	920a      	str	r2, [sp, #40]	@ 0x28
10003d76:	aa14      	add	r2, sp, #80	@ 0x50
10003d78:	4691      	mov	r9, r2
10003d7a:	9a0a      	ldr	r2, [sp, #40]	@ 0x28
10003d7c:	2100      	movs	r1, #0
10003d7e:	3a0a      	subs	r2, #10
10003d80:	9214      	str	r2, [sp, #80]	@ 0x50
10003d82:	4642      	mov	r2, r8
10003d84:	9217      	str	r2, [sp, #92]	@ 0x5c
10003d86:	4652      	mov	r2, sl
10003d88:	9218      	str	r2, [sp, #96]	@ 0x60
10003d8a:	465a      	mov	r2, fp
10003d8c:	9109      	str	r1, [sp, #36]	@ 0x24
10003d8e:	46b3      	mov	fp, r6
10003d90:	311f      	adds	r1, #31
10003d92:	001e      	movs	r6, r3
10003d94:	9b0f      	ldr	r3, [sp, #60]	@ 0x3c
10003d96:	4449      	add	r1, r9
10003d98:	46ba      	mov	sl, r7
10003d9a:	9419      	str	r4, [sp, #100]	@ 0x64
10003d9c:	951a      	str	r5, [sp, #104]	@ 0x68
10003d9e:	2400      	movs	r4, #0
10003da0:	4667      	mov	r7, ip
10003da2:	4698      	mov	r8, r3
10003da4:	4689      	mov	r9, r1
10003da6:	9d15      	ldr	r5, [sp, #84]	@ 0x54
10003da8:	9016      	str	r0, [sp, #88]	@ 0x58
10003daa:	921b      	str	r2, [sp, #108]	@ 0x6c
10003dac:	e00a      	b.n	10003dc4 <_vsnprintf+0x964>
10003dae:	3230      	adds	r2, #48	@ 0x30
10003db0:	b2d2      	uxtb	r2, r2
10003db2:	464b      	mov	r3, r9
10003db4:	3401      	adds	r4, #1
10003db6:	551a      	strb	r2, [r3, r4]
10003db8:	45a8      	cmp	r8, r5
10003dba:	d04a      	beq.n	10003e52 <_vsnprintf+0x9f2>
10003dbc:	2c20      	cmp	r4, #32
10003dbe:	d04a      	beq.n	10003e56 <_vsnprintf+0x9f6>
10003dc0:	0006      	movs	r6, r0
10003dc2:	000d      	movs	r5, r1
10003dc4:	003a      	movs	r2, r7
10003dc6:	2300      	movs	r3, #0
10003dc8:	0030      	movs	r0, r6
10003dca:	0029      	movs	r1, r5
10003dcc:	f7fd fe32 	bl	10001a34 <__wrap___aeabi_uldivmod>
10003dd0:	b2d2      	uxtb	r2, r2
10003dd2:	2a09      	cmp	r2, #9
10003dd4:	d9eb      	bls.n	10003dae <_vsnprintf+0x94e>
10003dd6:	9b14      	ldr	r3, [sp, #80]	@ 0x50
10003dd8:	469c      	mov	ip, r3
10003dda:	4462      	add	r2, ip
10003ddc:	b2d2      	uxtb	r2, r2
10003dde:	e7e8      	b.n	10003db2 <_vsnprintf+0x952>
10003de0:	2361      	movs	r3, #97	@ 0x61
10003de2:	0682      	lsls	r2, r0, #26
10003de4:	d500      	bpl.n	10003de8 <_vsnprintf+0x988>
10003de6:	2341      	movs	r3, #65	@ 0x41
10003de8:	b2db      	uxtb	r3, r3
10003dea:	3b0a      	subs	r3, #10
10003dec:	930c      	str	r3, [sp, #48]	@ 0x30
10003dee:	4643      	mov	r3, r8
10003df0:	a914      	add	r1, sp, #80	@ 0x50
10003df2:	221f      	movs	r2, #31
10003df4:	468c      	mov	ip, r1
10003df6:	9315      	str	r3, [sp, #84]	@ 0x54
10003df8:	4653      	mov	r3, sl
10003dfa:	4462      	add	r2, ip
10003dfc:	46a0      	mov	r8, r4
10003dfe:	46b2      	mov	sl, r6
10003e00:	464c      	mov	r4, r9
10003e02:	9717      	str	r7, [sp, #92]	@ 0x5c
10003e04:	46a9      	mov	r9, r5
10003e06:	0017      	movs	r7, r2
10003e08:	9d09      	ldr	r5, [sp, #36]	@ 0x24
10003e0a:	9e0d      	ldr	r6, [sp, #52]	@ 0x34
10003e0c:	9014      	str	r0, [sp, #80]	@ 0x50
10003e0e:	9316      	str	r3, [sp, #88]	@ 0x58
10003e10:	e008      	b.n	10003e24 <_vsnprintf+0x9c4>
10003e12:	3330      	adds	r3, #48	@ 0x30
10003e14:	b2db      	uxtb	r3, r3
10003e16:	3401      	adds	r4, #1
10003e18:	553b      	strb	r3, [r7, r4]
10003e1a:	42b5      	cmp	r5, r6
10003e1c:	d30e      	bcc.n	10003e3c <_vsnprintf+0x9dc>
10003e1e:	2c20      	cmp	r4, #32
10003e20:	d00c      	beq.n	10003e3c <_vsnprintf+0x9dc>
10003e22:	0005      	movs	r5, r0
10003e24:	0031      	movs	r1, r6
10003e26:	0028      	movs	r0, r5
10003e28:	f7fd fdc6 	bl	100019b8 <__wrap___aeabi_uidiv>
10003e2c:	b2cb      	uxtb	r3, r1
10003e2e:	2909      	cmp	r1, #9
10003e30:	d9ef      	bls.n	10003e12 <_vsnprintf+0x9b2>
10003e32:	9a0c      	ldr	r2, [sp, #48]	@ 0x30
10003e34:	4694      	mov	ip, r2
10003e36:	4463      	add	r3, ip
10003e38:	b2db      	uxtb	r3, r3
10003e3a:	e7ec      	b.n	10003e16 <_vsnprintf+0x9b6>
10003e3c:	9b15      	ldr	r3, [sp, #84]	@ 0x54
10003e3e:	464d      	mov	r5, r9
10003e40:	46a1      	mov	r9, r4
10003e42:	4644      	mov	r4, r8
10003e44:	4698      	mov	r8, r3
10003e46:	9b16      	ldr	r3, [sp, #88]	@ 0x58
10003e48:	4656      	mov	r6, sl
10003e4a:	9814      	ldr	r0, [sp, #80]	@ 0x50
10003e4c:	469a      	mov	sl, r3
10003e4e:	9f17      	ldr	r7, [sp, #92]	@ 0x5c
10003e50:	e5d0      	b.n	100039f4 <_vsnprintf+0x594>
10003e52:	42b7      	cmp	r7, r6
10003e54:	d9b2      	bls.n	10003dbc <_vsnprintf+0x95c>
10003e56:	9b17      	ldr	r3, [sp, #92]	@ 0x5c
10003e58:	4657      	mov	r7, sl
10003e5a:	4698      	mov	r8, r3
10003e5c:	9b18      	ldr	r3, [sp, #96]	@ 0x60
10003e5e:	465e      	mov	r6, fp
10003e60:	469a      	mov	sl, r3
10003e62:	9b1b      	ldr	r3, [sp, #108]	@ 0x6c
10003e64:	9409      	str	r4, [sp, #36]	@ 0x24
10003e66:	469b      	mov	fp, r3
10003e68:	9816      	ldr	r0, [sp, #88]	@ 0x58
10003e6a:	9c19      	ldr	r4, [sp, #100]	@ 0x64
10003e6c:	9d1a      	ldr	r5, [sp, #104]	@ 0x68
10003e6e:	4643      	mov	r3, r8
10003e70:	9305      	str	r3, [sp, #20]
10003e72:	4653      	mov	r3, sl
10003e74:	9304      	str	r3, [sp, #16]
10003e76:	9b0d      	ldr	r3, [sp, #52]	@ 0x34
10003e78:	9006      	str	r0, [sp, #24]
10003e7a:	9303      	str	r3, [sp, #12]
10003e7c:	2300      	movs	r3, #0
10003e7e:	9302      	str	r3, [sp, #8]
10003e80:	9b09      	ldr	r3, [sp, #36]	@ 0x24
10003e82:	e705      	b.n	10003c90 <_vsnprintf+0x830>
10003e84:	9b0f      	ldr	r3, [sp, #60]	@ 0x3c
10003e86:	4598      	cmp	r8, r3
10003e88:	d900      	bls.n	10003e8c <_vsnprintf+0xa2c>
10003e8a:	e714      	b.n	10003cb6 <_vsnprintf+0x856>
10003e8c:	3301      	adds	r3, #1
10003e8e:	930f      	str	r3, [sp, #60]	@ 0x3c
10003e90:	e42d      	b.n	100036ee <_vsnprintf+0x28e>
10003e92:	2310      	movs	r3, #16
10003e94:	0011      	movs	r1, r2
10003e96:	4399      	bics	r1, r3
10003e98:	910d      	str	r1, [sp, #52]	@ 0x34
10003e9a:	2869      	cmp	r0, #105	@ 0x69
10003e9c:	d000      	beq.n	10003ea0 <_vsnprintf+0xa40>
10003e9e:	e0ba      	b.n	10004016 <_vsnprintf+0xbb6>
10003ea0:	2380      	movs	r3, #128	@ 0x80
10003ea2:	0010      	movs	r0, r2
10003ea4:	00db      	lsls	r3, r3, #3
10003ea6:	4018      	ands	r0, r3
10003ea8:	421a      	tst	r2, r3
10003eaa:	d100      	bne.n	10003eae <_vsnprintf+0xa4e>
10003eac:	e622      	b.n	10003af4 <_vsnprintf+0x694>
10003eae:	e61d      	b.n	10003aec <_vsnprintf+0x68c>
10003eb0:	9b0c      	ldr	r3, [sp, #48]	@ 0x30
10003eb2:	681b      	ldr	r3, [r3, #0]
10003eb4:	0fda      	lsrs	r2, r3, #31
10003eb6:	0011      	movs	r1, r2
10003eb8:	2b00      	cmp	r3, #0
10003eba:	d100      	bne.n	10003ebe <_vsnprintf+0xa5e>
10003ebc:	e08c      	b.n	10003fd8 <_vsnprintf+0xb78>
10003ebe:	17da      	asrs	r2, r3, #31
10003ec0:	1898      	adds	r0, r3, r2
10003ec2:	4050      	eors	r0, r2
10003ec4:	aa14      	add	r2, sp, #80	@ 0x50
10003ec6:	4691      	mov	r9, r2
10003ec8:	4642      	mov	r2, r8
10003eca:	231f      	movs	r3, #31
10003ecc:	9214      	str	r2, [sp, #80]	@ 0x50
10003ece:	4652      	mov	r2, sl
10003ed0:	444b      	add	r3, r9
10003ed2:	46a0      	mov	r8, r4
10003ed4:	46a9      	mov	r9, r5
10003ed6:	9716      	str	r7, [sp, #88]	@ 0x58
10003ed8:	0004      	movs	r4, r0
10003eda:	4665      	mov	r5, ip
10003edc:	46b2      	mov	sl, r6
10003ede:	001f      	movs	r7, r3
10003ee0:	910c      	str	r1, [sp, #48]	@ 0x30
10003ee2:	9215      	str	r2, [sp, #84]	@ 0x54
10003ee4:	e001      	b.n	10003eea <_vsnprintf+0xa8a>
10003ee6:	2d20      	cmp	r5, #32
10003ee8:	d00f      	beq.n	10003f0a <_vsnprintf+0xaaa>
10003eea:	0020      	movs	r0, r4
10003eec:	210a      	movs	r1, #10
10003eee:	f7fd fd63 	bl	100019b8 <__wrap___aeabi_uidiv>
10003ef2:	3501      	adds	r5, #1
10003ef4:	197e      	adds	r6, r7, r5
10003ef6:	3130      	adds	r1, #48	@ 0x30
10003ef8:	7031      	strb	r1, [r6, #0]
10003efa:	0020      	movs	r0, r4
10003efc:	210a      	movs	r1, #10
10003efe:	f7fd fd5b 	bl	100019b8 <__wrap___aeabi_uidiv>
10003f02:	0026      	movs	r6, r4
10003f04:	0004      	movs	r4, r0
10003f06:	2e09      	cmp	r6, #9
10003f08:	d8ed      	bhi.n	10003ee6 <_vsnprintf+0xa86>
10003f0a:	9b14      	ldr	r3, [sp, #80]	@ 0x50
10003f0c:	4644      	mov	r4, r8
10003f0e:	4698      	mov	r8, r3
10003f10:	9b0c      	ldr	r3, [sp, #48]	@ 0x30
10003f12:	46ac      	mov	ip, r5
10003f14:	0019      	movs	r1, r3
10003f16:	9b15      	ldr	r3, [sp, #84]	@ 0x54
10003f18:	4656      	mov	r6, sl
10003f1a:	464d      	mov	r5, r9
10003f1c:	469a      	mov	sl, r3
10003f1e:	9f16      	ldr	r7, [sp, #88]	@ 0x58
10003f20:	9b0d      	ldr	r3, [sp, #52]	@ 0x34
10003f22:	9102      	str	r1, [sp, #8]
10003f24:	9306      	str	r3, [sp, #24]
10003f26:	4643      	mov	r3, r8
10003f28:	9305      	str	r3, [sp, #20]
10003f2a:	4653      	mov	r3, sl
10003f2c:	9304      	str	r3, [sp, #16]
10003f2e:	230a      	movs	r3, #10
10003f30:	9303      	str	r3, [sp, #12]
10003f32:	4663      	mov	r3, ip
10003f34:	e63c      	b.n	10003bb0 <_vsnprintf+0x750>
10003f36:	2800      	cmp	r0, #0
10003f38:	d000      	beq.n	10003f3c <_vsnprintf+0xadc>
10003f3a:	e62e      	b.n	10003b9a <_vsnprintf+0x73a>
10003f3c:	e602      	b.n	10003b44 <_vsnprintf+0x6e4>
10003f3e:	9b0c      	ldr	r3, [sp, #48]	@ 0x30
10003f40:	681b      	ldr	r3, [r3, #0]
10003f42:	4699      	mov	r9, r3
10003f44:	2b00      	cmp	r3, #0
10003f46:	d103      	bne.n	10003f50 <_vsnprintf+0xaf0>
10003f48:	3310      	adds	r3, #16
10003f4a:	4398      	bics	r0, r3
10003f4c:	2900      	cmp	r1, #0
10003f4e:	d138      	bne.n	10003fc2 <_vsnprintf+0xb62>
10003f50:	2361      	movs	r3, #97	@ 0x61
10003f52:	0682      	lsls	r2, r0, #26
10003f54:	d500      	bpl.n	10003f58 <_vsnprintf+0xaf8>
10003f56:	2341      	movs	r3, #65	@ 0x41
10003f58:	b2db      	uxtb	r3, r3
10003f5a:	3b0a      	subs	r3, #10
10003f5c:	930c      	str	r3, [sp, #48]	@ 0x30
10003f5e:	4643      	mov	r3, r8
10003f60:	9316      	str	r3, [sp, #88]	@ 0x58
10003f62:	4653      	mov	r3, sl
10003f64:	a914      	add	r1, sp, #80	@ 0x50
10003f66:	221f      	movs	r2, #31
10003f68:	468c      	mov	ip, r1
10003f6a:	9317      	str	r3, [sp, #92]	@ 0x5c
10003f6c:	002b      	movs	r3, r5
10003f6e:	4462      	add	r2, ip
10003f70:	46a0      	mov	r8, r4
10003f72:	464d      	mov	r5, r9
10003f74:	46b2      	mov	sl, r6
10003f76:	9718      	str	r7, [sp, #96]	@ 0x60
10003f78:	4699      	mov	r9, r3
10003f7a:	0017      	movs	r7, r2
10003f7c:	9c14      	ldr	r4, [sp, #80]	@ 0x50
10003f7e:	9e0d      	ldr	r6, [sp, #52]	@ 0x34
10003f80:	9015      	str	r0, [sp, #84]	@ 0x54
10003f82:	e008      	b.n	10003f96 <_vsnprintf+0xb36>
10003f84:	3330      	adds	r3, #48	@ 0x30
10003f86:	b2db      	uxtb	r3, r3
10003f88:	3401      	adds	r4, #1
10003f8a:	553b      	strb	r3, [r7, r4]
10003f8c:	42b5      	cmp	r5, r6
10003f8e:	d30e      	bcc.n	10003fae <_vsnprintf+0xb4e>
10003f90:	2c20      	cmp	r4, #32
10003f92:	d00c      	beq.n	10003fae <_vsnprintf+0xb4e>
10003f94:	0005      	movs	r5, r0
10003f96:	0031      	movs	r1, r6
10003f98:	0028      	movs	r0, r5
10003f9a:	f7fd fd0d 	bl	100019b8 <__wrap___aeabi_uidiv>
10003f9e:	b2cb      	uxtb	r3, r1
10003fa0:	2909      	cmp	r1, #9
10003fa2:	d9ef      	bls.n	10003f84 <_vsnprintf+0xb24>
10003fa4:	9a0c      	ldr	r2, [sp, #48]	@ 0x30
10003fa6:	4694      	mov	ip, r2
10003fa8:	4463      	add	r3, ip
10003faa:	b2db      	uxtb	r3, r3
10003fac:	e7ec      	b.n	10003f88 <_vsnprintf+0xb28>
10003fae:	9b16      	ldr	r3, [sp, #88]	@ 0x58
10003fb0:	9414      	str	r4, [sp, #80]	@ 0x50
10003fb2:	4644      	mov	r4, r8
10003fb4:	4698      	mov	r8, r3
10003fb6:	9b17      	ldr	r3, [sp, #92]	@ 0x5c
10003fb8:	4656      	mov	r6, sl
10003fba:	464d      	mov	r5, r9
10003fbc:	469a      	mov	sl, r3
10003fbe:	9815      	ldr	r0, [sp, #84]	@ 0x54
10003fc0:	9f18      	ldr	r7, [sp, #96]	@ 0x60
10003fc2:	4643      	mov	r3, r8
10003fc4:	9305      	str	r3, [sp, #20]
10003fc6:	4653      	mov	r3, sl
10003fc8:	9304      	str	r3, [sp, #16]
10003fca:	9b0d      	ldr	r3, [sp, #52]	@ 0x34
10003fcc:	9006      	str	r0, [sp, #24]
10003fce:	9303      	str	r3, [sp, #12]
10003fd0:	2300      	movs	r3, #0
10003fd2:	9302      	str	r3, [sp, #8]
10003fd4:	9b14      	ldr	r3, [sp, #80]	@ 0x50
10003fd6:	e5eb      	b.n	10003bb0 <_vsnprintf+0x750>
10003fd8:	2800      	cmp	r0, #0
10003fda:	d1a1      	bne.n	10003f20 <_vsnprintf+0xac0>
10003fdc:	e772      	b.n	10003ec4 <_vsnprintf+0xa64>
10003fde:	9b0c      	ldr	r3, [sp, #48]	@ 0x30
10003fe0:	681b      	ldr	r3, [r3, #0]
10003fe2:	17d9      	asrs	r1, r3, #31
10003fe4:	185a      	adds	r2, r3, r1
10003fe6:	404a      	eors	r2, r1
10003fe8:	e5a6      	b.n	10003b38 <_vsnprintf+0x6d8>
10003fea:	2380      	movs	r3, #128	@ 0x80
10003fec:	0010      	movs	r0, r2
10003fee:	00db      	lsls	r3, r3, #3
10003ff0:	4018      	ands	r0, r3
10003ff2:	469c      	mov	ip, r3
10003ff4:	900f      	str	r0, [sp, #60]	@ 0x3c
10003ff6:	421a      	tst	r2, r3
10003ff8:	d00f      	beq.n	1000401a <_vsnprintf+0xbba>
10003ffa:	2002      	movs	r0, #2
10003ffc:	0003      	movs	r3, r0
10003ffe:	4013      	ands	r3, r2
10004000:	930f      	str	r3, [sp, #60]	@ 0x3c
10004002:	4210      	tst	r0, r2
10004004:	d019      	beq.n	1000403a <_vsnprintf+0xbda>
10004006:	2300      	movs	r3, #0
10004008:	46a1      	mov	r9, r4
1000400a:	930f      	str	r3, [sp, #60]	@ 0x3c
1000400c:	e54c      	b.n	10003aa8 <_vsnprintf+0x648>
1000400e:	9b0c      	ldr	r3, [sp, #48]	@ 0x30
10004010:	681b      	ldr	r3, [r3, #0]
10004012:	9309      	str	r3, [sp, #36]	@ 0x24
10004014:	e4e4      	b.n	100039e0 <_vsnprintf+0x580>
10004016:	000a      	movs	r2, r1
10004018:	e434      	b.n	10003884 <_vsnprintf+0x424>
1000401a:	2302      	movs	r3, #2
1000401c:	0018      	movs	r0, r3
1000401e:	4010      	ands	r0, r2
10004020:	900d      	str	r0, [sp, #52]	@ 0x34
10004022:	4213      	tst	r3, r2
10004024:	d000      	beq.n	10004028 <_vsnprintf+0xbc8>
10004026:	e53e      	b.n	10003aa6 <_vsnprintf+0x646>
10004028:	4643      	mov	r3, r8
1000402a:	2b00      	cmp	r3, #0
1000402c:	d000      	beq.n	10004030 <_vsnprintf+0xbd0>
1000402e:	e642      	b.n	10003cb6 <_vsnprintf+0x856>
10004030:	f7ff fb71 	bl	10003716 <_vsnprintf+0x2b6>
10004034:	3301      	adds	r3, #1
10004036:	930f      	str	r3, [sp, #60]	@ 0x3c
10004038:	e47f      	b.n	1000393a <_vsnprintf+0x4da>
1000403a:	4663      	mov	r3, ip
1000403c:	930d      	str	r3, [sp, #52]	@ 0x34
1000403e:	e7f3      	b.n	10004028 <_vsnprintf+0xbc8>

10004040 <vfctprintf>:
10004040:	b510      	push	{r4, lr}
10004042:	000c      	movs	r4, r1
10004044:	b084      	sub	sp, #16
10004046:	9403      	str	r4, [sp, #12]
10004048:	2401      	movs	r4, #1
1000404a:	a902      	add	r1, sp, #8
1000404c:	9002      	str	r0, [sp, #8]
1000404e:	9300      	str	r3, [sp, #0]
10004050:	4803      	ldr	r0, [pc, #12]	@ (10004060 <vfctprintf+0x20>)
10004052:	0013      	movs	r3, r2
10004054:	4262      	negs	r2, r4
10004056:	f7ff fa03 	bl	10003460 <_vsnprintf>
1000405a:	b004      	add	sp, #16
1000405c:	bd10      	pop	{r4, pc}
1000405e:	46c0      	nop			@ (mov r8, r8)
10004060:	10002a2d 	.word	0x10002a2d

10004064 <weak_raw_vprintf>:
10004064:	b510      	push	{r4, lr}
10004066:	4a09      	ldr	r2, [pc, #36]	@ (1000408c <weak_raw_vprintf+0x28>)
10004068:	0003      	movs	r3, r0
1000406a:	6814      	ldr	r4, [r2, #0]
1000406c:	b084      	sub	sp, #16
1000406e:	2c00      	cmp	r4, #0
10004070:	d008      	beq.n	10004084 <weak_raw_vprintf+0x20>
10004072:	2201      	movs	r2, #1
10004074:	9100      	str	r1, [sp, #0]
10004076:	4806      	ldr	r0, [pc, #24]	@ (10004090 <weak_raw_vprintf+0x2c>)
10004078:	4252      	negs	r2, r2
1000407a:	a903      	add	r1, sp, #12
1000407c:	47a0      	blx	r4
1000407e:	2001      	movs	r0, #1
10004080:	b004      	add	sp, #16
10004082:	bd10      	pop	{r4, pc}
10004084:	f000 f998 	bl	100043b8 <__wrap_puts>
10004088:	2000      	movs	r0, #0
1000408a:	e7f9      	b.n	10004080 <weak_raw_vprintf+0x1c>
1000408c:	200020d4 	.word	0x200020d4
10004090:	10002a1d 	.word	0x10002a1d

10004094 <_exit>:
10004094:	be00      	bkpt	0x0000
10004096:	e7fd      	b.n	10004094 <_exit>

10004098 <exit>:
10004098:	b510      	push	{r4, lr}
1000409a:	f7ff fffb 	bl	10004094 <_exit>
1000409e:	46c0      	nop			@ (mov r8, r8)

100040a0 <runtime_init>:
100040a0:	b570      	push	{r4, r5, r6, lr}
100040a2:	f7fd fb89 	bl	100017b8 <runtime_run_initializers>
100040a6:	4d07      	ldr	r5, [pc, #28]	@ (100040c4 <runtime_init+0x24>)
100040a8:	4e07      	ldr	r6, [pc, #28]	@ (100040c8 <runtime_init+0x28>)
100040aa:	42b5      	cmp	r5, r6
100040ac:	d209      	bcs.n	100040c2 <runtime_init+0x22>
100040ae:	2400      	movs	r4, #0
100040b0:	3e01      	subs	r6, #1
100040b2:	1b76      	subs	r6, r6, r5
100040b4:	08b6      	lsrs	r6, r6, #2
100040b6:	cd08      	ldmia	r5!, {r3}
100040b8:	4798      	blx	r3
100040ba:	0023      	movs	r3, r4
100040bc:	3401      	adds	r4, #1
100040be:	42b3      	cmp	r3, r6
100040c0:	d1f9      	bne.n	100040b6 <runtime_init+0x16>
100040c2:	bd70      	pop	{r4, r5, r6, pc}
100040c4:	10007454 	.word	0x10007454
100040c8:	10007460 	.word	0x10007460

100040cc <stdio_out_chars_no_crlf>:
100040cc:	0003      	movs	r3, r0
100040ce:	b510      	push	{r4, lr}
100040d0:	0008      	movs	r0, r1
100040d2:	0011      	movs	r1, r2
100040d4:	681b      	ldr	r3, [r3, #0]
100040d6:	4798      	blx	r3
100040d8:	bd10      	pop	{r4, pc}
100040da:	46c0      	nop			@ (mov r8, r8)

100040dc <stdio_out_chars_crlf>:
100040dc:	b5f0      	push	{r4, r5, r6, r7, lr}
100040de:	46c6      	mov	lr, r8
100040e0:	b500      	push	{lr}
100040e2:	7d43      	ldrb	r3, [r0, #21]
100040e4:	0007      	movs	r7, r0
100040e6:	000c      	movs	r4, r1
100040e8:	0016      	movs	r6, r2
100040ea:	2b00      	cmp	r3, #0
100040ec:	d046      	beq.n	1000417c <stdio_out_chars_crlf+0xa0>
100040ee:	2a00      	cmp	r2, #0
100040f0:	dd17      	ble.n	10004122 <stdio_out_chars_crlf+0x46>
100040f2:	780b      	ldrb	r3, [r1, #0]
100040f4:	2b0a      	cmp	r3, #10
100040f6:	d024      	beq.n	10004142 <stdio_out_chars_crlf+0x66>
100040f8:	2300      	movs	r3, #0
100040fa:	4698      	mov	r8, r3
100040fc:	2e01      	cmp	r6, #1
100040fe:	d013      	beq.n	10004128 <stdio_out_chars_crlf+0x4c>
10004100:	2501      	movs	r5, #1
10004102:	0029      	movs	r1, r5
10004104:	5c63      	ldrb	r3, [r4, r1]
10004106:	3501      	adds	r5, #1
10004108:	2b0a      	cmp	r3, #10
1000410a:	d026      	beq.n	1000415a <stdio_out_chars_crlf+0x7e>
1000410c:	42b5      	cmp	r5, r6
1000410e:	d1f8      	bne.n	10004102 <stdio_out_chars_crlf+0x26>
10004110:	4546      	cmp	r6, r8
10004112:	dc09      	bgt.n	10004128 <stdio_out_chars_crlf+0x4c>
10004114:	19a4      	adds	r4, r4, r6
10004116:	3c01      	subs	r4, #1
10004118:	7823      	ldrb	r3, [r4, #0]
1000411a:	3b0d      	subs	r3, #13
1000411c:	425a      	negs	r2, r3
1000411e:	4153      	adcs	r3, r2
10004120:	753b      	strb	r3, [r7, #20]
10004122:	bc80      	pop	{r7}
10004124:	46b8      	mov	r8, r7
10004126:	bdf0      	pop	{r4, r5, r6, r7, pc}
10004128:	4643      	mov	r3, r8
1000412a:	18e0      	adds	r0, r4, r3
1000412c:	19a4      	adds	r4, r4, r6
1000412e:	1af1      	subs	r1, r6, r3
10004130:	3c01      	subs	r4, #1
10004132:	683b      	ldr	r3, [r7, #0]
10004134:	4798      	blx	r3
10004136:	7823      	ldrb	r3, [r4, #0]
10004138:	3b0d      	subs	r3, #13
1000413a:	425a      	negs	r2, r3
1000413c:	4153      	adcs	r3, r2
1000413e:	753b      	strb	r3, [r7, #20]
10004140:	e7ef      	b.n	10004122 <stdio_out_chars_crlf+0x46>
10004142:	7d03      	ldrb	r3, [r0, #20]
10004144:	2b00      	cmp	r3, #0
10004146:	d1d7      	bne.n	100040f8 <stdio_out_chars_crlf+0x1c>
10004148:	2102      	movs	r1, #2
1000414a:	480f      	ldr	r0, [pc, #60]	@ (10004188 <stdio_out_chars_crlf+0xac>)
1000414c:	683b      	ldr	r3, [r7, #0]
1000414e:	4798      	blx	r3
10004150:	2e01      	cmp	r6, #1
10004152:	d0df      	beq.n	10004114 <stdio_out_chars_crlf+0x38>
10004154:	2301      	movs	r3, #1
10004156:	4698      	mov	r8, r3
10004158:	e7d2      	b.n	10004100 <stdio_out_chars_crlf+0x24>
1000415a:	1e63      	subs	r3, r4, #1
1000415c:	5c5b      	ldrb	r3, [r3, r1]
1000415e:	2b0d      	cmp	r3, #13
10004160:	d0d4      	beq.n	1000410c <stdio_out_chars_crlf+0x30>
10004162:	4588      	cmp	r8, r1
10004164:	da04      	bge.n	10004170 <stdio_out_chars_crlf+0x94>
10004166:	4643      	mov	r3, r8
10004168:	1ac9      	subs	r1, r1, r3
1000416a:	18e0      	adds	r0, r4, r3
1000416c:	683b      	ldr	r3, [r7, #0]
1000416e:	4798      	blx	r3
10004170:	2102      	movs	r1, #2
10004172:	4805      	ldr	r0, [pc, #20]	@ (10004188 <stdio_out_chars_crlf+0xac>)
10004174:	683b      	ldr	r3, [r7, #0]
10004176:	46a8      	mov	r8, r5
10004178:	4798      	blx	r3
1000417a:	e7c7      	b.n	1000410c <stdio_out_chars_crlf+0x30>
1000417c:	6803      	ldr	r3, [r0, #0]
1000417e:	0011      	movs	r1, r2
10004180:	0020      	movs	r0, r4
10004182:	4798      	blx	r3
10004184:	e7cd      	b.n	10004122 <stdio_out_chars_crlf+0x46>
10004186:	46c0      	nop			@ (mov r8, r8)
10004188:	10007890 	.word	0x10007890

1000418c <stdio_buffered_printer>:
1000418c:	b5f0      	push	{r4, r5, r6, r7, lr}
1000418e:	46c6      	mov	lr, r8
10004190:	680b      	ldr	r3, [r1, #0]
10004192:	0006      	movs	r6, r0
10004194:	000c      	movs	r4, r1
10004196:	b500      	push	{lr}
10004198:	2b80      	cmp	r3, #128	@ 0x80
1000419a:	d006      	beq.n	100041aa <stdio_buffered_printer+0x1e>
1000419c:	1c5a      	adds	r2, r3, #1
1000419e:	6022      	str	r2, [r4, #0]
100041a0:	18e4      	adds	r4, r4, r3
100041a2:	7126      	strb	r6, [r4, #4]
100041a4:	bc80      	pop	{r7}
100041a6:	46b8      	mov	r8, r7
100041a8:	bdf0      	pop	{r4, r5, r6, r7, pc}
100041aa:	4b0f      	ldr	r3, [pc, #60]	@ (100041e8 <stdio_buffered_printer+0x5c>)
100041ac:	681d      	ldr	r5, [r3, #0]
100041ae:	2d00      	cmp	r5, #0
100041b0:	d016      	beq.n	100041e0 <stdio_buffered_printer+0x54>
100041b2:	1d0b      	adds	r3, r1, #4
100041b4:	4698      	mov	r8, r3
100041b6:	4f0d      	ldr	r7, [pc, #52]	@ (100041ec <stdio_buffered_printer+0x60>)
100041b8:	e002      	b.n	100041c0 <stdio_buffered_printer+0x34>
100041ba:	692d      	ldr	r5, [r5, #16]
100041bc:	2d00      	cmp	r5, #0
100041be:	d00f      	beq.n	100041e0 <stdio_buffered_printer+0x54>
100041c0:	682b      	ldr	r3, [r5, #0]
100041c2:	2b00      	cmp	r3, #0
100041c4:	d0f9      	beq.n	100041ba <stdio_buffered_printer+0x2e>
100041c6:	683b      	ldr	r3, [r7, #0]
100041c8:	2b00      	cmp	r3, #0
100041ca:	d001      	beq.n	100041d0 <stdio_buffered_printer+0x44>
100041cc:	42ab      	cmp	r3, r5
100041ce:	d1f4      	bne.n	100041ba <stdio_buffered_printer+0x2e>
100041d0:	0028      	movs	r0, r5
100041d2:	4641      	mov	r1, r8
100041d4:	6822      	ldr	r2, [r4, #0]
100041d6:	f7ff ff81 	bl	100040dc <stdio_out_chars_crlf>
100041da:	692d      	ldr	r5, [r5, #16]
100041dc:	2d00      	cmp	r5, #0
100041de:	d1ef      	bne.n	100041c0 <stdio_buffered_printer+0x34>
100041e0:	2201      	movs	r2, #1
100041e2:	2300      	movs	r3, #0
100041e4:	e7db      	b.n	1000419e <stdio_buffered_printer+0x12>
100041e6:	46c0      	nop			@ (mov r8, r8)
100041e8:	20001cc8 	.word	0x20001cc8
100041ec:	20001cd0 	.word	0x20001cd0

100041f0 <stdio_put_string>:
100041f0:	b5f0      	push	{r4, r5, r6, r7, lr}
100041f2:	4645      	mov	r5, r8
100041f4:	46de      	mov	lr, fp
100041f6:	464e      	mov	r6, r9
100041f8:	4657      	mov	r7, sl
100041fa:	b5e0      	push	{r5, r6, r7, lr}
100041fc:	b083      	sub	sp, #12
100041fe:	4691      	mov	r9, r2
10004200:	001c      	movs	r4, r3
10004202:	4680      	mov	r8, r0
10004204:	000d      	movs	r5, r1
10004206:	f7fd f8c1 	bl	1000138c <time_us_64>
1000420a:	2300      	movs	r3, #0
1000420c:	4a30      	ldr	r2, [pc, #192]	@ (100042d0 <stdio_put_string+0xe0>)
1000420e:	1812      	adds	r2, r2, r0
10004210:	414b      	adcs	r3, r1
10004212:	2b00      	cmp	r3, #0
10004214:	da02      	bge.n	1000421c <stdio_put_string+0x2c>
10004216:	2201      	movs	r2, #1
10004218:	4b2e      	ldr	r3, [pc, #184]	@ (100042d4 <stdio_put_string+0xe4>)
1000421a:	4252      	negs	r2, r2
1000421c:	492e      	ldr	r1, [pc, #184]	@ (100042d8 <stdio_put_string+0xe8>)
1000421e:	0008      	movs	r0, r1
10004220:	468a      	mov	sl, r1
10004222:	f003 f8e1 	bl	100073e8 <__mutex_try_enter_block_until_veneer>
10004226:	0007      	movs	r7, r0
10004228:	1c6b      	adds	r3, r5, #1
1000422a:	d103      	bne.n	10004234 <stdio_put_string+0x44>
1000422c:	4640      	mov	r0, r8
1000422e:	f003 f801 	bl	10007234 <strlen>
10004232:	0005      	movs	r5, r0
10004234:	2c00      	cmp	r4, #0
10004236:	d027      	beq.n	10004288 <stdio_put_string+0x98>
10004238:	4e28      	ldr	r6, [pc, #160]	@ (100042dc <stdio_put_string+0xec>)
1000423a:	4b29      	ldr	r3, [pc, #164]	@ (100042e0 <stdio_put_string+0xf0>)
1000423c:	681c      	ldr	r4, [r3, #0]
1000423e:	2c00      	cmp	r4, #0
10004240:	d018      	beq.n	10004274 <stdio_put_string+0x84>
10004242:	464b      	mov	r3, r9
10004244:	2b00      	cmp	r3, #0
10004246:	d121      	bne.n	1000428c <stdio_put_string+0x9c>
10004248:	4b26      	ldr	r3, [pc, #152]	@ (100042e4 <stdio_put_string+0xf4>)
1000424a:	4699      	mov	r9, r3
1000424c:	e002      	b.n	10004254 <stdio_put_string+0x64>
1000424e:	6924      	ldr	r4, [r4, #16]
10004250:	2c00      	cmp	r4, #0
10004252:	d00f      	beq.n	10004274 <stdio_put_string+0x84>
10004254:	6823      	ldr	r3, [r4, #0]
10004256:	2b00      	cmp	r3, #0
10004258:	d0f9      	beq.n	1000424e <stdio_put_string+0x5e>
1000425a:	464b      	mov	r3, r9
1000425c:	681b      	ldr	r3, [r3, #0]
1000425e:	2b00      	cmp	r3, #0
10004260:	d001      	beq.n	10004266 <stdio_put_string+0x76>
10004262:	429c      	cmp	r4, r3
10004264:	d1f3      	bne.n	1000424e <stdio_put_string+0x5e>
10004266:	0020      	movs	r0, r4
10004268:	002a      	movs	r2, r5
1000426a:	4641      	mov	r1, r8
1000426c:	47b0      	blx	r6
1000426e:	6924      	ldr	r4, [r4, #16]
10004270:	2c00      	cmp	r4, #0
10004272:	d1ef      	bne.n	10004254 <stdio_put_string+0x64>
10004274:	2f00      	cmp	r7, #0
10004276:	d126      	bne.n	100042c6 <stdio_put_string+0xd6>
10004278:	0028      	movs	r0, r5
1000427a:	b003      	add	sp, #12
1000427c:	bcf0      	pop	{r4, r5, r6, r7}
1000427e:	46bb      	mov	fp, r7
10004280:	46b2      	mov	sl, r6
10004282:	46a9      	mov	r9, r5
10004284:	46a0      	mov	r8, r4
10004286:	bdf0      	pop	{r4, r5, r6, r7, pc}
10004288:	4e17      	ldr	r6, [pc, #92]	@ (100042e8 <stdio_put_string+0xf8>)
1000428a:	e7d6      	b.n	1000423a <stdio_put_string+0x4a>
1000428c:	4b15      	ldr	r3, [pc, #84]	@ (100042e4 <stdio_put_string+0xf4>)
1000428e:	4699      	mov	r9, r3
10004290:	230a      	movs	r3, #10
10004292:	469b      	mov	fp, r3
10004294:	e002      	b.n	1000429c <stdio_put_string+0xac>
10004296:	6924      	ldr	r4, [r4, #16]
10004298:	2c00      	cmp	r4, #0
1000429a:	d0eb      	beq.n	10004274 <stdio_put_string+0x84>
1000429c:	6823      	ldr	r3, [r4, #0]
1000429e:	2b00      	cmp	r3, #0
100042a0:	d0f9      	beq.n	10004296 <stdio_put_string+0xa6>
100042a2:	464b      	mov	r3, r9
100042a4:	681b      	ldr	r3, [r3, #0]
100042a6:	2b00      	cmp	r3, #0
100042a8:	d001      	beq.n	100042ae <stdio_put_string+0xbe>
100042aa:	42a3      	cmp	r3, r4
100042ac:	d1f3      	bne.n	10004296 <stdio_put_string+0xa6>
100042ae:	002a      	movs	r2, r5
100042b0:	4641      	mov	r1, r8
100042b2:	0020      	movs	r0, r4
100042b4:	47b0      	blx	r6
100042b6:	466b      	mov	r3, sp
100042b8:	465a      	mov	r2, fp
100042ba:	0020      	movs	r0, r4
100042bc:	71da      	strb	r2, [r3, #7]
100042be:	1dd9      	adds	r1, r3, #7
100042c0:	2201      	movs	r2, #1
100042c2:	47b0      	blx	r6
100042c4:	e7e7      	b.n	10004296 <stdio_put_string+0xa6>
100042c6:	4650      	mov	r0, sl
100042c8:	f003 f856 	bl	10007378 <__mutex_exit_veneer>
100042cc:	e7d4      	b.n	10004278 <stdio_put_string+0x88>
100042ce:	46c0      	nop			@ (mov r8, r8)
100042d0:	000f4240 	.word	0x000f4240
100042d4:	7fffffff 	.word	0x7fffffff
100042d8:	200010a4 	.word	0x200010a4
100042dc:	100040dd 	.word	0x100040dd
100042e0:	20001cc8 	.word	0x20001cc8
100042e4:	20001cd0 	.word	0x20001cd0
100042e8:	100040cd 	.word	0x100040cd

100042ec <stdio_set_driver_enabled>:
100042ec:	4a0a      	ldr	r2, [pc, #40]	@ (10004318 <stdio_set_driver_enabled+0x2c>)
100042ee:	6813      	ldr	r3, [r2, #0]
100042f0:	2b00      	cmp	r3, #0
100042f2:	d105      	bne.n	10004300 <stdio_set_driver_enabled+0x14>
100042f4:	e00c      	b.n	10004310 <stdio_set_driver_enabled+0x24>
100042f6:	001a      	movs	r2, r3
100042f8:	691b      	ldr	r3, [r3, #16]
100042fa:	3210      	adds	r2, #16
100042fc:	2b00      	cmp	r3, #0
100042fe:	d007      	beq.n	10004310 <stdio_set_driver_enabled+0x24>
10004300:	4283      	cmp	r3, r0
10004302:	d1f8      	bne.n	100042f6 <stdio_set_driver_enabled+0xa>
10004304:	2900      	cmp	r1, #0
10004306:	d102      	bne.n	1000430e <stdio_set_driver_enabled+0x22>
10004308:	6918      	ldr	r0, [r3, #16]
1000430a:	6010      	str	r0, [r2, #0]
1000430c:	6119      	str	r1, [r3, #16]
1000430e:	4770      	bx	lr
10004310:	2900      	cmp	r1, #0
10004312:	d0fc      	beq.n	1000430e <stdio_set_driver_enabled+0x22>
10004314:	6010      	str	r0, [r2, #0]
10004316:	e7fa      	b.n	1000430e <stdio_set_driver_enabled+0x22>
10004318:	20001cc8 	.word	0x20001cc8

1000431c <stdio_init_all>:
1000431c:	b510      	push	{r4, lr}
1000431e:	f000 faf1 	bl	10004904 <stdio_usb_init>
10004322:	bd10      	pop	{r4, pc}

10004324 <__wrap_putchar>:
10004324:	b5f0      	push	{r4, r5, r6, r7, lr}
10004326:	46ce      	mov	lr, r9
10004328:	4647      	mov	r7, r8
1000432a:	b580      	push	{r7, lr}
1000432c:	b083      	sub	sp, #12
1000432e:	466b      	mov	r3, sp
10004330:	0006      	movs	r6, r0
10004332:	1ddd      	adds	r5, r3, #7
10004334:	7028      	strb	r0, [r5, #0]
10004336:	f7fd f829 	bl	1000138c <time_us_64>
1000433a:	2300      	movs	r3, #0
1000433c:	4a19      	ldr	r2, [pc, #100]	@ (100043a4 <__wrap_putchar+0x80>)
1000433e:	1812      	adds	r2, r2, r0
10004340:	414b      	adcs	r3, r1
10004342:	2b00      	cmp	r3, #0
10004344:	da02      	bge.n	1000434c <__wrap_putchar+0x28>
10004346:	2201      	movs	r2, #1
10004348:	4b17      	ldr	r3, [pc, #92]	@ (100043a8 <__wrap_putchar+0x84>)
1000434a:	4252      	negs	r2, r2
1000434c:	4917      	ldr	r1, [pc, #92]	@ (100043ac <__wrap_putchar+0x88>)
1000434e:	0008      	movs	r0, r1
10004350:	4688      	mov	r8, r1
10004352:	f003 f849 	bl	100073e8 <__mutex_try_enter_block_until_veneer>
10004356:	4b16      	ldr	r3, [pc, #88]	@ (100043b0 <__wrap_putchar+0x8c>)
10004358:	4681      	mov	r9, r0
1000435a:	681c      	ldr	r4, [r3, #0]
1000435c:	2c00      	cmp	r4, #0
1000435e:	d014      	beq.n	1000438a <__wrap_putchar+0x66>
10004360:	4f14      	ldr	r7, [pc, #80]	@ (100043b4 <__wrap_putchar+0x90>)
10004362:	e002      	b.n	1000436a <__wrap_putchar+0x46>
10004364:	6924      	ldr	r4, [r4, #16]
10004366:	2c00      	cmp	r4, #0
10004368:	d00f      	beq.n	1000438a <__wrap_putchar+0x66>
1000436a:	6823      	ldr	r3, [r4, #0]
1000436c:	2b00      	cmp	r3, #0
1000436e:	d0f9      	beq.n	10004364 <__wrap_putchar+0x40>
10004370:	683b      	ldr	r3, [r7, #0]
10004372:	2b00      	cmp	r3, #0
10004374:	d001      	beq.n	1000437a <__wrap_putchar+0x56>
10004376:	429c      	cmp	r4, r3
10004378:	d1f4      	bne.n	10004364 <__wrap_putchar+0x40>
1000437a:	0020      	movs	r0, r4
1000437c:	2201      	movs	r2, #1
1000437e:	0029      	movs	r1, r5
10004380:	f7ff feac 	bl	100040dc <stdio_out_chars_crlf>
10004384:	6924      	ldr	r4, [r4, #16]
10004386:	2c00      	cmp	r4, #0
10004388:	d1ef      	bne.n	1000436a <__wrap_putchar+0x46>
1000438a:	464b      	mov	r3, r9
1000438c:	2b00      	cmp	r3, #0
1000438e:	d105      	bne.n	1000439c <__wrap_putchar+0x78>
10004390:	0030      	movs	r0, r6
10004392:	b003      	add	sp, #12
10004394:	bcc0      	pop	{r6, r7}
10004396:	46b9      	mov	r9, r7
10004398:	46b0      	mov	r8, r6
1000439a:	bdf0      	pop	{r4, r5, r6, r7, pc}
1000439c:	4640      	mov	r0, r8
1000439e:	f002 ffeb 	bl	10007378 <__mutex_exit_veneer>
100043a2:	e7f5      	b.n	10004390 <__wrap_putchar+0x6c>
100043a4:	000f4240 	.word	0x000f4240
100043a8:	7fffffff 	.word	0x7fffffff
100043ac:	200010a4 	.word	0x200010a4
100043b0:	20001cc8 	.word	0x20001cc8
100043b4:	20001cd0 	.word	0x20001cd0

100043b8 <__wrap_puts>:
100043b8:	b570      	push	{r4, r5, r6, lr}
100043ba:	0004      	movs	r4, r0
100043bc:	f002 ff3a 	bl	10007234 <strlen>
100043c0:	2301      	movs	r3, #1
100043c2:	0001      	movs	r1, r0
100043c4:	0005      	movs	r5, r0
100043c6:	2201      	movs	r2, #1
100043c8:	0020      	movs	r0, r4
100043ca:	f7ff ff11 	bl	100041f0 <stdio_put_string>
100043ce:	4b08      	ldr	r3, [pc, #32]	@ (100043f0 <__wrap_puts+0x38>)
100043d0:	681c      	ldr	r4, [r3, #0]
100043d2:	2c00      	cmp	r4, #0
100043d4:	d006      	beq.n	100043e4 <__wrap_puts+0x2c>
100043d6:	6863      	ldr	r3, [r4, #4]
100043d8:	2b00      	cmp	r3, #0
100043da:	d005      	beq.n	100043e8 <__wrap_puts+0x30>
100043dc:	4798      	blx	r3
100043de:	6924      	ldr	r4, [r4, #16]
100043e0:	2c00      	cmp	r4, #0
100043e2:	d1f8      	bne.n	100043d6 <__wrap_puts+0x1e>
100043e4:	0028      	movs	r0, r5
100043e6:	bd70      	pop	{r4, r5, r6, pc}
100043e8:	6924      	ldr	r4, [r4, #16]
100043ea:	2c00      	cmp	r4, #0
100043ec:	d1f3      	bne.n	100043d6 <__wrap_puts+0x1e>
100043ee:	e7f9      	b.n	100043e4 <__wrap_puts+0x2c>
100043f0:	20001cc8 	.word	0x20001cc8

100043f4 <__wrap_vprintf>:
100043f4:	b5f0      	push	{r4, r5, r6, r7, lr}
100043f6:	46ce      	mov	lr, r9
100043f8:	4647      	mov	r7, r8
100043fa:	b580      	push	{r7, lr}
100043fc:	b0a3      	sub	sp, #140	@ 0x8c
100043fe:	0004      	movs	r4, r0
10004400:	000d      	movs	r5, r1
10004402:	f7fc ffc3 	bl	1000138c <time_us_64>
10004406:	2300      	movs	r3, #0
10004408:	4a27      	ldr	r2, [pc, #156]	@ (100044a8 <__wrap_vprintf+0xb4>)
1000440a:	1812      	adds	r2, r2, r0
1000440c:	414b      	adcs	r3, r1
1000440e:	2b00      	cmp	r3, #0
10004410:	da02      	bge.n	10004418 <__wrap_vprintf+0x24>
10004412:	2201      	movs	r2, #1
10004414:	4b25      	ldr	r3, [pc, #148]	@ (100044ac <__wrap_vprintf+0xb8>)
10004416:	4252      	negs	r2, r2
10004418:	4e25      	ldr	r6, [pc, #148]	@ (100044b0 <__wrap_vprintf+0xbc>)
1000441a:	0030      	movs	r0, r6
1000441c:	f002 ffe4 	bl	100073e8 <__mutex_try_enter_block_until_veneer>
10004420:	2300      	movs	r3, #0
10004422:	0022      	movs	r2, r4
10004424:	9301      	str	r3, [sp, #4]
10004426:	0007      	movs	r7, r0
10004428:	002b      	movs	r3, r5
1000442a:	4822      	ldr	r0, [pc, #136]	@ (100044b4 <__wrap_vprintf+0xc0>)
1000442c:	a901      	add	r1, sp, #4
1000442e:	f7ff fe07 	bl	10004040 <vfctprintf>
10004432:	4b21      	ldr	r3, [pc, #132]	@ (100044b8 <__wrap_vprintf+0xc4>)
10004434:	4680      	mov	r8, r0
10004436:	4699      	mov	r9, r3
10004438:	681c      	ldr	r4, [r3, #0]
1000443a:	9b01      	ldr	r3, [sp, #4]
1000443c:	2b00      	cmp	r3, #0
1000443e:	d01a      	beq.n	10004476 <__wrap_vprintf+0x82>
10004440:	2c00      	cmp	r4, #0
10004442:	d02f      	beq.n	100044a4 <__wrap_vprintf+0xb0>
10004444:	4d1d      	ldr	r5, [pc, #116]	@ (100044bc <__wrap_vprintf+0xc8>)
10004446:	e002      	b.n	1000444e <__wrap_vprintf+0x5a>
10004448:	6924      	ldr	r4, [r4, #16]
1000444a:	2c00      	cmp	r4, #0
1000444c:	d00f      	beq.n	1000446e <__wrap_vprintf+0x7a>
1000444e:	6823      	ldr	r3, [r4, #0]
10004450:	2b00      	cmp	r3, #0
10004452:	d0f9      	beq.n	10004448 <__wrap_vprintf+0x54>
10004454:	682b      	ldr	r3, [r5, #0]
10004456:	2b00      	cmp	r3, #0
10004458:	d001      	beq.n	1000445e <__wrap_vprintf+0x6a>
1000445a:	42a3      	cmp	r3, r4
1000445c:	d1f4      	bne.n	10004448 <__wrap_vprintf+0x54>
1000445e:	0020      	movs	r0, r4
10004460:	9a01      	ldr	r2, [sp, #4]
10004462:	a902      	add	r1, sp, #8
10004464:	f7ff fe3a 	bl	100040dc <stdio_out_chars_crlf>
10004468:	6924      	ldr	r4, [r4, #16]
1000446a:	2c00      	cmp	r4, #0
1000446c:	d1ef      	bne.n	1000444e <__wrap_vprintf+0x5a>
1000446e:	464b      	mov	r3, r9
10004470:	681c      	ldr	r4, [r3, #0]
10004472:	2300      	movs	r3, #0
10004474:	9301      	str	r3, [sp, #4]
10004476:	2c00      	cmp	r4, #0
10004478:	d006      	beq.n	10004488 <__wrap_vprintf+0x94>
1000447a:	6863      	ldr	r3, [r4, #4]
1000447c:	2b00      	cmp	r3, #0
1000447e:	d00b      	beq.n	10004498 <__wrap_vprintf+0xa4>
10004480:	4798      	blx	r3
10004482:	6924      	ldr	r4, [r4, #16]
10004484:	2c00      	cmp	r4, #0
10004486:	d1f8      	bne.n	1000447a <__wrap_vprintf+0x86>
10004488:	2f00      	cmp	r7, #0
1000448a:	d107      	bne.n	1000449c <__wrap_vprintf+0xa8>
1000448c:	4640      	mov	r0, r8
1000448e:	b023      	add	sp, #140	@ 0x8c
10004490:	bcc0      	pop	{r6, r7}
10004492:	46b9      	mov	r9, r7
10004494:	46b0      	mov	r8, r6
10004496:	bdf0      	pop	{r4, r5, r6, r7, pc}
10004498:	6924      	ldr	r4, [r4, #16]
1000449a:	e7ec      	b.n	10004476 <__wrap_vprintf+0x82>
1000449c:	0030      	movs	r0, r6
1000449e:	f002 ff6b 	bl	10007378 <__mutex_exit_veneer>
100044a2:	e7f3      	b.n	1000448c <__wrap_vprintf+0x98>
100044a4:	9401      	str	r4, [sp, #4]
100044a6:	e7ef      	b.n	10004488 <__wrap_vprintf+0x94>
100044a8:	000f4240 	.word	0x000f4240
100044ac:	7fffffff 	.word	0x7fffffff
100044b0:	200010a4 	.word	0x200010a4
100044b4:	1000418d 	.word	0x1000418d
100044b8:	20001cc8 	.word	0x20001cc8
100044bc:	20001cd0 	.word	0x20001cd0

100044c0 <__wrap_printf>:
100044c0:	b40f      	push	{r0, r1, r2, r3}
100044c2:	b500      	push	{lr}
100044c4:	b083      	sub	sp, #12
100044c6:	a904      	add	r1, sp, #16
100044c8:	c901      	ldmia	r1!, {r0}
100044ca:	9101      	str	r1, [sp, #4]
100044cc:	f7ff ff92 	bl	100043f4 <__wrap_vprintf>
100044d0:	b003      	add	sp, #12
100044d2:	bc08      	pop	{r3}
100044d4:	b004      	add	sp, #16
100044d6:	4718      	bx	r3

100044d8 <resetd_init>:
100044d8:	4770      	bx	lr
100044da:	46c0      	nop			@ (mov r8, r8)

100044dc <resetd_reset>:
100044dc:	2200      	movs	r2, #0
100044de:	4b01      	ldr	r3, [pc, #4]	@ (100044e4 <resetd_reset+0x8>)
100044e0:	701a      	strb	r2, [r3, #0]
100044e2:	4770      	bx	lr
100044e4:	2000213f 	.word	0x2000213f

100044e8 <resetd_open>:
100044e8:	794b      	ldrb	r3, [r1, #5]
100044ea:	2000      	movs	r0, #0
100044ec:	2bff      	cmp	r3, #255	@ 0xff
100044ee:	d10b      	bne.n	10004508 <resetd_open+0x20>
100044f0:	798b      	ldrb	r3, [r1, #6]
100044f2:	2b00      	cmp	r3, #0
100044f4:	d108      	bne.n	10004508 <resetd_open+0x20>
100044f6:	79cb      	ldrb	r3, [r1, #7]
100044f8:	2b01      	cmp	r3, #1
100044fa:	d105      	bne.n	10004508 <resetd_open+0x20>
100044fc:	2a08      	cmp	r2, #8
100044fe:	d903      	bls.n	10004508 <resetd_open+0x20>
10004500:	4b02      	ldr	r3, [pc, #8]	@ (1000450c <resetd_open+0x24>)
10004502:	788a      	ldrb	r2, [r1, #2]
10004504:	3009      	adds	r0, #9
10004506:	701a      	strb	r2, [r3, #0]
10004508:	4770      	bx	lr
1000450a:	46c0      	nop			@ (mov r8, r8)
1000450c:	2000213f 	.word	0x2000213f

10004510 <resetd_xfer_cb>:
10004510:	2001      	movs	r0, #1
10004512:	4770      	bx	lr

10004514 <resetd_control_xfer_cb>:
10004514:	b510      	push	{r4, lr}
10004516:	2901      	cmp	r1, #1
10004518:	d113      	bne.n	10004542 <resetd_control_xfer_cb+0x2e>
1000451a:	4912      	ldr	r1, [pc, #72]	@ (10004564 <resetd_control_xfer_cb+0x50>)
1000451c:	7953      	ldrb	r3, [r2, #5]
1000451e:	7910      	ldrb	r0, [r2, #4]
10004520:	7809      	ldrb	r1, [r1, #0]
10004522:	021b      	lsls	r3, r3, #8
10004524:	4303      	orrs	r3, r0
10004526:	2000      	movs	r0, #0
10004528:	4299      	cmp	r1, r3
1000452a:	d000      	beq.n	1000452e <resetd_control_xfer_cb+0x1a>
1000452c:	bd10      	pop	{r4, pc}
1000452e:	7853      	ldrb	r3, [r2, #1]
10004530:	2b01      	cmp	r3, #1
10004532:	d008      	beq.n	10004546 <resetd_control_xfer_cb+0x32>
10004534:	2b02      	cmp	r3, #2
10004536:	d1f9      	bne.n	1000452c <resetd_control_xfer_cb+0x18>
10004538:	2264      	movs	r2, #100	@ 0x64
1000453a:	2100      	movs	r1, #0
1000453c:	2000      	movs	r0, #0
1000453e:	f7fd f885 	bl	1000164c <watchdog_reboot>
10004542:	2001      	movs	r0, #1
10004544:	e7f2      	b.n	1000452c <resetd_control_xfer_cb+0x18>
10004546:	78d3      	ldrb	r3, [r2, #3]
10004548:	7891      	ldrb	r1, [r2, #2]
1000454a:	021b      	lsls	r3, r3, #8
1000454c:	4319      	orrs	r1, r3
1000454e:	0a48      	lsrs	r0, r1, #9
10004550:	05db      	lsls	r3, r3, #23
10004552:	d401      	bmi.n	10004558 <resetd_control_xfer_cb+0x44>
10004554:	2001      	movs	r0, #1
10004556:	4240      	negs	r0, r0
10004558:	237f      	movs	r3, #127	@ 0x7f
1000455a:	058a      	lsls	r2, r1, #22
1000455c:	0fd2      	lsrs	r2, r2, #31
1000455e:	4019      	ands	r1, r3
10004560:	f7fd f8fc 	bl	1000175c <rom_reset_usb_boot_extra>
10004564:	2000213f 	.word	0x2000213f

10004568 <tud_descriptor_bos_cb>:
10004568:	4800      	ldr	r0, [pc, #0]	@ (1000456c <tud_descriptor_bos_cb+0x4>)
1000456a:	4770      	bx	lr
1000456c:	1000795c 	.word	0x1000795c

10004570 <tud_vendor_control_xfer_cb>:
10004570:	b570      	push	{r4, r5, r6, lr}
10004572:	0005      	movs	r5, r0
10004574:	0014      	movs	r4, r2
10004576:	2001      	movs	r0, #1
10004578:	2901      	cmp	r1, #1
1000457a:	d109      	bne.n	10004590 <tud_vendor_control_xfer_cb+0x20>
1000457c:	7853      	ldrb	r3, [r2, #1]
1000457e:	2000      	movs	r0, #0
10004580:	2b01      	cmp	r3, #1
10004582:	d105      	bne.n	10004590 <tud_vendor_control_xfer_cb+0x20>
10004584:	7963      	ldrb	r3, [r4, #5]
10004586:	7912      	ldrb	r2, [r2, #4]
10004588:	021b      	lsls	r3, r3, #8
1000458a:	4313      	orrs	r3, r2
1000458c:	2b07      	cmp	r3, #7
1000458e:	d000      	beq.n	10004592 <tud_vendor_control_xfer_cb+0x22>
10004590:	bd70      	pop	{r4, r5, r6, pc}
10004592:	0021      	movs	r1, r4
10004594:	0028      	movs	r0, r5
10004596:	4a02      	ldr	r2, [pc, #8]	@ (100045a0 <tud_vendor_control_xfer_cb+0x30>)
10004598:	339f      	adds	r3, #159	@ 0x9f
1000459a:	f001 fa55 	bl	10005a48 <tud_control_xfer>
1000459e:	e7f7      	b.n	10004590 <tud_vendor_control_xfer_cb+0x20>
100045a0:	100078b4 	.word	0x100078b4

100045a4 <usbd_app_driver_get_cb>:
100045a4:	2301      	movs	r3, #1
100045a6:	7003      	strb	r3, [r0, #0]
100045a8:	4800      	ldr	r0, [pc, #0]	@ (100045ac <usbd_app_driver_get_cb+0x8>)
100045aa:	4770      	bx	lr
100045ac:	10007894 	.word	0x10007894

100045b0 <tud_cdc_line_coding_cb>:
100045b0:	784b      	ldrb	r3, [r1, #1]
100045b2:	780a      	ldrb	r2, [r1, #0]
100045b4:	021b      	lsls	r3, r3, #8
100045b6:	4313      	orrs	r3, r2
100045b8:	788a      	ldrb	r2, [r1, #2]
100045ba:	b510      	push	{r4, lr}
100045bc:	0412      	lsls	r2, r2, #16
100045be:	431a      	orrs	r2, r3
100045c0:	78cb      	ldrb	r3, [r1, #3]
100045c2:	061b      	lsls	r3, r3, #24
100045c4:	4313      	orrs	r3, r2
100045c6:	2296      	movs	r2, #150	@ 0x96
100045c8:	00d2      	lsls	r2, r2, #3
100045ca:	4293      	cmp	r3, r2
100045cc:	d000      	beq.n	100045d0 <tud_cdc_line_coding_cb+0x20>
100045ce:	bd10      	pop	{r4, pc}
100045d0:	2200      	movs	r2, #0
100045d2:	2001      	movs	r0, #1
100045d4:	0011      	movs	r1, r2
100045d6:	4240      	negs	r0, r0
100045d8:	f7fd f8c0 	bl	1000175c <rom_reset_usb_boot_extra>

100045dc <stdio_usb_set_chars_available_callback>:
100045dc:	4b02      	ldr	r3, [pc, #8]	@ (100045e8 <stdio_usb_set_chars_available_callback+0xc>)
100045de:	6018      	str	r0, [r3, #0]
100045e0:	4b02      	ldr	r3, [pc, #8]	@ (100045ec <stdio_usb_set_chars_available_callback+0x10>)
100045e2:	6019      	str	r1, [r3, #0]
100045e4:	4770      	bx	lr
100045e6:	46c0      	nop			@ (mov r8, r8)
100045e8:	20001c68 	.word	0x20001c68
100045ec:	20001c6c 	.word	0x20001c6c

100045f0 <usb_irq>:
100045f0:	b510      	push	{r4, lr}
100045f2:	4b02      	ldr	r3, [pc, #8]	@ (100045fc <usb_irq+0xc>)
100045f4:	7818      	ldrb	r0, [r3, #0]
100045f6:	f7fc f8a9 	bl	1000074c <irq_set_pending>
100045fa:	bd10      	pop	{r4, pc}
100045fc:	20002140 	.word	0x20002140

10004600 <timer_task>:
10004600:	4b15      	ldr	r3, [pc, #84]	@ (10004658 <timer_task+0x58>)
10004602:	b570      	push	{r4, r5, r6, lr}
10004604:	681a      	ldr	r2, [r3, #0]
10004606:	2a00      	cmp	r2, #0
10004608:	d022      	beq.n	10004650 <timer_task+0x50>
1000460a:	f3ef 8110 	mrs	r1, PRIMASK
1000460e:	b672      	cpsid	i
10004610:	6810      	ldr	r0, [r2, #0]
10004612:	2800      	cmp	r0, #0
10004614:	d0fc      	beq.n	10004610 <timer_task+0x10>
10004616:	f3bf 8f5f 	dmb	sy
1000461a:	2000      	movs	r0, #0
1000461c:	4a0f      	ldr	r2, [pc, #60]	@ (1000465c <timer_task+0x5c>)
1000461e:	6059      	str	r1, [r3, #4]
10004620:	7010      	strb	r0, [r2, #0]
10004622:	681b      	ldr	r3, [r3, #0]
10004624:	f3bf 8f5f 	dmb	sy
10004628:	6018      	str	r0, [r3, #0]
1000462a:	f381 8810 	msr	PRIMASK, r1
1000462e:	2400      	movs	r4, #0
10004630:	2500      	movs	r5, #0
10004632:	4e0b      	ldr	r6, [pc, #44]	@ (10004660 <timer_task+0x60>)
10004634:	7830      	ldrb	r0, [r6, #0]
10004636:	f7fc f87d 	bl	10000734 <irq_is_enabled>
1000463a:	2800      	cmp	r0, #0
1000463c:	d104      	bne.n	10004648 <timer_task+0x48>
1000463e:	2400      	movs	r4, #0
10004640:	2500      	movs	r5, #0
10004642:	0029      	movs	r1, r5
10004644:	0020      	movs	r0, r4
10004646:	bd70      	pop	{r4, r5, r6, pc}
10004648:	7830      	ldrb	r0, [r6, #0]
1000464a:	f7fc f87f 	bl	1000074c <irq_set_pending>
1000464e:	e7f8      	b.n	10004642 <timer_task+0x42>
10004650:	24fa      	movs	r4, #250	@ 0xfa
10004652:	2500      	movs	r5, #0
10004654:	00a4      	lsls	r4, r4, #2
10004656:	e7ec      	b.n	10004632 <timer_task+0x32>
10004658:	200020f8 	.word	0x200020f8
1000465c:	20002141 	.word	0x20002141
10004660:	20002140 	.word	0x20002140

10004664 <stdio_usb_in_chars>:
10004664:	b570      	push	{r4, r5, r6, lr}
10004666:	0004      	movs	r4, r0
10004668:	2000      	movs	r0, #0
1000466a:	000e      	movs	r6, r1
1000466c:	f001 fb0a 	bl	10005c84 <tud_cdc_n_connected>
10004670:	2800      	cmp	r0, #0
10004672:	d034      	beq.n	100046de <stdio_usb_in_chars+0x7a>
10004674:	2000      	movs	r0, #0
10004676:	f001 fb1b 	bl	10005cb0 <tud_cdc_n_available>
1000467a:	2800      	cmp	r0, #0
1000467c:	d02f      	beq.n	100046de <stdio_usb_in_chars+0x7a>
1000467e:	f7fc fe85 	bl	1000138c <time_us_64>
10004682:	2300      	movs	r3, #0
10004684:	4a17      	ldr	r2, [pc, #92]	@ (100046e4 <stdio_usb_in_chars+0x80>)
10004686:	1812      	adds	r2, r2, r0
10004688:	414b      	adcs	r3, r1
1000468a:	2b00      	cmp	r3, #0
1000468c:	db16      	blt.n	100046bc <stdio_usb_in_chars+0x58>
1000468e:	4d16      	ldr	r5, [pc, #88]	@ (100046e8 <stdio_usb_in_chars+0x84>)
10004690:	0028      	movs	r0, r5
10004692:	f002 fea9 	bl	100073e8 <__mutex_try_enter_block_until_veneer>
10004696:	2800      	cmp	r0, #0
10004698:	d021      	beq.n	100046de <stdio_usb_in_chars+0x7a>
1000469a:	2000      	movs	r0, #0
1000469c:	f001 faf2 	bl	10005c84 <tud_cdc_n_connected>
100046a0:	2800      	cmp	r0, #0
100046a2:	d10f      	bne.n	100046c4 <stdio_usb_in_chars+0x60>
100046a4:	2001      	movs	r0, #1
100046a6:	2100      	movs	r1, #0
100046a8:	4240      	negs	r0, r0
100046aa:	f000 fd01 	bl	100050b0 <tud_task_ext>
100046ae:	2403      	movs	r4, #3
100046b0:	4264      	negs	r4, r4
100046b2:	0028      	movs	r0, r5
100046b4:	f002 fe60 	bl	10007378 <__mutex_exit_veneer>
100046b8:	0020      	movs	r0, r4
100046ba:	bd70      	pop	{r4, r5, r6, pc}
100046bc:	2201      	movs	r2, #1
100046be:	4b0b      	ldr	r3, [pc, #44]	@ (100046ec <stdio_usb_in_chars+0x88>)
100046c0:	4252      	negs	r2, r2
100046c2:	e7e4      	b.n	1000468e <stdio_usb_in_chars+0x2a>
100046c4:	2000      	movs	r0, #0
100046c6:	f001 faf3 	bl	10005cb0 <tud_cdc_n_available>
100046ca:	2800      	cmp	r0, #0
100046cc:	d0ea      	beq.n	100046a4 <stdio_usb_in_chars+0x40>
100046ce:	0021      	movs	r1, r4
100046d0:	0032      	movs	r2, r6
100046d2:	2000      	movs	r0, #0
100046d4:	f001 faf6 	bl	10005cc4 <tud_cdc_n_read>
100046d8:	1e04      	subs	r4, r0, #0
100046da:	d1ea      	bne.n	100046b2 <stdio_usb_in_chars+0x4e>
100046dc:	e7e7      	b.n	100046ae <stdio_usb_in_chars+0x4a>
100046de:	2403      	movs	r4, #3
100046e0:	4264      	negs	r4, r4
100046e2:	e7e9      	b.n	100046b8 <stdio_usb_in_chars+0x54>
100046e4:	000f4240 	.word	0x000f4240
100046e8:	20002120 	.word	0x20002120
100046ec:	7fffffff 	.word	0x7fffffff

100046f0 <stdio_usb_out_flush>:
100046f0:	b510      	push	{r4, lr}
100046f2:	f7fc fe4b 	bl	1000138c <time_us_64>
100046f6:	2300      	movs	r3, #0
100046f8:	4a0d      	ldr	r2, [pc, #52]	@ (10004730 <stdio_usb_out_flush+0x40>)
100046fa:	1812      	adds	r2, r2, r0
100046fc:	414b      	adcs	r3, r1
100046fe:	2b00      	cmp	r3, #0
10004700:	da02      	bge.n	10004708 <stdio_usb_out_flush+0x18>
10004702:	2201      	movs	r2, #1
10004704:	4b0b      	ldr	r3, [pc, #44]	@ (10004734 <stdio_usb_out_flush+0x44>)
10004706:	4252      	negs	r2, r2
10004708:	4c0b      	ldr	r4, [pc, #44]	@ (10004738 <stdio_usb_out_flush+0x48>)
1000470a:	0020      	movs	r0, r4
1000470c:	f002 fe6c 	bl	100073e8 <__mutex_try_enter_block_until_veneer>
10004710:	2800      	cmp	r0, #0
10004712:	d00c      	beq.n	1000472e <stdio_usb_out_flush+0x3e>
10004714:	2001      	movs	r0, #1
10004716:	2100      	movs	r1, #0
10004718:	4240      	negs	r0, r0
1000471a:	f000 fcc9 	bl	100050b0 <tud_task_ext>
1000471e:	2000      	movs	r0, #0
10004720:	f001 fb14 	bl	10005d4c <tud_cdc_n_write_flush>
10004724:	2800      	cmp	r0, #0
10004726:	d1f5      	bne.n	10004714 <stdio_usb_out_flush+0x24>
10004728:	0020      	movs	r0, r4
1000472a:	f002 fe25 	bl	10007378 <__mutex_exit_veneer>
1000472e:	bd10      	pop	{r4, pc}
10004730:	000f4240 	.word	0x000f4240
10004734:	7fffffff 	.word	0x7fffffff
10004738:	20002120 	.word	0x20002120

1000473c <stdio_usb_out_chars>:
1000473c:	b5f8      	push	{r3, r4, r5, r6, r7, lr}
1000473e:	46de      	mov	lr, fp
10004740:	4657      	mov	r7, sl
10004742:	b580      	push	{r7, lr}
10004744:	0005      	movs	r5, r0
10004746:	000c      	movs	r4, r1
10004748:	f7fc fe20 	bl	1000138c <time_us_64>
1000474c:	2300      	movs	r3, #0
1000474e:	4a36      	ldr	r2, [pc, #216]	@ (10004828 <stdio_usb_out_chars+0xec>)
10004750:	1812      	adds	r2, r2, r0
10004752:	414b      	adcs	r3, r1
10004754:	2b00      	cmp	r3, #0
10004756:	da02      	bge.n	1000475e <stdio_usb_out_chars+0x22>
10004758:	2201      	movs	r2, #1
1000475a:	4b34      	ldr	r3, [pc, #208]	@ (1000482c <stdio_usb_out_chars+0xf0>)
1000475c:	4252      	negs	r2, r2
1000475e:	4934      	ldr	r1, [pc, #208]	@ (10004830 <stdio_usb_out_chars+0xf4>)
10004760:	0008      	movs	r0, r1
10004762:	468a      	mov	sl, r1
10004764:	f002 fe40 	bl	100073e8 <__mutex_try_enter_block_until_veneer>
10004768:	2800      	cmp	r0, #0
1000476a:	d103      	bne.n	10004774 <stdio_usb_out_chars+0x38>
1000476c:	bcc0      	pop	{r6, r7}
1000476e:	46bb      	mov	fp, r7
10004770:	46b2      	mov	sl, r6
10004772:	bdf8      	pop	{r3, r4, r5, r6, r7, pc}
10004774:	2000      	movs	r0, #0
10004776:	f001 fa85 	bl	10005c84 <tud_cdc_n_connected>
1000477a:	2800      	cmp	r0, #0
1000477c:	d04a      	beq.n	10004814 <stdio_usb_out_chars+0xd8>
1000477e:	2600      	movs	r6, #0
10004780:	2c00      	cmp	r4, #0
10004782:	dd43      	ble.n	1000480c <stdio_usb_out_chars+0xd0>
10004784:	4b2b      	ldr	r3, [pc, #172]	@ (10004834 <stdio_usb_out_chars+0xf8>)
10004786:	469b      	mov	fp, r3
10004788:	e014      	b.n	100047b4 <stdio_usb_out_chars+0x78>
1000478a:	19a9      	adds	r1, r5, r6
1000478c:	2000      	movs	r0, #0
1000478e:	f001 fb17 	bl	10005dc0 <tud_cdc_n_write>
10004792:	0007      	movs	r7, r0
10004794:	2001      	movs	r0, #1
10004796:	2100      	movs	r1, #0
10004798:	4240      	negs	r0, r0
1000479a:	f000 fc89 	bl	100050b0 <tud_task_ext>
1000479e:	2000      	movs	r0, #0
100047a0:	f001 fad4 	bl	10005d4c <tud_cdc_n_write_flush>
100047a4:	f7fc fdf2 	bl	1000138c <time_us_64>
100047a8:	4b22      	ldr	r3, [pc, #136]	@ (10004834 <stdio_usb_out_chars+0xf8>)
100047aa:	19f6      	adds	r6, r6, r7
100047ac:	6018      	str	r0, [r3, #0]
100047ae:	6059      	str	r1, [r3, #4]
100047b0:	42b4      	cmp	r4, r6
100047b2:	dd2b      	ble.n	1000480c <stdio_usb_out_chars+0xd0>
100047b4:	2000      	movs	r0, #0
100047b6:	f001 fb23 	bl	10005e00 <tud_cdc_n_write_available>
100047ba:	1ba7      	subs	r7, r4, r6
100047bc:	0002      	movs	r2, r0
100047be:	42b8      	cmp	r0, r7
100047c0:	dd00      	ble.n	100047c4 <stdio_usb_out_chars+0x88>
100047c2:	003a      	movs	r2, r7
100047c4:	2a00      	cmp	r2, #0
100047c6:	d1e0      	bne.n	1000478a <stdio_usb_out_chars+0x4e>
100047c8:	2001      	movs	r0, #1
100047ca:	2100      	movs	r1, #0
100047cc:	4240      	negs	r0, r0
100047ce:	f000 fc6f 	bl	100050b0 <tud_task_ext>
100047d2:	2000      	movs	r0, #0
100047d4:	f001 faba 	bl	10005d4c <tud_cdc_n_write_flush>
100047d8:	2000      	movs	r0, #0
100047da:	f001 fa53 	bl	10005c84 <tud_cdc_n_connected>
100047de:	2800      	cmp	r0, #0
100047e0:	d014      	beq.n	1000480c <stdio_usb_out_chars+0xd0>
100047e2:	2000      	movs	r0, #0
100047e4:	f001 fb0c 	bl	10005e00 <tud_cdc_n_write_available>
100047e8:	2800      	cmp	r0, #0
100047ea:	d1e1      	bne.n	100047b0 <stdio_usb_out_chars+0x74>
100047ec:	f7fc fdce 	bl	1000138c <time_us_64>
100047f0:	465b      	mov	r3, fp
100047f2:	000f      	movs	r7, r1
100047f4:	681a      	ldr	r2, [r3, #0]
100047f6:	685b      	ldr	r3, [r3, #4]
100047f8:	2100      	movs	r1, #0
100047fa:	4684      	mov	ip, r0
100047fc:	480e      	ldr	r0, [pc, #56]	@ (10004838 <stdio_usb_out_chars+0xfc>)
100047fe:	1812      	adds	r2, r2, r0
10004800:	414b      	adcs	r3, r1
10004802:	429f      	cmp	r7, r3
10004804:	d802      	bhi.n	1000480c <stdio_usb_out_chars+0xd0>
10004806:	d1d3      	bne.n	100047b0 <stdio_usb_out_chars+0x74>
10004808:	4594      	cmp	ip, r2
1000480a:	d9d1      	bls.n	100047b0 <stdio_usb_out_chars+0x74>
1000480c:	4650      	mov	r0, sl
1000480e:	f002 fdb3 	bl	10007378 <__mutex_exit_veneer>
10004812:	e7ab      	b.n	1000476c <stdio_usb_out_chars+0x30>
10004814:	2000      	movs	r0, #0
10004816:	2100      	movs	r1, #0
10004818:	4b06      	ldr	r3, [pc, #24]	@ (10004834 <stdio_usb_out_chars+0xf8>)
1000481a:	6018      	str	r0, [r3, #0]
1000481c:	6059      	str	r1, [r3, #4]
1000481e:	4650      	mov	r0, sl
10004820:	f002 fdaa 	bl	10007378 <__mutex_exit_veneer>
10004824:	e7a2      	b.n	1000476c <stdio_usb_out_chars+0x30>
10004826:	46c0      	nop			@ (mov r8, r8)
10004828:	000f4240 	.word	0x000f4240
1000482c:	7fffffff 	.word	0x7fffffff
10004830:	20002120 	.word	0x20002120
10004834:	20001230 	.word	0x20001230
10004838:	0007a120 	.word	0x0007a120

1000483c <low_priority_worker_irq>:
1000483c:	b530      	push	{r4, r5, lr}
1000483e:	4c2a      	ldr	r4, [pc, #168]	@ (100048e8 <low_priority_worker_irq+0xac>)
10004840:	b085      	sub	sp, #20
10004842:	2100      	movs	r1, #0
10004844:	0020      	movs	r0, r4
10004846:	f002 fdbf 	bl	100073c8 <__mutex_try_enter_veneer>
1000484a:	2800      	cmp	r0, #0
1000484c:	d11c      	bne.n	10004888 <low_priority_worker_irq+0x4c>
1000484e:	4b27      	ldr	r3, [pc, #156]	@ (100048ec <low_priority_worker_irq+0xb0>)
10004850:	681a      	ldr	r2, [r3, #0]
10004852:	2a00      	cmp	r2, #0
10004854:	d016      	beq.n	10004884 <low_priority_worker_irq+0x48>
10004856:	f3ef 8110 	mrs	r1, PRIMASK
1000485a:	b672      	cpsid	i
1000485c:	6810      	ldr	r0, [r2, #0]
1000485e:	2800      	cmp	r0, #0
10004860:	d0fc      	beq.n	1000485c <low_priority_worker_irq+0x20>
10004862:	f3bf 8f5f 	dmb	sy
10004866:	2401      	movs	r4, #1
10004868:	4821      	ldr	r0, [pc, #132]	@ (100048f0 <low_priority_worker_irq+0xb4>)
1000486a:	6059      	str	r1, [r3, #4]
1000486c:	7802      	ldrb	r2, [r0, #0]
1000486e:	681b      	ldr	r3, [r3, #0]
10004870:	b2d2      	uxtb	r2, r2
10004872:	7004      	strb	r4, [r0, #0]
10004874:	f3bf 8f5f 	dmb	sy
10004878:	2000      	movs	r0, #0
1000487a:	6018      	str	r0, [r3, #0]
1000487c:	f381 8810 	msr	PRIMASK, r1
10004880:	2a00      	cmp	r2, #0
10004882:	d017      	beq.n	100048b4 <low_priority_worker_irq+0x78>
10004884:	b005      	add	sp, #20
10004886:	bd30      	pop	{r4, r5, pc}
10004888:	2001      	movs	r0, #1
1000488a:	2100      	movs	r1, #0
1000488c:	4240      	negs	r0, r0
1000488e:	f000 fc0f 	bl	100050b0 <tud_task_ext>
10004892:	2000      	movs	r0, #0
10004894:	f001 fa0c 	bl	10005cb0 <tud_cdc_n_available>
10004898:	0005      	movs	r5, r0
1000489a:	0020      	movs	r0, r4
1000489c:	f002 fd6c 	bl	10007378 <__mutex_exit_veneer>
100048a0:	2d00      	cmp	r5, #0
100048a2:	d0ef      	beq.n	10004884 <low_priority_worker_irq+0x48>
100048a4:	4b13      	ldr	r3, [pc, #76]	@ (100048f4 <low_priority_worker_irq+0xb8>)
100048a6:	681b      	ldr	r3, [r3, #0]
100048a8:	2b00      	cmp	r3, #0
100048aa:	d0eb      	beq.n	10004884 <low_priority_worker_irq+0x48>
100048ac:	4a12      	ldr	r2, [pc, #72]	@ (100048f8 <low_priority_worker_irq+0xbc>)
100048ae:	6810      	ldr	r0, [r2, #0]
100048b0:	4798      	blx	r3
100048b2:	e7e7      	b.n	10004884 <low_priority_worker_irq+0x48>
100048b4:	f7fc fb54 	bl	10000f60 <alarm_pool_get_default>
100048b8:	0004      	movs	r4, r0
100048ba:	f7fc fd67 	bl	1000138c <time_us_64>
100048be:	22fa      	movs	r2, #250	@ 0xfa
100048c0:	2300      	movs	r3, #0
100048c2:	0092      	lsls	r2, r2, #2
100048c4:	1812      	adds	r2, r2, r0
100048c6:	414b      	adcs	r3, r1
100048c8:	2b00      	cmp	r3, #0
100048ca:	da02      	bge.n	100048d2 <low_priority_worker_irq+0x96>
100048cc:	2201      	movs	r2, #1
100048ce:	4b0b      	ldr	r3, [pc, #44]	@ (100048fc <low_priority_worker_irq+0xc0>)
100048d0:	4252      	negs	r2, r2
100048d2:	2101      	movs	r1, #1
100048d4:	9102      	str	r1, [sp, #8]
100048d6:	2100      	movs	r1, #0
100048d8:	9101      	str	r1, [sp, #4]
100048da:	4909      	ldr	r1, [pc, #36]	@ (10004900 <low_priority_worker_irq+0xc4>)
100048dc:	0020      	movs	r0, r4
100048de:	9100      	str	r1, [sp, #0]
100048e0:	f7fc fb42 	bl	10000f68 <alarm_pool_add_alarm_at>
100048e4:	e7ce      	b.n	10004884 <low_priority_worker_irq+0x48>
100048e6:	46c0      	nop			@ (mov r8, r8)
100048e8:	20002120 	.word	0x20002120
100048ec:	200020f8 	.word	0x200020f8
100048f0:	20002141 	.word	0x20002141
100048f4:	20001c68 	.word	0x20001c68
100048f8:	20001c6c 	.word	0x20001c6c
100048fc:	7fffffff 	.word	0x7fffffff
10004900:	10004601 	.word	0x10004601

10004904 <stdio_usb_init>:
10004904:	23d0      	movs	r3, #208	@ 0xd0
10004906:	b510      	push	{r4, lr}
10004908:	061b      	lsls	r3, r3, #24
1000490a:	b084      	sub	sp, #16
1000490c:	681c      	ldr	r4, [r3, #0]
1000490e:	f7fc fb27 	bl	10000f60 <alarm_pool_get_default>
10004912:	f7fc fc23 	bl	1000115c <alarm_pool_core_num>
10004916:	42a0      	cmp	r0, r4
10004918:	d002      	beq.n	10004920 <stdio_usb_init+0x1c>
1000491a:	2000      	movs	r0, #0
1000491c:	b004      	add	sp, #16
1000491e:	bd10      	pop	{r4, pc}
10004920:	4b29      	ldr	r3, [pc, #164]	@ (100049c8 <stdio_usb_init+0xc4>)
10004922:	2100      	movs	r1, #0
10004924:	2000      	movs	r0, #0
10004926:	781b      	ldrb	r3, [r3, #0]
10004928:	f001 fd5e 	bl	100063e8 <tusb_rhport_init>
1000492c:	4827      	ldr	r0, [pc, #156]	@ (100049cc <stdio_usb_init+0xc8>)
1000492e:	6803      	ldr	r3, [r0, #0]
10004930:	2b00      	cmp	r3, #0
10004932:	d045      	beq.n	100049c0 <stdio_usb_init+0xbc>
10004934:	2001      	movs	r0, #1
10004936:	f7fc f8a1 	bl	10000a7c <user_irq_claim_unused>
1000493a:	23ff      	movs	r3, #255	@ 0xff
1000493c:	4c24      	ldr	r4, [pc, #144]	@ (100049d0 <stdio_usb_init+0xcc>)
1000493e:	4925      	ldr	r1, [pc, #148]	@ (100049d4 <stdio_usb_init+0xd0>)
10004940:	7020      	strb	r0, [r4, #0]
10004942:	4018      	ands	r0, r3
10004944:	f7fb ff1c 	bl	10000780 <irq_set_exclusive_handler>
10004948:	7820      	ldrb	r0, [r4, #0]
1000494a:	2101      	movs	r1, #1
1000494c:	f7fb fee0 	bl	10000710 <irq_set_enabled>
10004950:	2005      	movs	r0, #5
10004952:	f7fb ff03 	bl	1000075c <irq_has_shared_handler>
10004956:	2800      	cmp	r0, #0
10004958:	d124      	bne.n	100049a4 <stdio_usb_init+0xa0>
1000495a:	2208      	movs	r2, #8
1000495c:	2100      	movs	r1, #0
1000495e:	481e      	ldr	r0, [pc, #120]	@ (100049d8 <stdio_usb_init+0xd4>)
10004960:	f7fd ff12 	bl	10002788 <__wrap_memset>
10004964:	f7fc fafc 	bl	10000f60 <alarm_pool_get_default>
10004968:	0004      	movs	r4, r0
1000496a:	f7fc fd0f 	bl	1000138c <time_us_64>
1000496e:	22fa      	movs	r2, #250	@ 0xfa
10004970:	2300      	movs	r3, #0
10004972:	0092      	lsls	r2, r2, #2
10004974:	1812      	adds	r2, r2, r0
10004976:	414b      	adcs	r3, r1
10004978:	2b00      	cmp	r3, #0
1000497a:	da02      	bge.n	10004982 <stdio_usb_init+0x7e>
1000497c:	2201      	movs	r2, #1
1000497e:	4b17      	ldr	r3, [pc, #92]	@ (100049dc <stdio_usb_init+0xd8>)
10004980:	4252      	negs	r2, r2
10004982:	2101      	movs	r1, #1
10004984:	9102      	str	r1, [sp, #8]
10004986:	2100      	movs	r1, #0
10004988:	9101      	str	r1, [sp, #4]
1000498a:	4915      	ldr	r1, [pc, #84]	@ (100049e0 <stdio_usb_init+0xdc>)
1000498c:	0020      	movs	r0, r4
1000498e:	9100      	str	r1, [sp, #0]
10004990:	f7fc faea 	bl	10000f68 <alarm_pool_add_alarm_at>
10004994:	2800      	cmp	r0, #0
10004996:	dbc0      	blt.n	1000491a <stdio_usb_init+0x16>
10004998:	4812      	ldr	r0, [pc, #72]	@ (100049e4 <stdio_usb_init+0xe0>)
1000499a:	2101      	movs	r1, #1
1000499c:	f7ff fca6 	bl	100042ec <stdio_set_driver_enabled>
100049a0:	2001      	movs	r0, #1
100049a2:	e7bb      	b.n	1000491c <stdio_usb_init+0x18>
100049a4:	2001      	movs	r0, #1
100049a6:	f7fb fe81 	bl	100006ac <spin_lock_claim_unused>
100049aa:	4b0b      	ldr	r3, [pc, #44]	@ (100049d8 <stdio_usb_init+0xd4>)
100049ac:	0001      	movs	r1, r0
100049ae:	0018      	movs	r0, r3
100049b0:	f7fc f8c6 	bl	10000b40 <critical_section_init_with_lock_num>
100049b4:	2200      	movs	r2, #0
100049b6:	2005      	movs	r0, #5
100049b8:	490b      	ldr	r1, [pc, #44]	@ (100049e8 <stdio_usb_init+0xe4>)
100049ba:	f7fb ff0b 	bl	100007d4 <irq_add_shared_handler>
100049be:	e7eb      	b.n	10004998 <stdio_usb_init+0x94>
100049c0:	f7fc f8a2 	bl	10000b08 <mutex_init>
100049c4:	e7b6      	b.n	10004934 <stdio_usb_init+0x30>
100049c6:	46c0      	nop			@ (mov r8, r8)
100049c8:	10007b10 	.word	0x10007b10
100049cc:	20002120 	.word	0x20002120
100049d0:	20002140 	.word	0x20002140
100049d4:	1000483d 	.word	0x1000483d
100049d8:	200020f8 	.word	0x200020f8
100049dc:	7fffffff 	.word	0x7fffffff
100049e0:	10004601 	.word	0x10004601
100049e4:	20001020 	.word	0x20001020
100049e8:	100045f1 	.word	0x100045f1

100049ec <tud_descriptor_device_cb>:
100049ec:	4800      	ldr	r0, [pc, #0]	@ (100049f0 <tud_descriptor_device_cb+0x4>)
100049ee:	4770      	bx	lr
100049f0:	100079f8 	.word	0x100079f8

100049f4 <tud_descriptor_configuration_cb>:
100049f4:	4800      	ldr	r0, [pc, #0]	@ (100049f8 <tud_descriptor_configuration_cb+0x4>)
100049f6:	4770      	bx	lr
100049f8:	100079a4 	.word	0x100079a4

100049fc <tud_descriptor_string_cb>:
100049fc:	b510      	push	{r4, lr}
100049fe:	0004      	movs	r4, r0
10004a00:	4817      	ldr	r0, [pc, #92]	@ (10004a60 <tud_descriptor_string_cb+0x64>)
10004a02:	7803      	ldrb	r3, [r0, #0]
10004a04:	2b00      	cmp	r3, #0
10004a06:	d020      	beq.n	10004a4a <tud_descriptor_string_cb+0x4e>
10004a08:	2c00      	cmp	r4, #0
10004a0a:	d106      	bne.n	10004a1a <tud_descriptor_string_cb+0x1e>
10004a0c:	4b15      	ldr	r3, [pc, #84]	@ (10004a64 <tud_descriptor_string_cb+0x68>)
10004a0e:	4816      	ldr	r0, [pc, #88]	@ (10004a68 <tud_descriptor_string_cb+0x6c>)
10004a10:	8043      	strh	r3, [r0, #2]
10004a12:	3b06      	subs	r3, #6
10004a14:	3bff      	subs	r3, #255	@ 0xff
10004a16:	8003      	strh	r3, [r0, #0]
10004a18:	bd10      	pop	{r4, pc}
10004a1a:	2c05      	cmp	r4, #5
10004a1c:	d81d      	bhi.n	10004a5a <tud_descriptor_string_cb+0x5e>
10004a1e:	4b13      	ldr	r3, [pc, #76]	@ (10004a6c <tud_descriptor_string_cb+0x70>)
10004a20:	00a4      	lsls	r4, r4, #2
10004a22:	58e0      	ldr	r0, [r4, r3]
10004a24:	4912      	ldr	r1, [pc, #72]	@ (10004a70 <tud_descriptor_string_cb+0x74>)
10004a26:	2301      	movs	r3, #1
10004a28:	3801      	subs	r0, #1
10004a2a:	e004      	b.n	10004a36 <tud_descriptor_string_cb+0x3a>
10004a2c:	3301      	adds	r3, #1
10004a2e:	800a      	strh	r2, [r1, #0]
10004a30:	3102      	adds	r1, #2
10004a32:	2b14      	cmp	r3, #20
10004a34:	d00d      	beq.n	10004a52 <tud_descriptor_string_cb+0x56>
10004a36:	5cc2      	ldrb	r2, [r0, r3]
10004a38:	2a00      	cmp	r2, #0
10004a3a:	d1f7      	bne.n	10004a2c <tud_descriptor_string_cb+0x30>
10004a3c:	22c0      	movs	r2, #192	@ 0xc0
10004a3e:	b2db      	uxtb	r3, r3
10004a40:	005b      	lsls	r3, r3, #1
10004a42:	0092      	lsls	r2, r2, #2
10004a44:	4808      	ldr	r0, [pc, #32]	@ (10004a68 <tud_descriptor_string_cb+0x6c>)
10004a46:	4313      	orrs	r3, r2
10004a48:	e7e5      	b.n	10004a16 <tud_descriptor_string_cb+0x1a>
10004a4a:	2111      	movs	r1, #17
10004a4c:	f000 f81a 	bl	10004a84 <pico_get_unique_board_id_string>
10004a50:	e7da      	b.n	10004a08 <tud_descriptor_string_cb+0xc>
10004a52:	23ca      	movs	r3, #202	@ 0xca
10004a54:	4804      	ldr	r0, [pc, #16]	@ (10004a68 <tud_descriptor_string_cb+0x6c>)
10004a56:	009b      	lsls	r3, r3, #2
10004a58:	e7dd      	b.n	10004a16 <tud_descriptor_string_cb+0x1a>
10004a5a:	2000      	movs	r0, #0
10004a5c:	e7dc      	b.n	10004a18 <tud_descriptor_string_cb+0x1c>
10004a5e:	46c0      	nop			@ (mov r8, r8)
10004a60:	20002128 	.word	0x20002128
10004a64:	00000409 	.word	0x00000409
10004a68:	20001ca0 	.word	0x20001ca0
10004a6c:	1000798c 	.word	0x1000798c
10004a70:	20001ca2 	.word	0x20001ca2

10004a74 <_retrieve_unique_id_on_boot>:
10004a74:	b510      	push	{r4, lr}
10004a76:	4802      	ldr	r0, [pc, #8]	@ (10004a80 <_retrieve_unique_id_on_boot+0xc>)
10004a78:	f000 f8d8 	bl	10004c2c <flash_get_unique_id>
10004a7c:	bd10      	pop	{r4, pc}
10004a7e:	46c0      	nop			@ (mov r8, r8)
10004a80:	20002110 	.word	0x20002110

10004a84 <pico_get_unique_board_id_string>:
10004a84:	b530      	push	{r4, r5, lr}
10004a86:	1e4b      	subs	r3, r1, #1
10004a88:	2901      	cmp	r1, #1
10004a8a:	d100      	bne.n	10004a8e <pico_get_unique_board_id_string+0xa>
10004a8c:	e0a7      	b.n	10004bde <pico_get_unique_board_id_string+0x15a>
10004a8e:	4a66      	ldr	r2, [pc, #408]	@ (10004c28 <pico_get_unique_board_id_string+0x1a4>)
10004a90:	7811      	ldrb	r1, [r2, #0]
10004a92:	090d      	lsrs	r5, r1, #4
10004a94:	002c      	movs	r4, r5
10004a96:	3430      	adds	r4, #48	@ 0x30
10004a98:	299f      	cmp	r1, #159	@ 0x9f
10004a9a:	d900      	bls.n	10004a9e <pico_get_unique_board_id_string+0x1a>
10004a9c:	e0a2      	b.n	10004be4 <pico_get_unique_board_id_string+0x160>
10004a9e:	7004      	strb	r4, [r0, #0]
10004aa0:	2b01      	cmp	r3, #1
10004aa2:	d100      	bne.n	10004aa6 <pico_get_unique_board_id_string+0x22>
10004aa4:	e0be      	b.n	10004c24 <pico_get_unique_board_id_string+0x1a0>
10004aa6:	210f      	movs	r1, #15
10004aa8:	7814      	ldrb	r4, [r2, #0]
10004aaa:	4021      	ands	r1, r4
10004aac:	000c      	movs	r4, r1
10004aae:	3430      	adds	r4, #48	@ 0x30
10004ab0:	2909      	cmp	r1, #9
10004ab2:	d900      	bls.n	10004ab6 <pico_get_unique_board_id_string+0x32>
10004ab4:	e098      	b.n	10004be8 <pico_get_unique_board_id_string+0x164>
10004ab6:	7044      	strb	r4, [r0, #1]
10004ab8:	2b02      	cmp	r3, #2
10004aba:	d100      	bne.n	10004abe <pico_get_unique_board_id_string+0x3a>
10004abc:	e0b2      	b.n	10004c24 <pico_get_unique_board_id_string+0x1a0>
10004abe:	7854      	ldrb	r4, [r2, #1]
10004ac0:	0925      	lsrs	r5, r4, #4
10004ac2:	0029      	movs	r1, r5
10004ac4:	3130      	adds	r1, #48	@ 0x30
10004ac6:	2c9f      	cmp	r4, #159	@ 0x9f
10004ac8:	d900      	bls.n	10004acc <pico_get_unique_board_id_string+0x48>
10004aca:	e090      	b.n	10004bee <pico_get_unique_board_id_string+0x16a>
10004acc:	7081      	strb	r1, [r0, #2]
10004ace:	2b03      	cmp	r3, #3
10004ad0:	d100      	bne.n	10004ad4 <pico_get_unique_board_id_string+0x50>
10004ad2:	e0a7      	b.n	10004c24 <pico_get_unique_board_id_string+0x1a0>
10004ad4:	210f      	movs	r1, #15
10004ad6:	4021      	ands	r1, r4
10004ad8:	000c      	movs	r4, r1
10004ada:	3430      	adds	r4, #48	@ 0x30
10004adc:	2909      	cmp	r1, #9
10004ade:	d900      	bls.n	10004ae2 <pico_get_unique_board_id_string+0x5e>
10004ae0:	e087      	b.n	10004bf2 <pico_get_unique_board_id_string+0x16e>
10004ae2:	70c4      	strb	r4, [r0, #3]
10004ae4:	2b04      	cmp	r3, #4
10004ae6:	d100      	bne.n	10004aea <pico_get_unique_board_id_string+0x66>
10004ae8:	e09c      	b.n	10004c24 <pico_get_unique_board_id_string+0x1a0>
10004aea:	7894      	ldrb	r4, [r2, #2]
10004aec:	0925      	lsrs	r5, r4, #4
10004aee:	0029      	movs	r1, r5
10004af0:	3130      	adds	r1, #48	@ 0x30
10004af2:	2c9f      	cmp	r4, #159	@ 0x9f
10004af4:	d900      	bls.n	10004af8 <pico_get_unique_board_id_string+0x74>
10004af6:	e07f      	b.n	10004bf8 <pico_get_unique_board_id_string+0x174>
10004af8:	7101      	strb	r1, [r0, #4]
10004afa:	2b05      	cmp	r3, #5
10004afc:	d100      	bne.n	10004b00 <pico_get_unique_board_id_string+0x7c>
10004afe:	e091      	b.n	10004c24 <pico_get_unique_board_id_string+0x1a0>
10004b00:	210f      	movs	r1, #15
10004b02:	4021      	ands	r1, r4
10004b04:	000c      	movs	r4, r1
10004b06:	3430      	adds	r4, #48	@ 0x30
10004b08:	2909      	cmp	r1, #9
10004b0a:	d900      	bls.n	10004b0e <pico_get_unique_board_id_string+0x8a>
10004b0c:	e076      	b.n	10004bfc <pico_get_unique_board_id_string+0x178>
10004b0e:	7144      	strb	r4, [r0, #5]
10004b10:	2b06      	cmp	r3, #6
10004b12:	d100      	bne.n	10004b16 <pico_get_unique_board_id_string+0x92>
10004b14:	e086      	b.n	10004c24 <pico_get_unique_board_id_string+0x1a0>
10004b16:	78d4      	ldrb	r4, [r2, #3]
10004b18:	0925      	lsrs	r5, r4, #4
10004b1a:	0029      	movs	r1, r5
10004b1c:	3130      	adds	r1, #48	@ 0x30
10004b1e:	2c9f      	cmp	r4, #159	@ 0x9f
10004b20:	d900      	bls.n	10004b24 <pico_get_unique_board_id_string+0xa0>
10004b22:	e06e      	b.n	10004c02 <pico_get_unique_board_id_string+0x17e>
10004b24:	7181      	strb	r1, [r0, #6]
10004b26:	2b07      	cmp	r3, #7
10004b28:	d100      	bne.n	10004b2c <pico_get_unique_board_id_string+0xa8>
10004b2a:	e07b      	b.n	10004c24 <pico_get_unique_board_id_string+0x1a0>
10004b2c:	210f      	movs	r1, #15
10004b2e:	4021      	ands	r1, r4
10004b30:	000c      	movs	r4, r1
10004b32:	3430      	adds	r4, #48	@ 0x30
10004b34:	2909      	cmp	r1, #9
10004b36:	d866      	bhi.n	10004c06 <pico_get_unique_board_id_string+0x182>
10004b38:	71c4      	strb	r4, [r0, #7]
10004b3a:	2b08      	cmp	r3, #8
10004b3c:	d100      	bne.n	10004b40 <pico_get_unique_board_id_string+0xbc>
10004b3e:	e071      	b.n	10004c24 <pico_get_unique_board_id_string+0x1a0>
10004b40:	7914      	ldrb	r4, [r2, #4]
10004b42:	0925      	lsrs	r5, r4, #4
10004b44:	0029      	movs	r1, r5
10004b46:	3130      	adds	r1, #48	@ 0x30
10004b48:	2c9f      	cmp	r4, #159	@ 0x9f
10004b4a:	d85f      	bhi.n	10004c0c <pico_get_unique_board_id_string+0x188>
10004b4c:	7201      	strb	r1, [r0, #8]
10004b4e:	2b09      	cmp	r3, #9
10004b50:	d068      	beq.n	10004c24 <pico_get_unique_board_id_string+0x1a0>
10004b52:	210f      	movs	r1, #15
10004b54:	4021      	ands	r1, r4
10004b56:	000c      	movs	r4, r1
10004b58:	3430      	adds	r4, #48	@ 0x30
10004b5a:	2909      	cmp	r1, #9
10004b5c:	d858      	bhi.n	10004c10 <pico_get_unique_board_id_string+0x18c>
10004b5e:	7244      	strb	r4, [r0, #9]
10004b60:	2b0a      	cmp	r3, #10
10004b62:	d05f      	beq.n	10004c24 <pico_get_unique_board_id_string+0x1a0>
10004b64:	7954      	ldrb	r4, [r2, #5]
10004b66:	0925      	lsrs	r5, r4, #4
10004b68:	0029      	movs	r1, r5
10004b6a:	3130      	adds	r1, #48	@ 0x30
10004b6c:	2c9f      	cmp	r4, #159	@ 0x9f
10004b6e:	d852      	bhi.n	10004c16 <pico_get_unique_board_id_string+0x192>
10004b70:	7281      	strb	r1, [r0, #10]
10004b72:	2b0b      	cmp	r3, #11
10004b74:	d056      	beq.n	10004c24 <pico_get_unique_board_id_string+0x1a0>
10004b76:	210f      	movs	r1, #15
10004b78:	4021      	ands	r1, r4
10004b7a:	000c      	movs	r4, r1
10004b7c:	3430      	adds	r4, #48	@ 0x30
10004b7e:	2909      	cmp	r1, #9
10004b80:	d84b      	bhi.n	10004c1a <pico_get_unique_board_id_string+0x196>
10004b82:	72c4      	strb	r4, [r0, #11]
10004b84:	2b0c      	cmp	r3, #12
10004b86:	d04d      	beq.n	10004c24 <pico_get_unique_board_id_string+0x1a0>
10004b88:	7994      	ldrb	r4, [r2, #6]
10004b8a:	0925      	lsrs	r5, r4, #4
10004b8c:	0029      	movs	r1, r5
10004b8e:	3130      	adds	r1, #48	@ 0x30
10004b90:	2c9f      	cmp	r4, #159	@ 0x9f
10004b92:	d900      	bls.n	10004b96 <pico_get_unique_board_id_string+0x112>
10004b94:	3107      	adds	r1, #7
10004b96:	7301      	strb	r1, [r0, #12]
10004b98:	2b0d      	cmp	r3, #13
10004b9a:	d043      	beq.n	10004c24 <pico_get_unique_board_id_string+0x1a0>
10004b9c:	210f      	movs	r1, #15
10004b9e:	4021      	ands	r1, r4
10004ba0:	000c      	movs	r4, r1
10004ba2:	3430      	adds	r4, #48	@ 0x30
10004ba4:	2909      	cmp	r1, #9
10004ba6:	d901      	bls.n	10004bac <pico_get_unique_board_id_string+0x128>
10004ba8:	3137      	adds	r1, #55	@ 0x37
10004baa:	000c      	movs	r4, r1
10004bac:	7344      	strb	r4, [r0, #13]
10004bae:	2b0e      	cmp	r3, #14
10004bb0:	d038      	beq.n	10004c24 <pico_get_unique_board_id_string+0x1a0>
10004bb2:	79d1      	ldrb	r1, [r2, #7]
10004bb4:	090c      	lsrs	r4, r1, #4
10004bb6:	0022      	movs	r2, r4
10004bb8:	3230      	adds	r2, #48	@ 0x30
10004bba:	299f      	cmp	r1, #159	@ 0x9f
10004bbc:	d900      	bls.n	10004bc0 <pico_get_unique_board_id_string+0x13c>
10004bbe:	3207      	adds	r2, #7
10004bc0:	7382      	strb	r2, [r0, #14]
10004bc2:	2b0f      	cmp	r3, #15
10004bc4:	d02e      	beq.n	10004c24 <pico_get_unique_board_id_string+0x1a0>
10004bc6:	220f      	movs	r2, #15
10004bc8:	400a      	ands	r2, r1
10004bca:	0011      	movs	r1, r2
10004bcc:	3137      	adds	r1, #55	@ 0x37
10004bce:	2a09      	cmp	r2, #9
10004bd0:	d801      	bhi.n	10004bd6 <pico_get_unique_board_id_string+0x152>
10004bd2:	3230      	adds	r2, #48	@ 0x30
10004bd4:	0011      	movs	r1, r2
10004bd6:	73c1      	strb	r1, [r0, #15]
10004bd8:	2b10      	cmp	r3, #16
10004bda:	d023      	beq.n	10004c24 <pico_get_unique_board_id_string+0x1a0>
10004bdc:	3010      	adds	r0, #16
10004bde:	2300      	movs	r3, #0
10004be0:	7003      	strb	r3, [r0, #0]
10004be2:	bd30      	pop	{r4, r5, pc}
10004be4:	3407      	adds	r4, #7
10004be6:	e75a      	b.n	10004a9e <pico_get_unique_board_id_string+0x1a>
10004be8:	3137      	adds	r1, #55	@ 0x37
10004bea:	000c      	movs	r4, r1
10004bec:	e763      	b.n	10004ab6 <pico_get_unique_board_id_string+0x32>
10004bee:	3107      	adds	r1, #7
10004bf0:	e76c      	b.n	10004acc <pico_get_unique_board_id_string+0x48>
10004bf2:	3137      	adds	r1, #55	@ 0x37
10004bf4:	000c      	movs	r4, r1
10004bf6:	e774      	b.n	10004ae2 <pico_get_unique_board_id_string+0x5e>
10004bf8:	3107      	adds	r1, #7
10004bfa:	e77d      	b.n	10004af8 <pico_get_unique_board_id_string+0x74>
10004bfc:	3137      	adds	r1, #55	@ 0x37
10004bfe:	000c      	movs	r4, r1
10004c00:	e785      	b.n	10004b0e <pico_get_unique_board_id_string+0x8a>
10004c02:	3107      	adds	r1, #7
10004c04:	e78e      	b.n	10004b24 <pico_get_unique_board_id_string+0xa0>
10004c06:	3137      	adds	r1, #55	@ 0x37
10004c08:	000c      	movs	r4, r1
10004c0a:	e795      	b.n	10004b38 <pico_get_unique_board_id_string+0xb4>
10004c0c:	3107      	adds	r1, #7
10004c0e:	e79d      	b.n	10004b4c <pico_get_unique_board_id_string+0xc8>
10004c10:	3137      	adds	r1, #55	@ 0x37
10004c12:	000c      	movs	r4, r1
10004c14:	e7a3      	b.n	10004b5e <pico_get_unique_board_id_string+0xda>
10004c16:	3107      	adds	r1, #7
10004c18:	e7aa      	b.n	10004b70 <pico_get_unique_board_id_string+0xec>
10004c1a:	3137      	adds	r1, #55	@ 0x37
10004c1c:	000c      	movs	r4, r1
10004c1e:	72c4      	strb	r4, [r0, #11]
10004c20:	2b0c      	cmp	r3, #12
10004c22:	d1b1      	bne.n	10004b88 <pico_get_unique_board_id_string+0x104>
10004c24:	18c0      	adds	r0, r0, r3
10004c26:	e7da      	b.n	10004bde <pico_get_unique_board_id_string+0x15a>
10004c28:	20002110 	.word	0x20002110

10004c2c <flash_get_unique_id>:
10004c2c:	b510      	push	{r4, lr}
10004c2e:	b088      	sub	sp, #32
10004c30:	0004      	movs	r4, r0
10004c32:	220d      	movs	r2, #13
10004c34:	2100      	movs	r1, #0
10004c36:	4668      	mov	r0, sp
10004c38:	f7fd fda6 	bl	10002788 <__wrap_memset>
10004c3c:	220d      	movs	r2, #13
10004c3e:	2100      	movs	r1, #0
10004c40:	a804      	add	r0, sp, #16
10004c42:	f7fd fda1 	bl	10002788 <__wrap_memset>
10004c46:	234b      	movs	r3, #75	@ 0x4b
10004c48:	466a      	mov	r2, sp
10004c4a:	4668      	mov	r0, sp
10004c4c:	7013      	strb	r3, [r2, #0]
10004c4e:	a904      	add	r1, sp, #16
10004c50:	220d      	movs	r2, #13
10004c52:	f002 fb89 	bl	10007368 <__flash_do_cmd_veneer>
10004c56:	2115      	movs	r1, #21
10004c58:	2208      	movs	r2, #8
10004c5a:	0020      	movs	r0, r4
10004c5c:	4469      	add	r1, sp
10004c5e:	f7fd fd99 	bl	10002794 <__wrap___aeabi_memcpy>
10004c62:	b008      	add	sp, #32
10004c64:	bd10      	pop	{r4, pc}
10004c66:	46c0      	nop			@ (mov r8, r8)

10004c68 <dcd_init>:
10004c68:	b5f8      	push	{r3, r4, r5, r6, r7, lr}
10004c6a:	f000 f947 	bl	10004efc <rp2040_usb_init>
10004c6e:	230c      	movs	r3, #12
10004c70:	4d19      	ldr	r5, [pc, #100]	@ (10004cd8 <dcd_init+0x70>)
10004c72:	22ff      	movs	r2, #255	@ 0xff
10004c74:	67ab      	str	r3, [r5, #120]	@ 0x78
10004c76:	2005      	movs	r0, #5
10004c78:	4918      	ldr	r1, [pc, #96]	@ (10004cdc <dcd_init+0x74>)
10004c7a:	f7fb fdab 	bl	100007d4 <irq_add_shared_handler>
10004c7e:	4c18      	ldr	r4, [pc, #96]	@ (10004ce0 <dcd_init+0x78>)
10004c80:	2240      	movs	r2, #64	@ 0x40
10004c82:	2100      	movs	r1, #0
10004c84:	0020      	movs	r0, r4
10004c86:	f7fd fd7f 	bl	10002788 <__wrap_memset>
10004c8a:	2740      	movs	r7, #64	@ 0x40
10004c8c:	2300      	movs	r3, #0
10004c8e:	2601      	movs	r6, #1
10004c90:	2121      	movs	r1, #33	@ 0x21
10004c92:	4a14      	ldr	r2, [pc, #80]	@ (10004ce4 <dcd_init+0x7c>)
10004c94:	7066      	strb	r6, [r4, #1]
10004c96:	8327      	strh	r7, [r4, #24]
10004c98:	60a2      	str	r2, [r4, #8]
10004c9a:	6013      	str	r3, [r2, #0]
10004c9c:	5463      	strb	r3, [r4, r1]
10004c9e:	315f      	adds	r1, #95	@ 0x5f
10004ca0:	8461      	strh	r1, [r4, #34]	@ 0x22
10004ca2:	3945      	subs	r1, #69	@ 0x45
10004ca4:	5463      	strb	r3, [r4, r1]
10004ca6:	4a10      	ldr	r2, [pc, #64]	@ (10004ce8 <dcd_init+0x80>)
10004ca8:	4910      	ldr	r1, [pc, #64]	@ (10004cec <dcd_init+0x84>)
10004caa:	6063      	str	r3, [r4, #4]
10004cac:	60e2      	str	r2, [r4, #12]
10004cae:	8727      	strh	r7, [r4, #56]	@ 0x38
10004cb0:	62a1      	str	r1, [r4, #40]	@ 0x28
10004cb2:	600b      	str	r3, [r1, #0]
10004cb4:	6263      	str	r3, [r4, #36]	@ 0x24
10004cb6:	62e2      	str	r2, [r4, #44]	@ 0x2c
10004cb8:	f002 fb6e 	bl	10007398 <__reset_non_control_endpoints_veneer>
10004cbc:	2380      	movs	r3, #128	@ 0x80
10004cbe:	059b      	lsls	r3, r3, #22
10004cc0:	642e      	str	r6, [r5, #64]	@ 0x40
10004cc2:	64eb      	str	r3, [r5, #76]	@ 0x4c
10004cc4:	2390      	movs	r3, #144	@ 0x90
10004cc6:	4a0a      	ldr	r2, [pc, #40]	@ (10004cf0 <dcd_init+0x88>)
10004cc8:	2001      	movs	r0, #1
10004cca:	50ea      	str	r2, [r5, r3]
10004ccc:	2280      	movs	r2, #128	@ 0x80
10004cce:	4b09      	ldr	r3, [pc, #36]	@ (10004cf4 <dcd_init+0x8c>)
10004cd0:	0252      	lsls	r2, r2, #9
10004cd2:	64da      	str	r2, [r3, #76]	@ 0x4c
10004cd4:	bdf8      	pop	{r3, r4, r5, r6, r7, pc}
10004cd6:	46c0      	nop			@ (mov r8, r8)
10004cd8:	50110000 	.word	0x50110000
10004cdc:	200004f9 	.word	0x200004f9
10004ce0:	20001cd4 	.word	0x20001cd4
10004ce4:	50100084 	.word	0x50100084
10004ce8:	50100100 	.word	0x50100100
10004cec:	50100080 	.word	0x50100080
10004cf0:	0001d010 	.word	0x0001d010
10004cf4:	50112000 	.word	0x50112000

10004cf8 <dcd_int_enable>:
10004cf8:	b510      	push	{r4, lr}
10004cfa:	2101      	movs	r1, #1
10004cfc:	2005      	movs	r0, #5
10004cfe:	f7fb fd07 	bl	10000710 <irq_set_enabled>
10004d02:	bd10      	pop	{r4, pc}

10004d04 <dcd_set_address>:
10004d04:	b510      	push	{r4, lr}
10004d06:	2200      	movs	r2, #0
10004d08:	2100      	movs	r1, #0
10004d0a:	4802      	ldr	r0, [pc, #8]	@ (10004d14 <dcd_set_address+0x10>)
10004d0c:	f000 f916 	bl	10004f3c <hw_endpoint_xfer_start>
10004d10:	bd10      	pop	{r4, pc}
10004d12:	46c0      	nop			@ (mov r8, r8)
10004d14:	20001cf4 	.word	0x20001cf4

10004d18 <dcd_sof_enable>:
10004d18:	4b04      	ldr	r3, [pc, #16]	@ (10004d2c <dcd_sof_enable+0x14>)
10004d1a:	7019      	strb	r1, [r3, #0]
10004d1c:	2900      	cmp	r1, #0
10004d1e:	d004      	beq.n	10004d2a <dcd_sof_enable+0x12>
10004d20:	2180      	movs	r1, #128	@ 0x80
10004d22:	2390      	movs	r3, #144	@ 0x90
10004d24:	4a02      	ldr	r2, [pc, #8]	@ (10004d30 <dcd_sof_enable+0x18>)
10004d26:	0289      	lsls	r1, r1, #10
10004d28:	50d1      	str	r1, [r2, r3]
10004d2a:	4770      	bx	lr
10004d2c:	2000213b 	.word	0x2000213b
10004d30:	50112000 	.word	0x50112000

10004d34 <dcd_edpt0_status_complete>:
10004d34:	780b      	ldrb	r3, [r1, #0]
10004d36:	065b      	lsls	r3, r3, #25
10004d38:	d102      	bne.n	10004d40 <dcd_edpt0_status_complete+0xc>
10004d3a:	784b      	ldrb	r3, [r1, #1]
10004d3c:	2b05      	cmp	r3, #5
10004d3e:	d000      	beq.n	10004d42 <dcd_edpt0_status_complete+0xe>
10004d40:	4770      	bx	lr
10004d42:	788a      	ldrb	r2, [r1, #2]
10004d44:	4b01      	ldr	r3, [pc, #4]	@ (10004d4c <dcd_edpt0_status_complete+0x18>)
10004d46:	601a      	str	r2, [r3, #0]
10004d48:	e7fa      	b.n	10004d40 <dcd_edpt0_status_complete+0xc>
10004d4a:	46c0      	nop			@ (mov r8, r8)
10004d4c:	50110000 	.word	0x50110000

10004d50 <dcd_edpt_open>:
10004d50:	b5f0      	push	{r4, r5, r6, r7, lr}
10004d52:	46c6      	mov	lr, r8
10004d54:	78c8      	ldrb	r0, [r1, #3]
10004d56:	b500      	push	{lr}
10004d58:	0780      	lsls	r0, r0, #30
10004d5a:	0f83      	lsrs	r3, r0, #30
10004d5c:	0018      	movs	r0, r3
10004d5e:	2b01      	cmp	r3, #1
10004d60:	d060      	beq.n	10004e24 <dcd_edpt_open+0xd4>
10004d62:	788f      	ldrb	r7, [r1, #2]
10004d64:	790a      	ldrb	r2, [r1, #4]
10004d66:	794b      	ldrb	r3, [r1, #5]
10004d68:	217f      	movs	r1, #127	@ 0x7f
10004d6a:	4039      	ands	r1, r7
10004d6c:	09fc      	lsrs	r4, r7, #7
10004d6e:	021b      	lsls	r3, r3, #8
10004d70:	004e      	lsls	r6, r1, #1
10004d72:	4313      	orrs	r3, r2
10004d74:	4d33      	ldr	r5, [pc, #204]	@ (10004e44 <dcd_edpt_open+0xf4>)
10004d76:	1932      	adds	r2, r6, r4
10004d78:	0152      	lsls	r2, r2, #5
10004d7a:	18aa      	adds	r2, r5, r2
10004d7c:	7097      	strb	r7, [r2, #2]
10004d7e:	2701      	movs	r7, #1
10004d80:	4067      	eors	r7, r4
10004d82:	7057      	strb	r7, [r2, #1]
10004d84:	2700      	movs	r7, #0
10004d86:	055b      	lsls	r3, r3, #21
10004d88:	0d5b      	lsrs	r3, r3, #21
10004d8a:	70d7      	strb	r7, [r2, #3]
10004d8c:	8313      	strh	r3, [r2, #24]
10004d8e:	76d0      	strb	r0, [r2, #27]
10004d90:	46b8      	mov	r8, r7
10004d92:	00ca      	lsls	r2, r1, #3
10004d94:	2c01      	cmp	r4, #1
10004d96:	d032      	beq.n	10004dfe <dcd_edpt_open+0xae>
10004d98:	4f2b      	ldr	r7, [pc, #172]	@ (10004e48 <dcd_edpt_open+0xf8>)
10004d9a:	46bc      	mov	ip, r7
10004d9c:	018f      	lsls	r7, r1, #6
10004d9e:	4462      	add	r2, ip
10004da0:	46bc      	mov	ip, r7
10004da2:	44ac      	add	ip, r5
10004da4:	4667      	mov	r7, ip
10004da6:	60ba      	str	r2, [r7, #8]
10004da8:	4647      	mov	r7, r8
10004daa:	6017      	str	r7, [r2, #0]
10004dac:	2900      	cmp	r1, #0
10004dae:	d032      	beq.n	10004e16 <dcd_edpt_open+0xc6>
10004db0:	4a26      	ldr	r2, [pc, #152]	@ (10004e4c <dcd_edpt_open+0xfc>)
10004db2:	00c9      	lsls	r1, r1, #3
10004db4:	4690      	mov	r8, r2
10004db6:	4662      	mov	r2, ip
10004db8:	4441      	add	r1, r8
10004dba:	6051      	str	r1, [r2, #4]
10004dbc:	223f      	movs	r2, #63	@ 0x3f
10004dbe:	333f      	adds	r3, #63	@ 0x3f
10004dc0:	4393      	bics	r3, r2
10004dc2:	2802      	cmp	r0, #2
10004dc4:	d037      	beq.n	10004e36 <dcd_edpt_open+0xe6>
10004dc6:	4922      	ldr	r1, [pc, #136]	@ (10004e50 <dcd_edpt_open+0x100>)
10004dc8:	1937      	adds	r7, r6, r4
10004dca:	680a      	ldr	r2, [r1, #0]
10004dcc:	017f      	lsls	r7, r7, #5
10004dce:	18d3      	adds	r3, r2, r3
10004dd0:	600b      	str	r3, [r1, #0]
10004dd2:	4920      	ldr	r1, [pc, #128]	@ (10004e54 <dcd_edpt_open+0x104>)
10004dd4:	19ef      	adds	r7, r5, r7
10004dd6:	60fa      	str	r2, [r7, #12]
10004dd8:	428b      	cmp	r3, r1
10004dda:	d82e      	bhi.n	10004e3a <dcd_edpt_open+0xea>
10004ddc:	1936      	adds	r6, r6, r4
10004dde:	0176      	lsls	r6, r6, #5
10004de0:	19ad      	adds	r5, r5, r6
10004de2:	7eeb      	ldrb	r3, [r5, #27]
10004de4:	491c      	ldr	r1, [pc, #112]	@ (10004e58 <dcd_edpt_open+0x108>)
10004de6:	069b      	lsls	r3, r3, #26
10004de8:	404a      	eors	r2, r1
10004dea:	4313      	orrs	r3, r2
10004dec:	2280      	movs	r2, #128	@ 0x80
10004dee:	0612      	lsls	r2, r2, #24
10004df0:	4313      	orrs	r3, r2
10004df2:	686a      	ldr	r2, [r5, #4]
10004df4:	6013      	str	r3, [r2, #0]
10004df6:	2001      	movs	r0, #1
10004df8:	bc80      	pop	{r7}
10004dfa:	46b8      	mov	r8, r7
10004dfc:	bdf0      	pop	{r4, r5, r6, r7, pc}
10004dfe:	4f17      	ldr	r7, [pc, #92]	@ (10004e5c <dcd_edpt_open+0x10c>)
10004e00:	46bc      	mov	ip, r7
10004e02:	018f      	lsls	r7, r1, #6
10004e04:	4462      	add	r2, ip
10004e06:	46bc      	mov	ip, r7
10004e08:	44ac      	add	ip, r5
10004e0a:	4667      	mov	r7, ip
10004e0c:	62ba      	str	r2, [r7, #40]	@ 0x28
10004e0e:	4647      	mov	r7, r8
10004e10:	6017      	str	r7, [r2, #0]
10004e12:	2900      	cmp	r1, #0
10004e14:	d108      	bne.n	10004e28 <dcd_edpt_open+0xd8>
10004e16:	2300      	movs	r3, #0
10004e18:	0164      	lsls	r4, r4, #5
10004e1a:	192c      	adds	r4, r5, r4
10004e1c:	6063      	str	r3, [r4, #4]
10004e1e:	4b10      	ldr	r3, [pc, #64]	@ (10004e60 <dcd_edpt_open+0x110>)
10004e20:	60e3      	str	r3, [r4, #12]
10004e22:	e7e8      	b.n	10004df6 <dcd_edpt_open+0xa6>
10004e24:	2000      	movs	r0, #0
10004e26:	e7e7      	b.n	10004df8 <dcd_edpt_open+0xa8>
10004e28:	4a0b      	ldr	r2, [pc, #44]	@ (10004e58 <dcd_edpt_open+0x108>)
10004e2a:	00c9      	lsls	r1, r1, #3
10004e2c:	4690      	mov	r8, r2
10004e2e:	4662      	mov	r2, ip
10004e30:	4441      	add	r1, r8
10004e32:	6251      	str	r1, [r2, #36]	@ 0x24
10004e34:	e7c2      	b.n	10004dbc <dcd_edpt_open+0x6c>
10004e36:	005b      	lsls	r3, r3, #1
10004e38:	e7c5      	b.n	10004dc6 <dcd_edpt_open+0x76>
10004e3a:	f7fc fcb7 	bl	100017ac <hard_assertion_failure>
10004e3e:	68fa      	ldr	r2, [r7, #12]
10004e40:	e7cc      	b.n	10004ddc <dcd_edpt_open+0x8c>
10004e42:	46c0      	nop			@ (mov r8, r8)
10004e44:	20001cd4 	.word	0x20001cd4
10004e48:	50100084 	.word	0x50100084
10004e4c:	50100004 	.word	0x50100004
10004e50:	200020dc 	.word	0x200020dc
10004e54:	50100fff 	.word	0x50100fff
10004e58:	50100000 	.word	0x50100000
10004e5c:	50100080 	.word	0x50100080
10004e60:	50100100 	.word	0x50100100

10004e64 <dcd_edpt_close_all>:
10004e64:	b510      	push	{r4, lr}
10004e66:	f002 fa97 	bl	10007398 <__reset_non_control_endpoints_veneer>
10004e6a:	bd10      	pop	{r4, pc}

10004e6c <dcd_edpt_xfer>:
10004e6c:	b510      	push	{r4, lr}
10004e6e:	207f      	movs	r0, #127	@ 0x7f
10004e70:	000c      	movs	r4, r1
10004e72:	4020      	ands	r0, r4
10004e74:	0040      	lsls	r0, r0, #1
10004e76:	09e4      	lsrs	r4, r4, #7
10004e78:	0011      	movs	r1, r2
10004e7a:	1900      	adds	r0, r0, r4
10004e7c:	001a      	movs	r2, r3
10004e7e:	4b03      	ldr	r3, [pc, #12]	@ (10004e8c <dcd_edpt_xfer+0x20>)
10004e80:	0140      	lsls	r0, r0, #5
10004e82:	18c0      	adds	r0, r0, r3
10004e84:	f000 f85a 	bl	10004f3c <hw_endpoint_xfer_start>
10004e88:	2001      	movs	r0, #1
10004e8a:	bd10      	pop	{r4, pc}
10004e8c:	20001cd4 	.word	0x20001cd4

10004e90 <dcd_edpt_stall>:
10004e90:	237f      	movs	r3, #127	@ 0x7f
10004e92:	0018      	movs	r0, r3
10004e94:	b500      	push	{lr}
10004e96:	4008      	ands	r0, r1
10004e98:	b083      	sub	sp, #12
10004e9a:	420b      	tst	r3, r1
10004e9c:	d104      	bne.n	10004ea8 <dcd_edpt_stall+0x18>
10004e9e:	424b      	negs	r3, r1
10004ea0:	414b      	adcs	r3, r1
10004ea2:	4a08      	ldr	r2, [pc, #32]	@ (10004ec4 <dcd_edpt_stall+0x34>)
10004ea4:	3301      	adds	r3, #1
10004ea6:	6693      	str	r3, [r2, #104]	@ 0x68
10004ea8:	2280      	movs	r2, #128	@ 0x80
10004eaa:	09c9      	lsrs	r1, r1, #7
10004eac:	0040      	lsls	r0, r0, #1
10004eae:	4b06      	ldr	r3, [pc, #24]	@ (10004ec8 <dcd_edpt_stall+0x38>)
10004eb0:	1840      	adds	r0, r0, r1
10004eb2:	0140      	lsls	r0, r0, #5
10004eb4:	2100      	movs	r1, #0
10004eb6:	18c0      	adds	r0, r0, r3
10004eb8:	0112      	lsls	r2, r2, #4
10004eba:	f002 faa5 	bl	10007408 <___hw_endpoint_buffer_control_update32_veneer>
10004ebe:	b003      	add	sp, #12
10004ec0:	bd00      	pop	{pc}
10004ec2:	46c0      	nop			@ (mov r8, r8)
10004ec4:	50112000 	.word	0x50112000
10004ec8:	20001cd4 	.word	0x20001cd4

10004ecc <dcd_edpt_clear_stall>:
10004ecc:	227f      	movs	r2, #127	@ 0x7f
10004ece:	0013      	movs	r3, r2
10004ed0:	b510      	push	{r4, lr}
10004ed2:	400b      	ands	r3, r1
10004ed4:	420a      	tst	r2, r1
10004ed6:	d100      	bne.n	10004eda <dcd_edpt_clear_stall+0xe>
10004ed8:	bd10      	pop	{r4, pc}
10004eda:	09c9      	lsrs	r1, r1, #7
10004edc:	005b      	lsls	r3, r3, #1
10004ede:	185b      	adds	r3, r3, r1
10004ee0:	4804      	ldr	r0, [pc, #16]	@ (10004ef4 <dcd_edpt_clear_stall+0x28>)
10004ee2:	015b      	lsls	r3, r3, #5
10004ee4:	18c0      	adds	r0, r0, r3
10004ee6:	2300      	movs	r3, #0
10004ee8:	2200      	movs	r2, #0
10004eea:	4903      	ldr	r1, [pc, #12]	@ (10004ef8 <dcd_edpt_clear_stall+0x2c>)
10004eec:	70c3      	strb	r3, [r0, #3]
10004eee:	f002 fa8b 	bl	10007408 <___hw_endpoint_buffer_control_update32_veneer>
10004ef2:	e7f1      	b.n	10004ed8 <dcd_edpt_clear_stall+0xc>
10004ef4:	20001cd4 	.word	0x20001cd4
10004ef8:	fffff7ff 	.word	0xfffff7ff

10004efc <rp2040_usb_init>:
10004efc:	2280      	movs	r2, #128	@ 0x80
10004efe:	4b0a      	ldr	r3, [pc, #40]	@ (10004f28 <rp2040_usb_init+0x2c>)
10004f00:	0452      	lsls	r2, r2, #17
10004f02:	b510      	push	{r4, lr}
10004f04:	601a      	str	r2, [r3, #0]
10004f06:	4b09      	ldr	r3, [pc, #36]	@ (10004f2c <rp2040_usb_init+0x30>)
10004f08:	4909      	ldr	r1, [pc, #36]	@ (10004f30 <rp2040_usb_init+0x34>)
10004f0a:	601a      	str	r2, [r3, #0]
10004f0c:	0010      	movs	r0, r2
10004f0e:	680b      	ldr	r3, [r1, #0]
10004f10:	4398      	bics	r0, r3
10004f12:	d1fb      	bne.n	10004f0c <rp2040_usb_init+0x10>
10004f14:	2280      	movs	r2, #128	@ 0x80
10004f16:	2100      	movs	r1, #0
10004f18:	0152      	lsls	r2, r2, #5
10004f1a:	4806      	ldr	r0, [pc, #24]	@ (10004f34 <rp2040_usb_init+0x38>)
10004f1c:	f7fd fc34 	bl	10002788 <__wrap_memset>
10004f20:	2209      	movs	r2, #9
10004f22:	4b05      	ldr	r3, [pc, #20]	@ (10004f38 <rp2040_usb_init+0x3c>)
10004f24:	675a      	str	r2, [r3, #116]	@ 0x74
10004f26:	bd10      	pop	{r4, pc}
10004f28:	4000e000 	.word	0x4000e000
10004f2c:	4000f000 	.word	0x4000f000
10004f30:	4000c008 	.word	0x4000c008
10004f34:	50100000 	.word	0x50100000
10004f38:	50110000 	.word	0x50110000

10004f3c <hw_endpoint_xfer_start>:
10004f3c:	2300      	movs	r3, #0
10004f3e:	b510      	push	{r4, lr}
10004f40:	82c3      	strh	r3, [r0, #22]
10004f42:	3301      	adds	r3, #1
10004f44:	8282      	strh	r2, [r0, #20]
10004f46:	7683      	strb	r3, [r0, #26]
10004f48:	6101      	str	r1, [r0, #16]
10004f4a:	0004      	movs	r4, r0
10004f4c:	f002 fa34 	bl	100073b8 <__e15_is_bulkin_ep_veneer>
10004f50:	2800      	cmp	r0, #0
10004f52:	d004      	beq.n	10004f5e <hw_endpoint_xfer_start+0x22>
10004f54:	2180      	movs	r1, #128	@ 0x80
10004f56:	2390      	movs	r3, #144	@ 0x90
10004f58:	4a07      	ldr	r2, [pc, #28]	@ (10004f78 <hw_endpoint_xfer_start+0x3c>)
10004f5a:	0289      	lsls	r1, r1, #10
10004f5c:	50d1      	str	r1, [r2, r3]
10004f5e:	0020      	movs	r0, r4
10004f60:	f002 f9fa 	bl	10007358 <__e15_is_critical_frame_period_veneer>
10004f64:	2800      	cmp	r0, #0
10004f66:	d002      	beq.n	10004f6e <hw_endpoint_xfer_start+0x32>
10004f68:	2301      	movs	r3, #1
10004f6a:	7723      	strb	r3, [r4, #28]
10004f6c:	bd10      	pop	{r4, pc}
10004f6e:	0020      	movs	r0, r4
10004f70:	f002 fa42 	bl	100073f8 <__hw_endpoint_start_next_buffer_veneer>
10004f74:	e7fa      	b.n	10004f6c <hw_endpoint_xfer_start+0x30>
10004f76:	46c0      	nop			@ (mov r8, r8)
10004f78:	50112000 	.word	0x50112000

10004f7c <tud_event_hook_cb>:
10004f7c:	4770      	bx	lr
10004f7e:	46c0      	nop			@ (mov r8, r8)

10004f80 <tud_sof_cb>:
10004f80:	4770      	bx	lr
10004f82:	46c0      	nop			@ (mov r8, r8)

10004f84 <tud_descriptor_device_qualifier_cb>:
10004f84:	2000      	movs	r0, #0
10004f86:	4770      	bx	lr

10004f88 <tud_descriptor_other_speed_configuration_cb>:
10004f88:	2000      	movs	r0, #0
10004f8a:	4770      	bx	lr

10004f8c <tud_mount_cb>:
10004f8c:	4770      	bx	lr
10004f8e:	46c0      	nop			@ (mov r8, r8)

10004f90 <tud_umount_cb>:
10004f90:	4770      	bx	lr
10004f92:	46c0      	nop			@ (mov r8, r8)

10004f94 <tud_suspend_cb>:
10004f94:	4770      	bx	lr
10004f96:	46c0      	nop			@ (mov r8, r8)

10004f98 <tud_resume_cb>:
10004f98:	4770      	bx	lr
10004f9a:	46c0      	nop			@ (mov r8, r8)

10004f9c <tud_mounted>:
10004f9c:	4b02      	ldr	r3, [pc, #8]	@ (10004fa8 <tud_mounted+0xc>)
10004f9e:	7858      	ldrb	r0, [r3, #1]
10004fa0:	1e43      	subs	r3, r0, #1
10004fa2:	4198      	sbcs	r0, r3
10004fa4:	b2c0      	uxtb	r0, r0
10004fa6:	4770      	bx	lr
10004fa8:	20001780 	.word	0x20001780

10004fac <tud_suspended>:
10004fac:	4b02      	ldr	r3, [pc, #8]	@ (10004fb8 <tud_suspended+0xc>)
10004fae:	7818      	ldrb	r0, [r3, #0]
10004fb0:	0740      	lsls	r0, r0, #29
10004fb2:	0fc0      	lsrs	r0, r0, #31
10004fb4:	4770      	bx	lr
10004fb6:	46c0      	nop			@ (mov r8, r8)
10004fb8:	20001780 	.word	0x20001780

10004fbc <tud_rhport_init>:
10004fbc:	b5f0      	push	{r4, r5, r6, r7, lr}
10004fbe:	46d6      	mov	lr, sl
10004fc0:	464f      	mov	r7, r9
10004fc2:	4646      	mov	r6, r8
10004fc4:	b5c0      	push	{r6, r7, lr}
10004fc6:	4b2f      	ldr	r3, [pc, #188]	@ (10005084 <tud_rhport_init+0xc8>)
10004fc8:	0007      	movs	r7, r0
10004fca:	469a      	mov	sl, r3
10004fcc:	781b      	ldrb	r3, [r3, #0]
10004fce:	000e      	movs	r6, r1
10004fd0:	2bff      	cmp	r3, #255	@ 0xff
10004fd2:	d150      	bne.n	10005076 <tud_rhport_init+0xba>
10004fd4:	2900      	cmp	r1, #0
10004fd6:	d041      	beq.n	1000505c <tud_rhport_init+0xa0>
10004fd8:	2100      	movs	r1, #0
10004fda:	2254      	movs	r2, #84	@ 0x54
10004fdc:	482a      	ldr	r0, [pc, #168]	@ (10005088 <tud_rhport_init+0xcc>)
10004fde:	f7fd fbd3 	bl	10002788 <__wrap_memset>
10004fe2:	2200      	movs	r2, #0
10004fe4:	4c29      	ldr	r4, [pc, #164]	@ (1000508c <tud_rhport_init+0xd0>)
10004fe6:	4b2a      	ldr	r3, [pc, #168]	@ (10005090 <tud_rhport_init+0xd4>)
10004fe8:	0020      	movs	r0, r4
10004fea:	701a      	strb	r2, [r3, #0]
10004fec:	f7fb fd8c 	bl	10000b08 <mutex_init>
10004ff0:	4b28      	ldr	r3, [pc, #160]	@ (10005094 <tud_rhport_init+0xd8>)
10004ff2:	601c      	str	r4, [r3, #0]
10004ff4:	4c28      	ldr	r4, [pc, #160]	@ (10005098 <tud_rhport_init+0xdc>)
10004ff6:	0020      	movs	r0, r4
10004ff8:	3c14      	subs	r4, #20
10004ffa:	f7fb fd93 	bl	10000b24 <critical_section_init>
10004ffe:	0020      	movs	r0, r4
10005000:	f001 fdfa 	bl	10006bf8 <tu_fifo_clear>
10005004:	4b25      	ldr	r3, [pc, #148]	@ (1000509c <tud_rhport_init+0xe0>)
10005006:	4d26      	ldr	r5, [pc, #152]	@ (100050a0 <tud_rhport_init+0xe4>)
10005008:	601c      	str	r4, [r3, #0]
1000500a:	4b26      	ldr	r3, [pc, #152]	@ (100050a4 <tud_rhport_init+0xe8>)
1000500c:	2b00      	cmp	r3, #0
1000500e:	d004      	beq.n	1000501a <tud_rhport_init+0x5e>
10005010:	0028      	movs	r0, r5
10005012:	f7ff fac7 	bl	100045a4 <usbd_app_driver_get_cb>
10005016:	4b24      	ldr	r3, [pc, #144]	@ (100050a8 <tud_rhport_init+0xec>)
10005018:	6018      	str	r0, [r3, #0]
1000501a:	4924      	ldr	r1, [pc, #144]	@ (100050ac <tud_rhport_init+0xf0>)
1000501c:	2400      	movs	r4, #0
1000501e:	4689      	mov	r9, r1
10005020:	4921      	ldr	r1, [pc, #132]	@ (100050a8 <tud_rhport_init+0xec>)
10005022:	2300      	movs	r3, #0
10005024:	4688      	mov	r8, r1
10005026:	782a      	ldrb	r2, [r5, #0]
10005028:	e010      	b.n	1000504c <tud_rhport_init+0x90>
1000502a:	4643      	mov	r3, r8
1000502c:	681b      	ldr	r3, [r3, #0]
1000502e:	0162      	lsls	r2, r4, #5
10005030:	189b      	adds	r3, r3, r2
10005032:	2b00      	cmp	r3, #0
10005034:	d012      	beq.n	1000505c <tud_rhport_init+0xa0>
10005036:	685b      	ldr	r3, [r3, #4]
10005038:	2b00      	cmp	r3, #0
1000503a:	d00f      	beq.n	1000505c <tud_rhport_init+0xa0>
1000503c:	4798      	blx	r3
1000503e:	782a      	ldrb	r2, [r5, #0]
10005040:	3401      	adds	r4, #1
10005042:	b2e4      	uxtb	r4, r4
10005044:	1c51      	adds	r1, r2, #1
10005046:	0023      	movs	r3, r4
10005048:	42a1      	cmp	r1, r4
1000504a:	db09      	blt.n	10005060 <tud_rhport_init+0xa4>
1000504c:	42a2      	cmp	r2, r4
1000504e:	d8ec      	bhi.n	1000502a <tud_rhport_init+0x6e>
10005050:	1a9b      	subs	r3, r3, r2
10005052:	015b      	lsls	r3, r3, #5
10005054:	444b      	add	r3, r9
10005056:	685b      	ldr	r3, [r3, #4]
10005058:	2b00      	cmp	r3, #0
1000505a:	d1ef      	bne.n	1000503c <tud_rhport_init+0x80>
1000505c:	2000      	movs	r0, #0
1000505e:	e00b      	b.n	10005078 <tud_rhport_init+0xbc>
10005060:	4653      	mov	r3, sl
10005062:	0031      	movs	r1, r6
10005064:	0038      	movs	r0, r7
10005066:	701f      	strb	r7, [r3, #0]
10005068:	f7ff fdfe 	bl	10004c68 <dcd_init>
1000506c:	2800      	cmp	r0, #0
1000506e:	d0f5      	beq.n	1000505c <tud_rhport_init+0xa0>
10005070:	0038      	movs	r0, r7
10005072:	f7ff fe41 	bl	10004cf8 <dcd_int_enable>
10005076:	2001      	movs	r0, #1
10005078:	bce0      	pop	{r5, r6, r7}
1000507a:	46ba      	mov	sl, r7
1000507c:	46b1      	mov	r9, r6
1000507e:	46a8      	mov	r8, r5
10005080:	bdf0      	pop	{r4, r5, r6, r7, pc}
10005082:	46c0      	nop			@ (mov r8, r8)
10005084:	20001054 	.word	0x20001054
10005088:	20001780 	.word	0x20001780
1000508c:	20001778 	.word	0x20001778
10005090:	2000213c 	.word	0x2000213c
10005094:	200017d4 	.word	0x200017d4
10005098:	2000104c 	.word	0x2000104c
1000509c:	200017d8 	.word	0x200017d8
100050a0:	2000213a 	.word	0x2000213a
100050a4:	100045a5 	.word	0x100045a5
100050a8:	200015d0 	.word	0x200015d0
100050ac:	10007ab4 	.word	0x10007ab4

100050b0 <tud_task_ext>:
100050b0:	b5f0      	push	{r4, r5, r6, r7, lr}
100050b2:	46de      	mov	lr, fp
100050b4:	4657      	mov	r7, sl
100050b6:	464e      	mov	r6, r9
100050b8:	4645      	mov	r5, r8
100050ba:	b5e0      	push	{r5, r6, r7, lr}
100050bc:	4bc8      	ldr	r3, [pc, #800]	@ (100053e0 <tud_task_ext+0x330>)
100050be:	b091      	sub	sp, #68	@ 0x44
100050c0:	9302      	str	r3, [sp, #8]
100050c2:	781b      	ldrb	r3, [r3, #0]
100050c4:	2bff      	cmp	r3, #255	@ 0xff
100050c6:	d100      	bne.n	100050ca <tud_task_ext+0x1a>
100050c8:	e13e      	b.n	10005348 <tud_task_ext+0x298>
100050ca:	4bc6      	ldr	r3, [pc, #792]	@ (100053e4 <tud_task_ext+0x334>)
100050cc:	4ec6      	ldr	r6, [pc, #792]	@ (100053e8 <tud_task_ext+0x338>)
100050ce:	469b      	mov	fp, r3
100050d0:	465f      	mov	r7, fp
100050d2:	4bc6      	ldr	r3, [pc, #792]	@ (100053ec <tud_task_ext+0x33c>)
100050d4:	ac0d      	add	r4, sp, #52	@ 0x34
100050d6:	9301      	str	r3, [sp, #4]
100050d8:	4bc5      	ldr	r3, [pc, #788]	@ (100053f0 <tud_task_ext+0x340>)
100050da:	9300      	str	r3, [sp, #0]
100050dc:	6835      	ldr	r5, [r6, #0]
100050de:	696a      	ldr	r2, [r5, #20]
100050e0:	f3ef 8110 	mrs	r1, PRIMASK
100050e4:	b672      	cpsid	i
100050e6:	6813      	ldr	r3, [r2, #0]
100050e8:	2b00      	cmp	r3, #0
100050ea:	d0fc      	beq.n	100050e6 <tud_task_ext+0x36>
100050ec:	f3bf 8f5f 	dmb	sy
100050f0:	61a9      	str	r1, [r5, #24]
100050f2:	0028      	movs	r0, r5
100050f4:	0021      	movs	r1, r4
100050f6:	f001 fbaf 	bl	10006858 <tu_fifo_read>
100050fa:	696a      	ldr	r2, [r5, #20]
100050fc:	69ab      	ldr	r3, [r5, #24]
100050fe:	f3bf 8f5f 	dmb	sy
10005102:	2100      	movs	r1, #0
10005104:	6011      	str	r1, [r2, #0]
10005106:	f383 8810 	msr	PRIMASK, r3
1000510a:	2800      	cmp	r0, #0
1000510c:	d100      	bne.n	10005110 <tud_task_ext+0x60>
1000510e:	e11b      	b.n	10005348 <tud_task_ext+0x298>
10005110:	7863      	ldrb	r3, [r4, #1]
10005112:	2b08      	cmp	r3, #8
10005114:	d8e2      	bhi.n	100050dc <tud_task_ext+0x2c>
10005116:	009b      	lsls	r3, r3, #2
10005118:	58fb      	ldr	r3, [r7, r3]
1000511a:	469f      	mov	pc, r3
1000511c:	6863      	ldr	r3, [r4, #4]
1000511e:	2b00      	cmp	r3, #0
10005120:	d0dc      	beq.n	100050dc <tud_task_ext+0x2c>
10005122:	68a0      	ldr	r0, [r4, #8]
10005124:	4798      	blx	r3
10005126:	e7d9      	b.n	100050dc <tud_task_ext+0x2c>
10005128:	227f      	movs	r2, #127	@ 0x7f
1000512a:	7921      	ldrb	r1, [r4, #4]
1000512c:	4daf      	ldr	r5, [pc, #700]	@ (100053ec <tud_task_ext+0x33c>)
1000512e:	400a      	ands	r2, r1
10005130:	0053      	lsls	r3, r2, #1
10005132:	18eb      	adds	r3, r5, r3
10005134:	4698      	mov	r8, r3
10005136:	09c8      	lsrs	r0, r1, #7
10005138:	4480      	add	r8, r0
1000513a:	4640      	mov	r0, r8
1000513c:	2301      	movs	r3, #1
1000513e:	3030      	adds	r0, #48	@ 0x30
10005140:	7905      	ldrb	r5, [r0, #4]
10005142:	439d      	bics	r5, r3
10005144:	7105      	strb	r5, [r0, #4]
10005146:	7905      	ldrb	r5, [r0, #4]
10005148:	3303      	adds	r3, #3
1000514a:	439d      	bics	r5, r3
1000514c:	7105      	strb	r5, [r0, #4]
1000514e:	2a00      	cmp	r2, #0
10005150:	d100      	bne.n	10005154 <tud_task_ext+0xa4>
10005152:	e100      	b.n	10005356 <tud_task_ext+0x2a6>
10005154:	4643      	mov	r3, r8
10005156:	4aa7      	ldr	r2, [pc, #668]	@ (100053f4 <tud_task_ext+0x344>)
10005158:	7d1b      	ldrb	r3, [r3, #20]
1000515a:	7812      	ldrb	r2, [r2, #0]
1000515c:	4293      	cmp	r3, r2
1000515e:	d300      	bcc.n	10005162 <tud_task_ext+0xb2>
10005160:	e0ef      	b.n	10005342 <tud_task_ext+0x292>
10005162:	4aa5      	ldr	r2, [pc, #660]	@ (100053f8 <tud_task_ext+0x348>)
10005164:	015b      	lsls	r3, r3, #5
10005166:	6815      	ldr	r5, [r2, #0]
10005168:	18ed      	adds	r5, r5, r3
1000516a:	2d00      	cmp	r5, #0
1000516c:	d100      	bne.n	10005170 <tud_task_ext+0xc0>
1000516e:	e0eb      	b.n	10005348 <tud_task_ext+0x298>
10005170:	68a3      	ldr	r3, [r4, #8]
10005172:	7962      	ldrb	r2, [r4, #5]
10005174:	7820      	ldrb	r0, [r4, #0]
10005176:	69ad      	ldr	r5, [r5, #24]
10005178:	47a8      	blx	r5
1000517a:	e7af      	b.n	100050dc <tud_task_ext+0x2c>
1000517c:	4a9f      	ldr	r2, [pc, #636]	@ (100053fc <tud_task_ext+0x34c>)
1000517e:	7813      	ldrb	r3, [r2, #0]
10005180:	2b00      	cmp	r3, #0
10005182:	d100      	bne.n	10005186 <tud_task_ext+0xd6>
10005184:	e0e0      	b.n	10005348 <tud_task_ext+0x298>
10005186:	7813      	ldrb	r3, [r2, #0]
10005188:	3b01      	subs	r3, #1
1000518a:	b2db      	uxtb	r3, r3
1000518c:	7013      	strb	r3, [r2, #0]
1000518e:	7813      	ldrb	r3, [r2, #0]
10005190:	2b00      	cmp	r3, #0
10005192:	d1a3      	bne.n	100050dc <tud_task_ext+0x2c>
10005194:	2201      	movs	r2, #1
10005196:	4d95      	ldr	r5, [pc, #596]	@ (100053ec <tud_task_ext+0x33c>)
10005198:	2101      	movs	r1, #1
1000519a:	782b      	ldrb	r3, [r5, #0]
1000519c:	2004      	movs	r0, #4
1000519e:	4313      	orrs	r3, r2
100051a0:	702b      	strb	r3, [r5, #0]
100051a2:	2334      	movs	r3, #52	@ 0x34
100051a4:	5cea      	ldrb	r2, [r5, r3]
100051a6:	438a      	bics	r2, r1
100051a8:	54ea      	strb	r2, [r5, r3]
100051aa:	5cea      	ldrb	r2, [r5, r3]
100051ac:	4382      	bics	r2, r0
100051ae:	54ea      	strb	r2, [r5, r3]
100051b0:	3301      	adds	r3, #1
100051b2:	5cea      	ldrb	r2, [r5, r3]
100051b4:	438a      	bics	r2, r1
100051b6:	54ea      	strb	r2, [r5, r3]
100051b8:	5cea      	ldrb	r2, [r5, r3]
100051ba:	4382      	bics	r2, r0
100051bc:	54ea      	strb	r2, [r5, r3]
100051be:	7823      	ldrb	r3, [r4, #0]
100051c0:	2000      	movs	r0, #0
100051c2:	469b      	mov	fp, r3
100051c4:	f000 fc9e 	bl	10005b04 <usbd_control_set_complete_callback>
100051c8:	2260      	movs	r2, #96	@ 0x60
100051ca:	7923      	ldrb	r3, [r4, #4]
100051cc:	401a      	ands	r2, r3
100051ce:	2a60      	cmp	r2, #96	@ 0x60
100051d0:	d100      	bne.n	100051d4 <tud_task_ext+0x124>
100051d2:	e0ef      	b.n	100053b4 <tud_task_ext+0x304>
100051d4:	2a40      	cmp	r2, #64	@ 0x40
100051d6:	d100      	bne.n	100051da <tud_task_ext+0x12a>
100051d8:	e0f5      	b.n	100053c6 <tud_task_ext+0x316>
100051da:	06db      	lsls	r3, r3, #27
100051dc:	0edb      	lsrs	r3, r3, #27
100051de:	2b01      	cmp	r3, #1
100051e0:	d100      	bne.n	100051e4 <tud_task_ext+0x134>
100051e2:	e113      	b.n	1000540c <tud_task_ext+0x35c>
100051e4:	2b02      	cmp	r3, #2
100051e6:	d100      	bne.n	100051ea <tud_task_ext+0x13a>
100051e8:	e0c7      	b.n	1000537a <tud_task_ext+0x2ca>
100051ea:	2b00      	cmp	r3, #0
100051ec:	d000      	beq.n	100051f0 <tud_task_ext+0x140>
100051ee:	e0e1      	b.n	100053b4 <tud_task_ext+0x304>
100051f0:	2a20      	cmp	r2, #32
100051f2:	d100      	bne.n	100051f6 <tud_task_ext+0x146>
100051f4:	e21c      	b.n	10005630 <tud_task_ext+0x580>
100051f6:	2a00      	cmp	r2, #0
100051f8:	d000      	beq.n	100051fc <tud_task_ext+0x14c>
100051fa:	e0db      	b.n	100053b4 <tud_task_ext+0x304>
100051fc:	7963      	ldrb	r3, [r4, #5]
100051fe:	2b09      	cmp	r3, #9
10005200:	d900      	bls.n	10005204 <tud_task_ext+0x154>
10005202:	e0d7      	b.n	100053b4 <tud_task_ext+0x304>
10005204:	4a7e      	ldr	r2, [pc, #504]	@ (10005400 <tud_task_ext+0x350>)
10005206:	009b      	lsls	r3, r3, #2
10005208:	58d3      	ldr	r3, [r2, r3]
1000520a:	469f      	mov	pc, r3
1000520c:	4d77      	ldr	r5, [pc, #476]	@ (100053ec <tud_task_ext+0x33c>)
1000520e:	782b      	ldrb	r3, [r5, #0]
10005210:	07db      	lsls	r3, r3, #31
10005212:	d400      	bmi.n	10005216 <tud_task_ext+0x166>
10005214:	e762      	b.n	100050dc <tud_task_ext+0x2c>
10005216:	f7ff febf 	bl	10004f98 <tud_resume_cb>
1000521a:	e75f      	b.n	100050dc <tud_task_ext+0x2c>
1000521c:	9b01      	ldr	r3, [sp, #4]
1000521e:	78db      	ldrb	r3, [r3, #3]
10005220:	07db      	lsls	r3, r3, #31
10005222:	d400      	bmi.n	10005226 <tud_task_ext+0x176>
10005224:	e75a      	b.n	100050dc <tud_task_ext+0x2c>
10005226:	6860      	ldr	r0, [r4, #4]
10005228:	f7ff feaa 	bl	10004f80 <tud_sof_cb>
1000522c:	e756      	b.n	100050dc <tud_task_ext+0x2c>
1000522e:	4d6f      	ldr	r5, [pc, #444]	@ (100053ec <tud_task_ext+0x33c>)
10005230:	782b      	ldrb	r3, [r5, #0]
10005232:	07db      	lsls	r3, r3, #31
10005234:	d400      	bmi.n	10005238 <tud_task_ext+0x188>
10005236:	e751      	b.n	100050dc <tud_task_ext+0x2c>
10005238:	7828      	ldrb	r0, [r5, #0]
1000523a:	0700      	lsls	r0, r0, #28
1000523c:	0fc0      	lsrs	r0, r0, #31
1000523e:	f7ff fea9 	bl	10004f94 <tud_suspend_cb>
10005242:	e74b      	b.n	100050dc <tud_task_ext+0x2c>
10005244:	7823      	ldrb	r3, [r4, #0]
10005246:	496a      	ldr	r1, [pc, #424]	@ (100053f0 <tud_task_ext+0x340>)
10005248:	4699      	mov	r9, r3
1000524a:	468b      	mov	fp, r1
1000524c:	4b69      	ldr	r3, [pc, #420]	@ (100053f4 <tud_task_ext+0x344>)
1000524e:	496a      	ldr	r1, [pc, #424]	@ (100053f8 <tud_task_ext+0x348>)
10005250:	4698      	mov	r8, r3
10005252:	468a      	mov	sl, r1
10005254:	0039      	movs	r1, r7
10005256:	781a      	ldrb	r2, [r3, #0]
10005258:	4647      	mov	r7, r8
1000525a:	2300      	movs	r3, #0
1000525c:	46b0      	mov	r8, r6
1000525e:	2500      	movs	r5, #0
10005260:	464e      	mov	r6, r9
10005262:	4689      	mov	r9, r1
10005264:	e010      	b.n	10005288 <tud_task_ext+0x1d8>
10005266:	4653      	mov	r3, sl
10005268:	681b      	ldr	r3, [r3, #0]
1000526a:	016a      	lsls	r2, r5, #5
1000526c:	189b      	adds	r3, r3, r2
1000526e:	2b00      	cmp	r3, #0
10005270:	d100      	bne.n	10005274 <tud_task_ext+0x1c4>
10005272:	e076      	b.n	10005362 <tud_task_ext+0x2b2>
10005274:	68db      	ldr	r3, [r3, #12]
10005276:	0030      	movs	r0, r6
10005278:	4798      	blx	r3
1000527a:	783a      	ldrb	r2, [r7, #0]
1000527c:	3501      	adds	r5, #1
1000527e:	b2ed      	uxtb	r5, r5
10005280:	1c51      	adds	r1, r2, #1
10005282:	002b      	movs	r3, r5
10005284:	428d      	cmp	r5, r1
10005286:	dc44      	bgt.n	10005312 <tud_task_ext+0x262>
10005288:	4295      	cmp	r5, r2
1000528a:	d3ec      	bcc.n	10005266 <tud_task_ext+0x1b6>
1000528c:	1a9b      	subs	r3, r3, r2
1000528e:	015b      	lsls	r3, r3, #5
10005290:	445b      	add	r3, fp
10005292:	e7ef      	b.n	10005274 <tud_task_ext+0x1c4>
10005294:	7823      	ldrb	r3, [r4, #0]
10005296:	4958      	ldr	r1, [pc, #352]	@ (100053f8 <tud_task_ext+0x348>)
10005298:	4699      	mov	r9, r3
1000529a:	4b56      	ldr	r3, [pc, #344]	@ (100053f4 <tud_task_ext+0x344>)
1000529c:	468a      	mov	sl, r1
1000529e:	4698      	mov	r8, r3
100052a0:	0031      	movs	r1, r6
100052a2:	46bb      	mov	fp, r7
100052a4:	464e      	mov	r6, r9
100052a6:	781a      	ldrb	r2, [r3, #0]
100052a8:	2500      	movs	r5, #0
100052aa:	2300      	movs	r3, #0
100052ac:	4647      	mov	r7, r8
100052ae:	4689      	mov	r9, r1
100052b0:	e00f      	b.n	100052d2 <tud_task_ext+0x222>
100052b2:	4653      	mov	r3, sl
100052b4:	681b      	ldr	r3, [r3, #0]
100052b6:	016a      	lsls	r2, r5, #5
100052b8:	189b      	adds	r3, r3, r2
100052ba:	2b00      	cmp	r3, #0
100052bc:	d055      	beq.n	1000536a <tud_task_ext+0x2ba>
100052be:	68db      	ldr	r3, [r3, #12]
100052c0:	0030      	movs	r0, r6
100052c2:	4798      	blx	r3
100052c4:	783a      	ldrb	r2, [r7, #0]
100052c6:	3501      	adds	r5, #1
100052c8:	b2ed      	uxtb	r5, r5
100052ca:	1c51      	adds	r1, r2, #1
100052cc:	002b      	movs	r3, r5
100052ce:	428d      	cmp	r5, r1
100052d0:	dc07      	bgt.n	100052e2 <tud_task_ext+0x232>
100052d2:	4295      	cmp	r5, r2
100052d4:	d3ed      	bcc.n	100052b2 <tud_task_ext+0x202>
100052d6:	1a9b      	subs	r3, r3, r2
100052d8:	9a00      	ldr	r2, [sp, #0]
100052da:	015b      	lsls	r3, r3, #5
100052dc:	4694      	mov	ip, r2
100052de:	4463      	add	r3, ip
100052e0:	e7ed      	b.n	100052be <tud_task_ext+0x20e>
100052e2:	9d01      	ldr	r5, [sp, #4]
100052e4:	2254      	movs	r2, #84	@ 0x54
100052e6:	2100      	movs	r1, #0
100052e8:	0028      	movs	r0, r5
100052ea:	f7fd fa4d 	bl	10002788 <__wrap_memset>
100052ee:	2210      	movs	r2, #16
100052f0:	21ff      	movs	r1, #255	@ 0xff
100052f2:	4844      	ldr	r0, [pc, #272]	@ (10005404 <tud_task_ext+0x354>)
100052f4:	f7fd fa48 	bl	10002788 <__wrap_memset>
100052f8:	0028      	movs	r0, r5
100052fa:	2220      	movs	r2, #32
100052fc:	21ff      	movs	r1, #255	@ 0xff
100052fe:	3014      	adds	r0, #20
10005300:	464e      	mov	r6, r9
10005302:	465f      	mov	r7, fp
10005304:	f7fd fa40 	bl	10002788 <__wrap_memset>
10005308:	f000 fbf2 	bl	10005af0 <usbd_control_reset>
1000530c:	f7ff fe40 	bl	10004f90 <tud_umount_cb>
10005310:	e6e4      	b.n	100050dc <tud_task_ext+0x2c>
10005312:	4d36      	ldr	r5, [pc, #216]	@ (100053ec <tud_task_ext+0x33c>)
10005314:	2254      	movs	r2, #84	@ 0x54
10005316:	2100      	movs	r1, #0
10005318:	0028      	movs	r0, r5
1000531a:	f7fd fa35 	bl	10002788 <__wrap_memset>
1000531e:	2210      	movs	r2, #16
10005320:	21ff      	movs	r1, #255	@ 0xff
10005322:	1d28      	adds	r0, r5, #4
10005324:	f7fd fa30 	bl	10002788 <__wrap_memset>
10005328:	0028      	movs	r0, r5
1000532a:	2220      	movs	r2, #32
1000532c:	21ff      	movs	r1, #255	@ 0xff
1000532e:	3014      	adds	r0, #20
10005330:	4646      	mov	r6, r8
10005332:	464f      	mov	r7, r9
10005334:	f7fd fa28 	bl	10002788 <__wrap_memset>
10005338:	f000 fbda 	bl	10005af0 <usbd_control_reset>
1000533c:	7923      	ldrb	r3, [r4, #4]
1000533e:	70ab      	strb	r3, [r5, #2]
10005340:	e6cc      	b.n	100050dc <tud_task_ext+0x2c>
10005342:	1c50      	adds	r0, r2, #1
10005344:	4298      	cmp	r0, r3
10005346:	da13      	bge.n	10005370 <tud_task_ext+0x2c0>
10005348:	b011      	add	sp, #68	@ 0x44
1000534a:	bcf0      	pop	{r4, r5, r6, r7}
1000534c:	46bb      	mov	fp, r7
1000534e:	46b2      	mov	sl, r6
10005350:	46a9      	mov	r9, r5
10005352:	46a0      	mov	r8, r4
10005354:	bdf0      	pop	{r4, r5, r6, r7, pc}
10005356:	68a3      	ldr	r3, [r4, #8]
10005358:	7962      	ldrb	r2, [r4, #5]
1000535a:	7820      	ldrb	r0, [r4, #0]
1000535c:	f000 fbe6 	bl	10005b2c <usbd_control_xfer_cb>
10005360:	e6bc      	b.n	100050dc <tud_task_ext+0x2c>
10005362:	4646      	mov	r6, r8
10005364:	464f      	mov	r7, r9
10005366:	4d21      	ldr	r5, [pc, #132]	@ (100053ec <tud_task_ext+0x33c>)
10005368:	e7e6      	b.n	10005338 <tud_task_ext+0x288>
1000536a:	464e      	mov	r6, r9
1000536c:	465f      	mov	r7, fp
1000536e:	e7cb      	b.n	10005308 <tud_task_ext+0x258>
10005370:	4d1f      	ldr	r5, [pc, #124]	@ (100053f0 <tud_task_ext+0x340>)
10005372:	1a9b      	subs	r3, r3, r2
10005374:	015b      	lsls	r3, r3, #5
10005376:	195d      	adds	r5, r3, r5
10005378:	e6fa      	b.n	10005170 <tud_task_ext+0xc0>
1000537a:	2370      	movs	r3, #112	@ 0x70
1000537c:	7a21      	ldrb	r1, [r4, #8]
1000537e:	420b      	tst	r3, r1
10005380:	d118      	bne.n	100053b4 <tud_task_ext+0x304>
10005382:	09c8      	lsrs	r0, r1, #7
10005384:	4682      	mov	sl, r0
10005386:	330f      	adds	r3, #15
10005388:	400b      	ands	r3, r1
1000538a:	005b      	lsls	r3, r3, #1
1000538c:	4698      	mov	r8, r3
1000538e:	4819      	ldr	r0, [pc, #100]	@ (100053f4 <tud_task_ext+0x344>)
10005390:	18eb      	adds	r3, r5, r3
10005392:	4453      	add	r3, sl
10005394:	7d1b      	ldrb	r3, [r3, #20]
10005396:	7800      	ldrb	r0, [r0, #0]
10005398:	4699      	mov	r9, r3
1000539a:	4283      	cmp	r3, r0
1000539c:	d266      	bcs.n	1000546c <tud_task_ext+0x3bc>
1000539e:	4816      	ldr	r0, [pc, #88]	@ (100053f8 <tud_task_ext+0x348>)
100053a0:	015b      	lsls	r3, r3, #5
100053a2:	6800      	ldr	r0, [r0, #0]
100053a4:	4681      	mov	r9, r0
100053a6:	4499      	add	r9, r3
100053a8:	2a00      	cmp	r2, #0
100053aa:	d100      	bne.n	100053ae <tud_task_ext+0x2fe>
100053ac:	e15f      	b.n	1000566e <tud_task_ext+0x5be>
100053ae:	464b      	mov	r3, r9
100053b0:	2b00      	cmp	r3, #0
100053b2:	d168      	bne.n	10005486 <tud_task_ext+0x3d6>
100053b4:	7820      	ldrb	r0, [r4, #0]
100053b6:	2100      	movs	r1, #0
100053b8:	f7ff fd6a 	bl	10004e90 <dcd_edpt_stall>
100053bc:	2180      	movs	r1, #128	@ 0x80
100053be:	7820      	ldrb	r0, [r4, #0]
100053c0:	f7ff fd66 	bl	10004e90 <dcd_edpt_stall>
100053c4:	e68a      	b.n	100050dc <tud_task_ext+0x2c>
100053c6:	4810      	ldr	r0, [pc, #64]	@ (10005408 <tud_task_ext+0x358>)
100053c8:	f000 fb9c 	bl	10005b04 <usbd_control_set_complete_callback>
100053cc:	2101      	movs	r1, #1
100053ce:	4658      	mov	r0, fp
100053d0:	aa0e      	add	r2, sp, #56	@ 0x38
100053d2:	f7ff f8cd 	bl	10004570 <tud_vendor_control_xfer_cb>
100053d6:	2800      	cmp	r0, #0
100053d8:	d000      	beq.n	100053dc <tud_task_ext+0x32c>
100053da:	e67f      	b.n	100050dc <tud_task_ext+0x2c>
100053dc:	e7ea      	b.n	100053b4 <tud_task_ext+0x304>
100053de:	46c0      	nop			@ (mov r8, r8)
100053e0:	20001054 	.word	0x20001054
100053e4:	10007a0c 	.word	0x10007a0c
100053e8:	200017d8 	.word	0x200017d8
100053ec:	20001780 	.word	0x20001780
100053f0:	10007ab4 	.word	0x10007ab4
100053f4:	2000213a 	.word	0x2000213a
100053f8:	200015d0 	.word	0x200015d0
100053fc:	2000213c 	.word	0x2000213c
10005400:	10007a30 	.word	0x10007a30
10005404:	20001784 	.word	0x20001784
10005408:	10004571 	.word	0x10004571
1000540c:	7a23      	ldrb	r3, [r4, #8]
1000540e:	2b0f      	cmp	r3, #15
10005410:	d8d0      	bhi.n	100053b4 <tud_task_ext+0x304>
10005412:	4acf      	ldr	r2, [pc, #828]	@ (10005750 <tud_task_ext+0x6a0>)
10005414:	18eb      	adds	r3, r5, r3
10005416:	791b      	ldrb	r3, [r3, #4]
10005418:	7815      	ldrb	r5, [r2, #0]
1000541a:	42ab      	cmp	r3, r5
1000541c:	d33e      	bcc.n	1000549c <tud_task_ext+0x3ec>
1000541e:	1c69      	adds	r1, r5, #1
10005420:	4299      	cmp	r1, r3
10005422:	dbc7      	blt.n	100053b4 <tud_task_ext+0x304>
10005424:	1b5d      	subs	r5, r3, r5
10005426:	4bcb      	ldr	r3, [pc, #812]	@ (10005754 <tud_task_ext+0x6a4>)
10005428:	016d      	lsls	r5, r5, #5
1000542a:	18ed      	adds	r5, r5, r3
1000542c:	6968      	ldr	r0, [r5, #20]
1000542e:	f000 fb69 	bl	10005b04 <usbd_control_set_complete_callback>
10005432:	2101      	movs	r1, #1
10005434:	4658      	mov	r0, fp
10005436:	696b      	ldr	r3, [r5, #20]
10005438:	aa0e      	add	r2, sp, #56	@ 0x38
1000543a:	4798      	blx	r3
1000543c:	2800      	cmp	r0, #0
1000543e:	d000      	beq.n	10005442 <tud_task_ext+0x392>
10005440:	e64c      	b.n	100050dc <tud_task_ext+0x2c>
10005442:	2260      	movs	r2, #96	@ 0x60
10005444:	0015      	movs	r5, r2
10005446:	7923      	ldrb	r3, [r4, #4]
10005448:	401d      	ands	r5, r3
1000544a:	421a      	tst	r2, r3
1000544c:	d1b2      	bne.n	100053b4 <tud_task_ext+0x304>
1000544e:	7963      	ldrb	r3, [r4, #5]
10005450:	3b0a      	subs	r3, #10
10005452:	2b01      	cmp	r3, #1
10005454:	d8ae      	bhi.n	100053b4 <tud_task_ext+0x304>
10005456:	f000 fb55 	bl	10005b04 <usbd_control_set_complete_callback>
1000545a:	7963      	ldrb	r3, [r4, #5]
1000545c:	2b0a      	cmp	r3, #10
1000545e:	d100      	bne.n	10005462 <tud_task_ext+0x3b2>
10005460:	e199      	b.n	10005796 <tud_task_ext+0x6e6>
10005462:	4658      	mov	r0, fp
10005464:	a90e      	add	r1, sp, #56	@ 0x38
10005466:	f000 fad9 	bl	10005a1c <tud_control_status>
1000546a:	e637      	b.n	100050dc <tud_task_ext+0x2c>
1000546c:	1c43      	adds	r3, r0, #1
1000546e:	454b      	cmp	r3, r9
10005470:	da00      	bge.n	10005474 <tud_task_ext+0x3c4>
10005472:	e0f7      	b.n	10005664 <tud_task_ext+0x5b4>
10005474:	464b      	mov	r3, r9
10005476:	1a1b      	subs	r3, r3, r0
10005478:	015b      	lsls	r3, r3, #5
1000547a:	4699      	mov	r9, r3
1000547c:	48b5      	ldr	r0, [pc, #724]	@ (10005754 <tud_task_ext+0x6a4>)
1000547e:	4481      	add	r9, r0
10005480:	2a00      	cmp	r2, #0
10005482:	d100      	bne.n	10005486 <tud_task_ext+0x3d6>
10005484:	e0f3      	b.n	1000566e <tud_task_ext+0x5be>
10005486:	464b      	mov	r3, r9
10005488:	6958      	ldr	r0, [r3, #20]
1000548a:	f000 fb3b 	bl	10005b04 <usbd_control_set_complete_callback>
1000548e:	464b      	mov	r3, r9
10005490:	2101      	movs	r1, #1
10005492:	4658      	mov	r0, fp
10005494:	695b      	ldr	r3, [r3, #20]
10005496:	aa0e      	add	r2, sp, #56	@ 0x38
10005498:	4798      	blx	r3
1000549a:	e79c      	b.n	100053d6 <tud_task_ext+0x326>
1000549c:	4aae      	ldr	r2, [pc, #696]	@ (10005758 <tud_task_ext+0x6a8>)
1000549e:	015b      	lsls	r3, r3, #5
100054a0:	6815      	ldr	r5, [r2, #0]
100054a2:	18ed      	adds	r5, r5, r3
100054a4:	2d00      	cmp	r5, #0
100054a6:	d1c1      	bne.n	1000542c <tud_task_ext+0x37c>
100054a8:	e784      	b.n	100053b4 <tud_task_ext+0x304>
100054aa:	79a3      	ldrb	r3, [r4, #6]
100054ac:	4699      	mov	r9, r3
100054ae:	786b      	ldrb	r3, [r5, #1]
100054b0:	4599      	cmp	r9, r3
100054b2:	d0d6      	beq.n	10005462 <tud_task_ext+0x3b2>
100054b4:	786b      	ldrb	r3, [r5, #1]
100054b6:	2b00      	cmp	r3, #0
100054b8:	d000      	beq.n	100054bc <tud_task_ext+0x40c>
100054ba:	e133      	b.n	10005724 <tud_task_ext+0x674>
100054bc:	464b      	mov	r3, r9
100054be:	706b      	strb	r3, [r5, #1]
100054c0:	2b00      	cmp	r3, #0
100054c2:	d100      	bne.n	100054c6 <tud_task_ext+0x416>
100054c4:	e12b      	b.n	1000571e <tud_task_ext+0x66e>
100054c6:	4648      	mov	r0, r9
100054c8:	3801      	subs	r0, #1
100054ca:	b2c0      	uxtb	r0, r0
100054cc:	f7ff fa92 	bl	100049f4 <tud_descriptor_configuration_cb>
100054d0:	2800      	cmp	r0, #0
100054d2:	d100      	bne.n	100054d6 <tud_task_ext+0x426>
100054d4:	e17e      	b.n	100057d4 <tud_task_ext+0x724>
100054d6:	7843      	ldrb	r3, [r0, #1]
100054d8:	9307      	str	r3, [sp, #28]
100054da:	2b02      	cmp	r3, #2
100054dc:	d000      	beq.n	100054e0 <tud_task_ext+0x430>
100054de:	e179      	b.n	100057d4 <tud_task_ext+0x724>
100054e0:	2201      	movs	r2, #1
100054e2:	79c1      	ldrb	r1, [r0, #7]
100054e4:	46b1      	mov	r9, r6
100054e6:	118b      	asrs	r3, r1, #6
100054e8:	1149      	asrs	r1, r1, #5
100054ea:	4013      	ands	r3, r2
100054ec:	400a      	ands	r2, r1
100054ee:	2130      	movs	r1, #48	@ 0x30
100054f0:	0112      	lsls	r2, r2, #4
100054f2:	015b      	lsls	r3, r3, #5
100054f4:	4313      	orrs	r3, r2
100054f6:	782a      	ldrb	r2, [r5, #0]
100054f8:	46a8      	mov	r8, r5
100054fa:	438a      	bics	r2, r1
100054fc:	4313      	orrs	r3, r2
100054fe:	702b      	strb	r3, [r5, #0]
10005500:	2309      	movs	r3, #9
10005502:	469a      	mov	sl, r3
10005504:	4482      	add	sl, r0
10005506:	4656      	mov	r6, sl
10005508:	46ba      	mov	sl, r7
1000550a:	78c3      	ldrb	r3, [r0, #3]
1000550c:	7882      	ldrb	r2, [r0, #2]
1000550e:	021b      	lsls	r3, r3, #8
10005510:	4313      	orrs	r3, r2
10005512:	18c3      	adds	r3, r0, r3
10005514:	9305      	str	r3, [sp, #20]
10005516:	4b8e      	ldr	r3, [pc, #568]	@ (10005750 <tud_task_ext+0x6a0>)
10005518:	9304      	str	r3, [sp, #16]
1000551a:	4b8e      	ldr	r3, [pc, #568]	@ (10005754 <tud_task_ext+0x6a4>)
1000551c:	9308      	str	r3, [sp, #32]
1000551e:	4b8e      	ldr	r3, [pc, #568]	@ (10005758 <tud_task_ext+0x6a8>)
10005520:	9309      	str	r3, [sp, #36]	@ 0x24
10005522:	4b8e      	ldr	r3, [pc, #568]	@ (1000575c <tud_task_ext+0x6ac>)
10005524:	930a      	str	r3, [sp, #40]	@ 0x28
10005526:	9b05      	ldr	r3, [sp, #20]
10005528:	42b3      	cmp	r3, r6
1000552a:	d800      	bhi.n	1000552e <tud_task_ext+0x47e>
1000552c:	e155      	b.n	100057da <tud_task_ext+0x72a>
1000552e:	7873      	ldrb	r3, [r6, #1]
10005530:	2201      	movs	r2, #1
10005532:	2b0b      	cmp	r3, #11
10005534:	d103      	bne.n	1000553e <tud_task_ext+0x48e>
10005536:	7833      	ldrb	r3, [r6, #0]
10005538:	78f2      	ldrb	r2, [r6, #3]
1000553a:	18f6      	adds	r6, r6, r3
1000553c:	7873      	ldrb	r3, [r6, #1]
1000553e:	2b04      	cmp	r3, #4
10005540:	d000      	beq.n	10005544 <tud_task_ext+0x494>
10005542:	e144      	b.n	100057ce <tud_task_ext+0x71e>
10005544:	9b05      	ldr	r3, [sp, #20]
10005546:	2700      	movs	r7, #0
10005548:	1b9b      	subs	r3, r3, r6
1000554a:	b29b      	uxth	r3, r3
1000554c:	9306      	str	r3, [sp, #24]
1000554e:	9b04      	ldr	r3, [sp, #16]
10005550:	920b      	str	r2, [sp, #44]	@ 0x2c
10005552:	781d      	ldrb	r5, [r3, #0]
10005554:	2300      	movs	r3, #0
10005556:	9303      	str	r3, [sp, #12]
10005558:	e01b      	b.n	10005592 <tud_task_ext+0x4e2>
1000555a:	9a09      	ldr	r2, [sp, #36]	@ 0x24
1000555c:	017b      	lsls	r3, r7, #5
1000555e:	6815      	ldr	r5, [r2, #0]
10005560:	18ed      	adds	r5, r5, r3
10005562:	2d00      	cmp	r5, #0
10005564:	d100      	bne.n	10005568 <tud_task_ext+0x4b8>
10005566:	e132      	b.n	100057ce <tud_task_ext+0x71e>
10005568:	0031      	movs	r1, r6
1000556a:	4658      	mov	r0, fp
1000556c:	692b      	ldr	r3, [r5, #16]
1000556e:	9a06      	ldr	r2, [sp, #24]
10005570:	4798      	blx	r3
10005572:	4684      	mov	ip, r0
10005574:	2808      	cmp	r0, #8
10005576:	d903      	bls.n	10005580 <tud_task_ext+0x4d0>
10005578:	9a06      	ldr	r2, [sp, #24]
1000557a:	4282      	cmp	r2, r0
1000557c:	d300      	bcc.n	10005580 <tud_task_ext+0x4d0>
1000557e:	e113      	b.n	100057a8 <tud_task_ext+0x6f8>
10005580:	9b04      	ldr	r3, [sp, #16]
10005582:	3701      	adds	r7, #1
10005584:	781d      	ldrb	r5, [r3, #0]
10005586:	b2ff      	uxtb	r7, r7
10005588:	1c6b      	adds	r3, r5, #1
1000558a:	9703      	str	r7, [sp, #12]
1000558c:	429f      	cmp	r7, r3
1000558e:	dd00      	ble.n	10005592 <tud_task_ext+0x4e2>
10005590:	e11d      	b.n	100057ce <tud_task_ext+0x71e>
10005592:	42bd      	cmp	r5, r7
10005594:	d8e1      	bhi.n	1000555a <tud_task_ext+0x4aa>
10005596:	9b03      	ldr	r3, [sp, #12]
10005598:	1b5d      	subs	r5, r3, r5
1000559a:	9b08      	ldr	r3, [sp, #32]
1000559c:	016d      	lsls	r5, r5, #5
1000559e:	469c      	mov	ip, r3
100055a0:	4465      	add	r5, ip
100055a2:	e7e1      	b.n	10005568 <tud_task_ext+0x4b8>
100055a4:	786b      	ldrb	r3, [r5, #1]
100055a6:	aa0c      	add	r2, sp, #48	@ 0x30
100055a8:	3202      	adds	r2, #2
100055aa:	7013      	strb	r3, [r2, #0]
100055ac:	4658      	mov	r0, fp
100055ae:	2301      	movs	r3, #1
100055b0:	a90e      	add	r1, sp, #56	@ 0x38
100055b2:	f000 fa49 	bl	10005a48 <tud_control_xfer>
100055b6:	e591      	b.n	100050dc <tud_task_ext+0x2c>
100055b8:	88e3      	ldrh	r3, [r4, #6]
100055ba:	0a1a      	lsrs	r2, r3, #8
100055bc:	b2d8      	uxtb	r0, r3
100055be:	2a0f      	cmp	r2, #15
100055c0:	d900      	bls.n	100055c4 <tud_task_ext+0x514>
100055c2:	e6f7      	b.n	100053b4 <tud_task_ext+0x304>
100055c4:	4966      	ldr	r1, [pc, #408]	@ (10005760 <tud_task_ext+0x6b0>)
100055c6:	0093      	lsls	r3, r2, #2
100055c8:	58cb      	ldr	r3, [r1, r3]
100055ca:	469f      	mov	pc, r3
100055cc:	a80e      	add	r0, sp, #56	@ 0x38
100055ce:	f000 fa9f 	bl	10005b10 <usbd_control_set_request>
100055d2:	4658      	mov	r0, fp
100055d4:	79a1      	ldrb	r1, [r4, #6]
100055d6:	f7ff fb95 	bl	10004d04 <dcd_set_address>
100055da:	2202      	movs	r2, #2
100055dc:	782b      	ldrb	r3, [r5, #0]
100055de:	4313      	orrs	r3, r2
100055e0:	702b      	strb	r3, [r5, #0]
100055e2:	e57b      	b.n	100050dc <tud_task_ext+0x2c>
100055e4:	88e3      	ldrh	r3, [r4, #6]
100055e6:	2b01      	cmp	r3, #1
100055e8:	d000      	beq.n	100055ec <tud_task_ext+0x53c>
100055ea:	e6e3      	b.n	100053b4 <tud_task_ext+0x304>
100055ec:	2208      	movs	r2, #8
100055ee:	782b      	ldrb	r3, [r5, #0]
100055f0:	4658      	mov	r0, fp
100055f2:	4393      	bics	r3, r2
100055f4:	a90e      	add	r1, sp, #56	@ 0x38
100055f6:	702b      	strb	r3, [r5, #0]
100055f8:	f000 fa10 	bl	10005a1c <tud_control_status>
100055fc:	e56e      	b.n	100050dc <tud_task_ext+0x2c>
100055fe:	2002      	movs	r0, #2
10005600:	7829      	ldrb	r1, [r5, #0]
10005602:	ab0c      	add	r3, sp, #48	@ 0x30
10005604:	1c9a      	adds	r2, r3, #2
10005606:	068b      	lsls	r3, r1, #26
10005608:	0889      	lsrs	r1, r1, #2
1000560a:	0fdb      	lsrs	r3, r3, #31
1000560c:	4001      	ands	r1, r0
1000560e:	430b      	orrs	r3, r1
10005610:	8013      	strh	r3, [r2, #0]
10005612:	4658      	mov	r0, fp
10005614:	2302      	movs	r3, #2
10005616:	a90e      	add	r1, sp, #56	@ 0x38
10005618:	f000 fa16 	bl	10005a48 <tud_control_xfer>
1000561c:	e55e      	b.n	100050dc <tud_task_ext+0x2c>
1000561e:	88e3      	ldrh	r3, [r4, #6]
10005620:	2b01      	cmp	r3, #1
10005622:	d000      	beq.n	10005626 <tud_task_ext+0x576>
10005624:	e6c6      	b.n	100053b4 <tud_task_ext+0x304>
10005626:	2208      	movs	r2, #8
10005628:	782b      	ldrb	r3, [r5, #0]
1000562a:	4313      	orrs	r3, r2
1000562c:	702b      	strb	r3, [r5, #0]
1000562e:	e718      	b.n	10005462 <tud_task_ext+0x3b2>
10005630:	7a23      	ldrb	r3, [r4, #8]
10005632:	2b0f      	cmp	r3, #15
10005634:	d900      	bls.n	10005638 <tud_task_ext+0x588>
10005636:	e6bd      	b.n	100053b4 <tud_task_ext+0x304>
10005638:	18eb      	adds	r3, r5, r3
1000563a:	791d      	ldrb	r5, [r3, #4]
1000563c:	4b44      	ldr	r3, [pc, #272]	@ (10005750 <tud_task_ext+0x6a0>)
1000563e:	781b      	ldrb	r3, [r3, #0]
10005640:	429d      	cmp	r5, r3
10005642:	d228      	bcs.n	10005696 <tud_task_ext+0x5e6>
10005644:	4b44      	ldr	r3, [pc, #272]	@ (10005758 <tud_task_ext+0x6a8>)
10005646:	016d      	lsls	r5, r5, #5
10005648:	681b      	ldr	r3, [r3, #0]
1000564a:	195d      	adds	r5, r3, r5
1000564c:	2d00      	cmp	r5, #0
1000564e:	d100      	bne.n	10005652 <tud_task_ext+0x5a2>
10005650:	e6b0      	b.n	100053b4 <tud_task_ext+0x304>
10005652:	6968      	ldr	r0, [r5, #20]
10005654:	f000 fa56 	bl	10005b04 <usbd_control_set_complete_callback>
10005658:	2101      	movs	r1, #1
1000565a:	4658      	mov	r0, fp
1000565c:	696b      	ldr	r3, [r5, #20]
1000565e:	aa0e      	add	r2, sp, #56	@ 0x38
10005660:	4798      	blx	r3
10005662:	e6b8      	b.n	100053d6 <tud_task_ext+0x326>
10005664:	2a00      	cmp	r2, #0
10005666:	d000      	beq.n	1000566a <tud_task_ext+0x5ba>
10005668:	e6a4      	b.n	100053b4 <tud_task_ext+0x304>
1000566a:	2300      	movs	r3, #0
1000566c:	4699      	mov	r9, r3
1000566e:	7962      	ldrb	r2, [r4, #5]
10005670:	2002      	movs	r0, #2
10005672:	0013      	movs	r3, r2
10005674:	9203      	str	r2, [sp, #12]
10005676:	4383      	bics	r3, r0
10005678:	2b01      	cmp	r3, #1
1000567a:	d015      	beq.n	100056a8 <tud_task_ext+0x5f8>
1000567c:	2a00      	cmp	r2, #0
1000567e:	d000      	beq.n	10005682 <tud_task_ext+0x5d2>
10005680:	e698      	b.n	100053b4 <tud_task_ext+0x304>
10005682:	002b      	movs	r3, r5
10005684:	4443      	add	r3, r8
10005686:	4453      	add	r3, sl
10005688:	3330      	adds	r3, #48	@ 0x30
1000568a:	791b      	ldrb	r3, [r3, #4]
1000568c:	aa0c      	add	r2, sp, #48	@ 0x30
1000568e:	079b      	lsls	r3, r3, #30
10005690:	0fdb      	lsrs	r3, r3, #31
10005692:	3202      	adds	r2, #2
10005694:	e7bc      	b.n	10005610 <tud_task_ext+0x560>
10005696:	1c5a      	adds	r2, r3, #1
10005698:	42aa      	cmp	r2, r5
1000569a:	da00      	bge.n	1000569e <tud_task_ext+0x5ee>
1000569c:	e68a      	b.n	100053b4 <tud_task_ext+0x304>
1000569e:	1aed      	subs	r5, r5, r3
100056a0:	4b2c      	ldr	r3, [pc, #176]	@ (10005754 <tud_task_ext+0x6a4>)
100056a2:	016d      	lsls	r5, r5, #5
100056a4:	18ed      	adds	r5, r5, r3
100056a6:	e7d4      	b.n	10005652 <tud_task_ext+0x5a2>
100056a8:	88e3      	ldrh	r3, [r4, #6]
100056aa:	2b00      	cmp	r3, #0
100056ac:	d112      	bne.n	100056d4 <tud_task_ext+0x624>
100056ae:	9b02      	ldr	r3, [sp, #8]
100056b0:	7818      	ldrb	r0, [r3, #0]
100056b2:	9b03      	ldr	r3, [sp, #12]
100056b4:	2b01      	cmp	r3, #1
100056b6:	d023      	beq.n	10005700 <tud_task_ext+0x650>
100056b8:	f7ff fbea 	bl	10004e90 <dcd_edpt_stall>
100056bc:	4643      	mov	r3, r8
100056be:	2102      	movs	r1, #2
100056c0:	18eb      	adds	r3, r5, r3
100056c2:	4453      	add	r3, sl
100056c4:	3330      	adds	r3, #48	@ 0x30
100056c6:	791a      	ldrb	r2, [r3, #4]
100056c8:	430a      	orrs	r2, r1
100056ca:	2101      	movs	r1, #1
100056cc:	711a      	strb	r2, [r3, #4]
100056ce:	791a      	ldrb	r2, [r3, #4]
100056d0:	430a      	orrs	r2, r1
100056d2:	711a      	strb	r2, [r3, #4]
100056d4:	464b      	mov	r3, r9
100056d6:	2b00      	cmp	r3, #0
100056d8:	d100      	bne.n	100056dc <tud_task_ext+0x62c>
100056da:	e4ff      	b.n	100050dc <tud_task_ext+0x2c>
100056dc:	6958      	ldr	r0, [r3, #20]
100056de:	f000 fa11 	bl	10005b04 <usbd_control_set_complete_callback>
100056e2:	464b      	mov	r3, r9
100056e4:	2101      	movs	r1, #1
100056e6:	695b      	ldr	r3, [r3, #20]
100056e8:	aa0e      	add	r2, sp, #56	@ 0x38
100056ea:	4658      	mov	r0, fp
100056ec:	4798      	blx	r3
100056ee:	2000      	movs	r0, #0
100056f0:	f000 fa08 	bl	10005b04 <usbd_control_set_complete_callback>
100056f4:	2335      	movs	r3, #53	@ 0x35
100056f6:	5ceb      	ldrb	r3, [r5, r3]
100056f8:	07db      	lsls	r3, r3, #31
100056fa:	d500      	bpl.n	100056fe <tud_task_ext+0x64e>
100056fc:	e4ee      	b.n	100050dc <tud_task_ext+0x2c>
100056fe:	e6b0      	b.n	10005462 <tud_task_ext+0x3b2>
10005700:	f7ff fbe4 	bl	10004ecc <dcd_edpt_clear_stall>
10005704:	4643      	mov	r3, r8
10005706:	2102      	movs	r1, #2
10005708:	18eb      	adds	r3, r5, r3
1000570a:	4453      	add	r3, sl
1000570c:	3330      	adds	r3, #48	@ 0x30
1000570e:	791a      	ldrb	r2, [r3, #4]
10005710:	438a      	bics	r2, r1
10005712:	711a      	strb	r2, [r3, #4]
10005714:	791a      	ldrb	r2, [r3, #4]
10005716:	9903      	ldr	r1, [sp, #12]
10005718:	438a      	bics	r2, r1
1000571a:	711a      	strb	r2, [r3, #4]
1000571c:	e7da      	b.n	100056d4 <tud_task_ext+0x624>
1000571e:	f7ff fc37 	bl	10004f90 <tud_umount_cb>
10005722:	e69e      	b.n	10005462 <tud_task_ext+0x3b2>
10005724:	2100      	movs	r1, #0
10005726:	4658      	mov	r0, fp
10005728:	f7ff faf6 	bl	10004d18 <dcd_sof_enable>
1000572c:	4658      	mov	r0, fp
1000572e:	f7ff fb99 	bl	10004e64 <dcd_edpt_close_all>
10005732:	78ab      	ldrb	r3, [r5, #2]
10005734:	4907      	ldr	r1, [pc, #28]	@ (10005754 <tud_task_ext+0x6a4>)
10005736:	9303      	str	r3, [sp, #12]
10005738:	9104      	str	r1, [sp, #16]
1000573a:	4b05      	ldr	r3, [pc, #20]	@ (10005750 <tud_task_ext+0x6a0>)
1000573c:	4906      	ldr	r1, [pc, #24]	@ (10005758 <tud_task_ext+0x6a8>)
1000573e:	4698      	mov	r8, r3
10005740:	781a      	ldrb	r2, [r3, #0]
10005742:	9105      	str	r1, [sp, #20]
10005744:	2300      	movs	r3, #0
10005746:	0029      	movs	r1, r5
10005748:	001d      	movs	r5, r3
1000574a:	468a      	mov	sl, r1
1000574c:	e01b      	b.n	10005786 <tud_task_ext+0x6d6>
1000574e:	46c0      	nop			@ (mov r8, r8)
10005750:	2000213a 	.word	0x2000213a
10005754:	10007ab4 	.word	0x10007ab4
10005758:	200015d0 	.word	0x200015d0
1000575c:	20001794 	.word	0x20001794
10005760:	10007a58 	.word	0x10007a58
10005764:	9b05      	ldr	r3, [sp, #20]
10005766:	016a      	lsls	r2, r5, #5
10005768:	681b      	ldr	r3, [r3, #0]
1000576a:	189b      	adds	r3, r3, r2
1000576c:	2b00      	cmp	r3, #0
1000576e:	d04d      	beq.n	1000580c <tud_task_ext+0x75c>
10005770:	68db      	ldr	r3, [r3, #12]
10005772:	4658      	mov	r0, fp
10005774:	4798      	blx	r3
10005776:	4643      	mov	r3, r8
10005778:	781a      	ldrb	r2, [r3, #0]
1000577a:	3501      	adds	r5, #1
1000577c:	b2ed      	uxtb	r5, r5
1000577e:	1c51      	adds	r1, r2, #1
10005780:	002b      	movs	r3, r5
10005782:	428d      	cmp	r5, r1
10005784:	dc2e      	bgt.n	100057e4 <tud_task_ext+0x734>
10005786:	4295      	cmp	r5, r2
10005788:	d3ec      	bcc.n	10005764 <tud_task_ext+0x6b4>
1000578a:	1a9b      	subs	r3, r3, r2
1000578c:	9a04      	ldr	r2, [sp, #16]
1000578e:	015b      	lsls	r3, r3, #5
10005790:	4694      	mov	ip, r2
10005792:	4463      	add	r3, ip
10005794:	e7ec      	b.n	10005770 <tud_task_ext+0x6c0>
10005796:	ab0c      	add	r3, sp, #48	@ 0x30
10005798:	1c9a      	adds	r2, r3, #2
1000579a:	4658      	mov	r0, fp
1000579c:	2301      	movs	r3, #1
1000579e:	a90e      	add	r1, sp, #56	@ 0x38
100057a0:	7015      	strb	r5, [r2, #0]
100057a2:	f000 f951 	bl	10005a48 <tud_control_xfer>
100057a6:	e499      	b.n	100050dc <tud_task_ext+0x2c>
100057a8:	9a0b      	ldr	r2, [sp, #44]	@ 0x2c
100057aa:	2a01      	cmp	r2, #1
100057ac:	d04f      	beq.n	1000584e <tud_task_ext+0x79e>
100057ae:	2a00      	cmp	r2, #0
100057b0:	d03c      	beq.n	1000582c <tud_task_ext+0x77c>
100057b2:	2300      	movs	r3, #0
100057b4:	78b0      	ldrb	r0, [r6, #2]
100057b6:	e004      	b.n	100057c2 <tud_task_ext+0x712>
100057b8:	3301      	adds	r3, #1
100057ba:	b2db      	uxtb	r3, r3
100057bc:	710f      	strb	r7, [r1, #4]
100057be:	4293      	cmp	r3, r2
100057c0:	d234      	bcs.n	1000582c <tud_task_ext+0x77c>
100057c2:	18c1      	adds	r1, r0, r3
100057c4:	b2c9      	uxtb	r1, r1
100057c6:	4441      	add	r1, r8
100057c8:	790d      	ldrb	r5, [r1, #4]
100057ca:	2dff      	cmp	r5, #255	@ 0xff
100057cc:	d0f4      	beq.n	100057b8 <tud_task_ext+0x708>
100057ce:	464e      	mov	r6, r9
100057d0:	4645      	mov	r5, r8
100057d2:	4657      	mov	r7, sl
100057d4:	2300      	movs	r3, #0
100057d6:	706b      	strb	r3, [r5, #1]
100057d8:	e5ec      	b.n	100053b4 <tud_task_ext+0x304>
100057da:	464e      	mov	r6, r9
100057dc:	4657      	mov	r7, sl
100057de:	f7ff fbd5 	bl	10004f8c <tud_mount_cb>
100057e2:	e63e      	b.n	10005462 <tud_task_ext+0x3b2>
100057e4:	4655      	mov	r5, sl
100057e6:	2254      	movs	r2, #84	@ 0x54
100057e8:	2100      	movs	r1, #0
100057ea:	0028      	movs	r0, r5
100057ec:	f7fc ffcc 	bl	10002788 <__wrap_memset>
100057f0:	2210      	movs	r2, #16
100057f2:	21ff      	movs	r1, #255	@ 0xff
100057f4:	1d28      	adds	r0, r5, #4
100057f6:	f7fc ffc7 	bl	10002788 <__wrap_memset>
100057fa:	0028      	movs	r0, r5
100057fc:	2220      	movs	r2, #32
100057fe:	21ff      	movs	r1, #255	@ 0xff
10005800:	3014      	adds	r0, #20
10005802:	f7fc ffc1 	bl	10002788 <__wrap_memset>
10005806:	9b03      	ldr	r3, [sp, #12]
10005808:	70ab      	strb	r3, [r5, #2]
1000580a:	e657      	b.n	100054bc <tud_task_ext+0x40c>
1000580c:	4655      	mov	r5, sl
1000580e:	e7fa      	b.n	10005806 <tud_task_ext+0x756>
10005810:	f7fe feaa 	bl	10004568 <tud_descriptor_bos_cb>
10005814:	1e02      	subs	r2, r0, #0
10005816:	d100      	bne.n	1000581a <tud_task_ext+0x76a>
10005818:	e5cc      	b.n	100053b4 <tud_task_ext+0x304>
1000581a:	78d3      	ldrb	r3, [r2, #3]
1000581c:	7891      	ldrb	r1, [r2, #2]
1000581e:	021b      	lsls	r3, r3, #8
10005820:	430b      	orrs	r3, r1
10005822:	4658      	mov	r0, fp
10005824:	a90e      	add	r1, sp, #56	@ 0x38
10005826:	f000 f90f 	bl	10005a48 <tud_control_xfer>
1000582a:	e5d4      	b.n	100053d6 <tud_task_ext+0x326>
1000582c:	4665      	mov	r5, ip
1000582e:	003b      	movs	r3, r7
10005830:	002a      	movs	r2, r5
10005832:	0031      	movs	r1, r6
10005834:	980a      	ldr	r0, [sp, #40]	@ 0x28
10005836:	f000 fe7f 	bl	10006538 <tu_edpt_bind_driver>
1000583a:	46ac      	mov	ip, r5
1000583c:	9b04      	ldr	r3, [sp, #16]
1000583e:	9a03      	ldr	r2, [sp, #12]
10005840:	781b      	ldrb	r3, [r3, #0]
10005842:	4466      	add	r6, ip
10005844:	3301      	adds	r3, #1
10005846:	4293      	cmp	r3, r2
10005848:	db00      	blt.n	1000584c <tud_task_ext+0x79c>
1000584a:	e66c      	b.n	10005526 <tud_task_ext+0x476>
1000584c:	e7bf      	b.n	100057ce <tud_task_ext+0x71e>
1000584e:	4b17      	ldr	r3, [pc, #92]	@ (100058ac <tud_task_ext+0x7fc>)
10005850:	6929      	ldr	r1, [r5, #16]
10005852:	4299      	cmp	r1, r3
10005854:	d1ad      	bne.n	100057b2 <tud_task_ext+0x702>
10005856:	9a07      	ldr	r2, [sp, #28]
10005858:	e7ab      	b.n	100057b2 <tud_task_ext+0x702>
1000585a:	f7ff fb93 	bl	10004f84 <tud_descriptor_device_qualifier_cb>
1000585e:	1e02      	subs	r2, r0, #0
10005860:	d100      	bne.n	10005864 <tud_task_ext+0x7b4>
10005862:	e5a7      	b.n	100053b4 <tud_task_ext+0x304>
10005864:	4658      	mov	r0, fp
10005866:	7813      	ldrb	r3, [r2, #0]
10005868:	a90e      	add	r1, sp, #56	@ 0x38
1000586a:	f000 f8ed 	bl	10005a48 <tud_control_xfer>
1000586e:	e5b2      	b.n	100053d6 <tud_task_ext+0x326>
10005870:	8921      	ldrh	r1, [r4, #8]
10005872:	f7ff f8c3 	bl	100049fc <tud_descriptor_string_cb>
10005876:	1e02      	subs	r2, r0, #0
10005878:	d1f4      	bne.n	10005864 <tud_task_ext+0x7b4>
1000587a:	e59b      	b.n	100053b4 <tud_task_ext+0x304>
1000587c:	2a02      	cmp	r2, #2
1000587e:	d00f      	beq.n	100058a0 <tud_task_ext+0x7f0>
10005880:	f7ff fb82 	bl	10004f88 <tud_descriptor_other_speed_configuration_cb>
10005884:	1e02      	subs	r2, r0, #0
10005886:	d1c8      	bne.n	1000581a <tud_task_ext+0x76a>
10005888:	e594      	b.n	100053b4 <tud_task_ext+0x304>
1000588a:	f7ff f8af 	bl	100049ec <tud_descriptor_device_cb>
1000588e:	1e02      	subs	r2, r0, #0
10005890:	d100      	bne.n	10005894 <tud_task_ext+0x7e4>
10005892:	e58f      	b.n	100053b4 <tud_task_ext+0x304>
10005894:	2312      	movs	r3, #18
10005896:	4658      	mov	r0, fp
10005898:	a90e      	add	r1, sp, #56	@ 0x38
1000589a:	f000 f8d5 	bl	10005a48 <tud_control_xfer>
1000589e:	e59a      	b.n	100053d6 <tud_task_ext+0x326>
100058a0:	f7ff f8a8 	bl	100049f4 <tud_descriptor_configuration_cb>
100058a4:	1e02      	subs	r2, r0, #0
100058a6:	d1b8      	bne.n	1000581a <tud_task_ext+0x76a>
100058a8:	e584      	b.n	100053b4 <tud_task_ext+0x304>
100058aa:	46c0      	nop			@ (mov r8, r8)
100058ac:	10005f01 	.word	0x10005f01

100058b0 <usbd_open_edpt_pair>:
100058b0:	b5f8      	push	{r3, r4, r5, r6, r7, lr}
100058b2:	4657      	mov	r7, sl
100058b4:	464e      	mov	r6, r9
100058b6:	46de      	mov	lr, fp
100058b8:	4645      	mov	r5, r8
100058ba:	000c      	movs	r4, r1
100058bc:	b5e0      	push	{r5, r6, r7, lr}
100058be:	0016      	movs	r6, r2
100058c0:	001f      	movs	r7, r3
100058c2:	2a00      	cmp	r2, #0
100058c4:	d03c      	beq.n	10005940 <usbd_open_edpt_pair+0x90>
100058c6:	2370      	movs	r3, #112	@ 0x70
100058c8:	4698      	mov	r8, r3
100058ca:	4b1e      	ldr	r3, [pc, #120]	@ (10005944 <usbd_open_edpt_pair+0x94>)
100058cc:	2500      	movs	r5, #0
100058ce:	469b      	mov	fp, r3
100058d0:	4b1d      	ldr	r3, [pc, #116]	@ (10005948 <usbd_open_edpt_pair+0x98>)
100058d2:	469a      	mov	sl, r3
100058d4:	e01a      	b.n	1000590c <usbd_open_edpt_pair+0x5c>
100058d6:	465b      	mov	r3, fp
100058d8:	781b      	ldrb	r3, [r3, #0]
100058da:	0020      	movs	r0, r4
100058dc:	4699      	mov	r9, r3
100058de:	4653      	mov	r3, sl
100058e0:	7899      	ldrb	r1, [r3, #2]
100058e2:	f000 fdeb 	bl	100064bc <tu_edpt_validate>
100058e6:	2800      	cmp	r0, #0
100058e8:	d01c      	beq.n	10005924 <usbd_open_edpt_pair+0x74>
100058ea:	0021      	movs	r1, r4
100058ec:	4648      	mov	r0, r9
100058ee:	f7ff fa2f 	bl	10004d50 <dcd_edpt_open>
100058f2:	2800      	cmp	r0, #0
100058f4:	d016      	beq.n	10005924 <usbd_open_edpt_pair+0x74>
100058f6:	78a3      	ldrb	r3, [r4, #2]
100058f8:	09da      	lsrs	r2, r3, #7
100058fa:	2a01      	cmp	r2, #1
100058fc:	d019      	beq.n	10005932 <usbd_open_edpt_pair+0x82>
100058fe:	9a0a      	ldr	r2, [sp, #40]	@ 0x28
10005900:	3501      	adds	r5, #1
10005902:	7013      	strb	r3, [r2, #0]
10005904:	7823      	ldrb	r3, [r4, #0]
10005906:	18e4      	adds	r4, r4, r3
10005908:	42ae      	cmp	r6, r5
1000590a:	dd19      	ble.n	10005940 <usbd_open_edpt_pair+0x90>
1000590c:	7863      	ldrb	r3, [r4, #1]
1000590e:	2b05      	cmp	r3, #5
10005910:	d108      	bne.n	10005924 <usbd_open_edpt_pair+0x74>
10005912:	78e3      	ldrb	r3, [r4, #3]
10005914:	079b      	lsls	r3, r3, #30
10005916:	0f9b      	lsrs	r3, r3, #30
10005918:	42bb      	cmp	r3, r7
1000591a:	d103      	bne.n	10005924 <usbd_open_edpt_pair+0x74>
1000591c:	4642      	mov	r2, r8
1000591e:	78a3      	ldrb	r3, [r4, #2]
10005920:	421a      	tst	r2, r3
10005922:	d0d8      	beq.n	100058d6 <usbd_open_edpt_pair+0x26>
10005924:	2000      	movs	r0, #0
10005926:	bcf0      	pop	{r4, r5, r6, r7}
10005928:	46bb      	mov	fp, r7
1000592a:	46b2      	mov	sl, r6
1000592c:	46a9      	mov	r9, r5
1000592e:	46a0      	mov	r8, r4
10005930:	bdf8      	pop	{r3, r4, r5, r6, r7, pc}
10005932:	9a0b      	ldr	r2, [sp, #44]	@ 0x2c
10005934:	3501      	adds	r5, #1
10005936:	7013      	strb	r3, [r2, #0]
10005938:	7823      	ldrb	r3, [r4, #0]
1000593a:	18e4      	adds	r4, r4, r3
1000593c:	42ae      	cmp	r6, r5
1000593e:	dce5      	bgt.n	1000590c <usbd_open_edpt_pair+0x5c>
10005940:	2001      	movs	r0, #1
10005942:	e7f0      	b.n	10005926 <usbd_open_edpt_pair+0x76>
10005944:	20001054 	.word	0x20001054
10005948:	20001780 	.word	0x20001780

1000594c <usbd_edpt_open>:
1000594c:	2270      	movs	r2, #112	@ 0x70
1000594e:	b570      	push	{r4, r5, r6, lr}
10005950:	788b      	ldrb	r3, [r1, #2]
10005952:	000c      	movs	r4, r1
10005954:	421a      	tst	r2, r3
10005956:	d001      	beq.n	1000595c <usbd_edpt_open+0x10>
10005958:	2000      	movs	r0, #0
1000595a:	bd70      	pop	{r4, r5, r6, pc}
1000595c:	4b06      	ldr	r3, [pc, #24]	@ (10005978 <usbd_edpt_open+0x2c>)
1000595e:	0020      	movs	r0, r4
10005960:	781d      	ldrb	r5, [r3, #0]
10005962:	4b06      	ldr	r3, [pc, #24]	@ (1000597c <usbd_edpt_open+0x30>)
10005964:	7899      	ldrb	r1, [r3, #2]
10005966:	f000 fda9 	bl	100064bc <tu_edpt_validate>
1000596a:	2800      	cmp	r0, #0
1000596c:	d0f4      	beq.n	10005958 <usbd_edpt_open+0xc>
1000596e:	0021      	movs	r1, r4
10005970:	0028      	movs	r0, r5
10005972:	f7ff f9ed 	bl	10004d50 <dcd_edpt_open>
10005976:	e7f0      	b.n	1000595a <usbd_edpt_open+0xe>
10005978:	20001054 	.word	0x20001054
1000597c:	20001780 	.word	0x20001780

10005980 <usbd_edpt_claim>:
10005980:	000b      	movs	r3, r1
10005982:	207f      	movs	r0, #127	@ 0x7f
10005984:	b510      	push	{r4, lr}
10005986:	4018      	ands	r0, r3
10005988:	09db      	lsrs	r3, r3, #7
1000598a:	3334      	adds	r3, #52	@ 0x34
1000598c:	0040      	lsls	r0, r0, #1
1000598e:	4a04      	ldr	r2, [pc, #16]	@ (100059a0 <usbd_edpt_claim+0x20>)
10005990:	18c0      	adds	r0, r0, r3
10005992:	4b04      	ldr	r3, [pc, #16]	@ (100059a4 <usbd_edpt_claim+0x24>)
10005994:	6811      	ldr	r1, [r2, #0]
10005996:	18c0      	adds	r0, r0, r3
10005998:	f000 fd4c 	bl	10006434 <tu_edpt_claim>
1000599c:	bd10      	pop	{r4, pc}
1000599e:	46c0      	nop			@ (mov r8, r8)
100059a0:	200017d4 	.word	0x200017d4
100059a4:	20001780 	.word	0x20001780

100059a8 <usbd_edpt_release>:
100059a8:	000b      	movs	r3, r1
100059aa:	207f      	movs	r0, #127	@ 0x7f
100059ac:	b510      	push	{r4, lr}
100059ae:	4018      	ands	r0, r3
100059b0:	09db      	lsrs	r3, r3, #7
100059b2:	3334      	adds	r3, #52	@ 0x34
100059b4:	0040      	lsls	r0, r0, #1
100059b6:	4a04      	ldr	r2, [pc, #16]	@ (100059c8 <usbd_edpt_release+0x20>)
100059b8:	18c0      	adds	r0, r0, r3
100059ba:	4b04      	ldr	r3, [pc, #16]	@ (100059cc <usbd_edpt_release+0x24>)
100059bc:	6811      	ldr	r1, [r2, #0]
100059be:	18c0      	adds	r0, r0, r3
100059c0:	f000 fd60 	bl	10006484 <tu_edpt_release>
100059c4:	bd10      	pop	{r4, pc}
100059c6:	46c0      	nop			@ (mov r8, r8)
100059c8:	200017d4 	.word	0x200017d4
100059cc:	20001780 	.word	0x20001780

100059d0 <usbd_edpt_xfer>:
100059d0:	b570      	push	{r4, r5, r6, lr}
100059d2:	247f      	movs	r4, #127	@ 0x7f
100059d4:	480f      	ldr	r0, [pc, #60]	@ (10005a14 <usbd_edpt_xfer+0x44>)
100059d6:	400c      	ands	r4, r1
100059d8:	0064      	lsls	r4, r4, #1
100059da:	1904      	adds	r4, r0, r4
100059dc:	09cd      	lsrs	r5, r1, #7
100059de:	1964      	adds	r4, r4, r5
100059e0:	3430      	adds	r4, #48	@ 0x30
100059e2:	7920      	ldrb	r0, [r4, #4]
100059e4:	07c0      	lsls	r0, r0, #31
100059e6:	d501      	bpl.n	100059ec <usbd_edpt_xfer+0x1c>
100059e8:	2000      	movs	r0, #0
100059ea:	bd70      	pop	{r4, r5, r6, pc}
100059ec:	2601      	movs	r6, #1
100059ee:	7925      	ldrb	r5, [r4, #4]
100059f0:	4809      	ldr	r0, [pc, #36]	@ (10005a18 <usbd_edpt_xfer+0x48>)
100059f2:	4335      	orrs	r5, r6
100059f4:	7800      	ldrb	r0, [r0, #0]
100059f6:	7125      	strb	r5, [r4, #4]
100059f8:	f7ff fa38 	bl	10004e6c <dcd_edpt_xfer>
100059fc:	2800      	cmp	r0, #0
100059fe:	d1f4      	bne.n	100059ea <usbd_edpt_xfer+0x1a>
10005a00:	2201      	movs	r2, #1
10005a02:	7923      	ldrb	r3, [r4, #4]
10005a04:	4393      	bics	r3, r2
10005a06:	7123      	strb	r3, [r4, #4]
10005a08:	7923      	ldrb	r3, [r4, #4]
10005a0a:	3203      	adds	r2, #3
10005a0c:	4393      	bics	r3, r2
10005a0e:	7123      	strb	r3, [r4, #4]
10005a10:	e7ea      	b.n	100059e8 <usbd_edpt_xfer+0x18>
10005a12:	46c0      	nop			@ (mov r8, r8)
10005a14:	20001780 	.word	0x20001780
10005a18:	20001054 	.word	0x20001054

10005a1c <tud_control_status>:
10005a1c:	b570      	push	{r4, r5, r6, lr}
10005a1e:	4c09      	ldr	r4, [pc, #36]	@ (10005a44 <tud_control_status+0x28>)
10005a20:	0006      	movs	r6, r0
10005a22:	2208      	movs	r2, #8
10005a24:	0020      	movs	r0, r4
10005a26:	000d      	movs	r5, r1
10005a28:	f7fc feb4 	bl	10002794 <__wrap___aeabi_memcpy>
10005a2c:	2300      	movs	r3, #0
10005a2e:	2180      	movs	r1, #128	@ 0x80
10005a30:	60e3      	str	r3, [r4, #12]
10005a32:	60a3      	str	r3, [r4, #8]
10005a34:	782b      	ldrb	r3, [r5, #0]
10005a36:	0030      	movs	r0, r6
10005a38:	4399      	bics	r1, r3
10005a3a:	2200      	movs	r2, #0
10005a3c:	2300      	movs	r3, #0
10005a3e:	f7ff ffc7 	bl	100059d0 <usbd_edpt_xfer>
10005a42:	bd70      	pop	{r4, r5, r6, pc}
10005a44:	20001760 	.word	0x20001760

10005a48 <tud_control_xfer>:
10005a48:	b5f8      	push	{r3, r4, r5, r6, r7, lr}
10005a4a:	46ce      	mov	lr, r9
10005a4c:	4647      	mov	r7, r8
10005a4e:	4690      	mov	r8, r2
10005a50:	4e25      	ldr	r6, [pc, #148]	@ (10005ae8 <tud_control_xfer+0xa0>)
10005a52:	b580      	push	{r7, lr}
10005a54:	4681      	mov	r9, r0
10005a56:	2208      	movs	r2, #8
10005a58:	0030      	movs	r0, r6
10005a5a:	000d      	movs	r5, r1
10005a5c:	001f      	movs	r7, r3
10005a5e:	f7fc fe99 	bl	10002794 <__wrap___aeabi_memcpy>
10005a62:	4643      	mov	r3, r8
10005a64:	60b3      	str	r3, [r6, #8]
10005a66:	2300      	movs	r3, #0
10005a68:	81f3      	strh	r3, [r6, #14]
10005a6a:	79ec      	ldrb	r4, [r5, #7]
10005a6c:	79ab      	ldrb	r3, [r5, #6]
10005a6e:	0224      	lsls	r4, r4, #8
10005a70:	431c      	orrs	r4, r3
10005a72:	1c23      	adds	r3, r4, #0
10005a74:	42bc      	cmp	r4, r7
10005a76:	d900      	bls.n	10005a7a <tud_control_xfer+0x32>
10005a78:	1c3b      	adds	r3, r7, #0
10005a7a:	b29f      	uxth	r7, r3
10005a7c:	81b3      	strh	r3, [r6, #12]
10005a7e:	2c00      	cmp	r4, #0
10005a80:	d00d      	beq.n	10005a9e <tud_control_xfer+0x56>
10005a82:	2f00      	cmp	r7, #0
10005a84:	d017      	beq.n	10005ab6 <tud_control_xfer+0x6e>
10005a86:	4642      	mov	r2, r8
10005a88:	2a00      	cmp	r2, #0
10005a8a:	d02b      	beq.n	10005ae4 <tud_control_xfer+0x9c>
10005a8c:	2f40      	cmp	r7, #64	@ 0x40
10005a8e:	d81b      	bhi.n	10005ac8 <tud_control_xfer+0x80>
10005a90:	b29f      	uxth	r7, r3
10005a92:	7833      	ldrb	r3, [r6, #0]
10005a94:	2b7f      	cmp	r3, #127	@ 0x7f
10005a96:	d81c      	bhi.n	10005ad2 <tud_control_xfer+0x8a>
10005a98:	2100      	movs	r1, #0
10005a9a:	4a14      	ldr	r2, [pc, #80]	@ (10005aec <tud_control_xfer+0xa4>)
10005a9c:	e00f      	b.n	10005abe <tud_control_xfer+0x76>
10005a9e:	2180      	movs	r1, #128	@ 0x80
10005aa0:	782b      	ldrb	r3, [r5, #0]
10005aa2:	2200      	movs	r2, #0
10005aa4:	4399      	bics	r1, r3
10005aa6:	4648      	mov	r0, r9
10005aa8:	2300      	movs	r3, #0
10005aaa:	f7ff ff91 	bl	100059d0 <usbd_edpt_xfer>
10005aae:	bcc0      	pop	{r6, r7}
10005ab0:	46b9      	mov	r9, r7
10005ab2:	46b0      	mov	r8, r6
10005ab4:	bdf8      	pop	{r3, r4, r5, r6, r7, pc}
10005ab6:	237f      	movs	r3, #127	@ 0x7f
10005ab8:	2200      	movs	r2, #0
10005aba:	7831      	ldrb	r1, [r6, #0]
10005abc:	4399      	bics	r1, r3
10005abe:	003b      	movs	r3, r7
10005ac0:	4648      	mov	r0, r9
10005ac2:	f7ff ff85 	bl	100059d0 <usbd_edpt_xfer>
10005ac6:	e7f2      	b.n	10005aae <tud_control_xfer+0x66>
10005ac8:	2340      	movs	r3, #64	@ 0x40
10005aca:	b29f      	uxth	r7, r3
10005acc:	7833      	ldrb	r3, [r6, #0]
10005ace:	2b7f      	cmp	r3, #127	@ 0x7f
10005ad0:	d9e2      	bls.n	10005a98 <tud_control_xfer+0x50>
10005ad2:	4c06      	ldr	r4, [pc, #24]	@ (10005aec <tud_control_xfer+0xa4>)
10005ad4:	003a      	movs	r2, r7
10005ad6:	4641      	mov	r1, r8
10005ad8:	0020      	movs	r0, r4
10005ada:	f7fc fe5b 	bl	10002794 <__wrap___aeabi_memcpy>
10005ade:	2180      	movs	r1, #128	@ 0x80
10005ae0:	0022      	movs	r2, r4
10005ae2:	e7ec      	b.n	10005abe <tud_control_xfer+0x76>
10005ae4:	2000      	movs	r0, #0
10005ae6:	e7e2      	b.n	10005aae <tud_control_xfer+0x66>
10005ae8:	20001760 	.word	0x20001760
10005aec:	20001720 	.word	0x20001720

10005af0 <usbd_control_reset>:
10005af0:	b510      	push	{r4, lr}
10005af2:	2214      	movs	r2, #20
10005af4:	2100      	movs	r1, #0
10005af6:	4802      	ldr	r0, [pc, #8]	@ (10005b00 <usbd_control_reset+0x10>)
10005af8:	f7fc fe46 	bl	10002788 <__wrap_memset>
10005afc:	bd10      	pop	{r4, pc}
10005afe:	46c0      	nop			@ (mov r8, r8)
10005b00:	20001760 	.word	0x20001760

10005b04 <usbd_control_set_complete_callback>:
10005b04:	4b01      	ldr	r3, [pc, #4]	@ (10005b0c <usbd_control_set_complete_callback+0x8>)
10005b06:	6118      	str	r0, [r3, #16]
10005b08:	4770      	bx	lr
10005b0a:	46c0      	nop			@ (mov r8, r8)
10005b0c:	20001760 	.word	0x20001760

10005b10 <usbd_control_set_request>:
10005b10:	b510      	push	{r4, lr}
10005b12:	4c05      	ldr	r4, [pc, #20]	@ (10005b28 <usbd_control_set_request+0x18>)
10005b14:	0001      	movs	r1, r0
10005b16:	2208      	movs	r2, #8
10005b18:	0020      	movs	r0, r4
10005b1a:	f7fc fe3b 	bl	10002794 <__wrap___aeabi_memcpy>
10005b1e:	2300      	movs	r3, #0
10005b20:	60a3      	str	r3, [r4, #8]
10005b22:	60e3      	str	r3, [r4, #12]
10005b24:	bd10      	pop	{r4, pc}
10005b26:	46c0      	nop			@ (mov r8, r8)
10005b28:	20001760 	.word	0x20001760

10005b2c <usbd_control_xfer_cb>:
10005b2c:	b570      	push	{r4, r5, r6, lr}
10005b2e:	4c38      	ldr	r4, [pc, #224]	@ (10005c10 <usbd_control_xfer_cb+0xe4>)
10005b30:	001d      	movs	r5, r3
10005b32:	7823      	ldrb	r3, [r4, #0]
10005b34:	0006      	movs	r6, r0
10005b36:	09da      	lsrs	r2, r3, #7
10005b38:	09c9      	lsrs	r1, r1, #7
10005b3a:	428a      	cmp	r2, r1
10005b3c:	d010      	beq.n	10005b60 <usbd_control_xfer_cb+0x34>
10005b3e:	2000      	movs	r0, #0
10005b40:	2d00      	cmp	r5, #0
10005b42:	d000      	beq.n	10005b46 <usbd_control_xfer_cb+0x1a>
10005b44:	bd70      	pop	{r4, r5, r6, pc}
10005b46:	0021      	movs	r1, r4
10005b48:	0030      	movs	r0, r6
10005b4a:	f7ff f8f3 	bl	10004d34 <dcd_edpt0_status_complete>
10005b4e:	6923      	ldr	r3, [r4, #16]
10005b50:	2b00      	cmp	r3, #0
10005b52:	d003      	beq.n	10005b5c <usbd_control_xfer_cb+0x30>
10005b54:	0022      	movs	r2, r4
10005b56:	2103      	movs	r1, #3
10005b58:	0030      	movs	r0, r6
10005b5a:	4798      	blx	r3
10005b5c:	2001      	movs	r0, #1
10005b5e:	e7f1      	b.n	10005b44 <usbd_control_xfer_cb+0x18>
10005b60:	2b7f      	cmp	r3, #127	@ 0x7f
10005b62:	d806      	bhi.n	10005b72 <usbd_control_xfer_cb+0x46>
10005b64:	68a0      	ldr	r0, [r4, #8]
10005b66:	2800      	cmp	r0, #0
10005b68:	d034      	beq.n	10005bd4 <usbd_control_xfer_cb+0xa8>
10005b6a:	002a      	movs	r2, r5
10005b6c:	4929      	ldr	r1, [pc, #164]	@ (10005c14 <usbd_control_xfer_cb+0xe8>)
10005b6e:	f7fc fe11 	bl	10002794 <__wrap___aeabi_memcpy>
10005b72:	89e2      	ldrh	r2, [r4, #14]
10005b74:	68a1      	ldr	r1, [r4, #8]
10005b76:	1952      	adds	r2, r2, r5
10005b78:	88e3      	ldrh	r3, [r4, #6]
10005b7a:	b292      	uxth	r2, r2
10005b7c:	1949      	adds	r1, r1, r5
10005b7e:	81e2      	strh	r2, [r4, #14]
10005b80:	60a1      	str	r1, [r4, #8]
10005b82:	4293      	cmp	r3, r2
10005b84:	d014      	beq.n	10005bb0 <usbd_control_xfer_cb+0x84>
10005b86:	2d3f      	cmp	r5, #63	@ 0x3f
10005b88:	d912      	bls.n	10005bb0 <usbd_control_xfer_cb+0x84>
10005b8a:	89a3      	ldrh	r3, [r4, #12]
10005b8c:	1a98      	subs	r0, r3, r2
10005b8e:	1c05      	adds	r5, r0, #0
10005b90:	b280      	uxth	r0, r0
10005b92:	2840      	cmp	r0, #64	@ 0x40
10005b94:	d82a      	bhi.n	10005bec <usbd_control_xfer_cb+0xc0>
10005b96:	7820      	ldrb	r0, [r4, #0]
10005b98:	b2ad      	uxth	r5, r5
10005b9a:	287f      	cmp	r0, #127	@ 0x7f
10005b9c:	d828      	bhi.n	10005bf0 <usbd_control_xfer_cb+0xc4>
10005b9e:	2100      	movs	r1, #0
10005ba0:	429a      	cmp	r2, r3
10005ba2:	d032      	beq.n	10005c0a <usbd_control_xfer_cb+0xde>
10005ba4:	4a1b      	ldr	r2, [pc, #108]	@ (10005c14 <usbd_control_xfer_cb+0xe8>)
10005ba6:	002b      	movs	r3, r5
10005ba8:	0030      	movs	r0, r6
10005baa:	f7ff ff11 	bl	100059d0 <usbd_edpt_xfer>
10005bae:	e7c9      	b.n	10005b44 <usbd_control_xfer_cb+0x18>
10005bb0:	6923      	ldr	r3, [r4, #16]
10005bb2:	2b00      	cmp	r3, #0
10005bb4:	d005      	beq.n	10005bc2 <usbd_control_xfer_cb+0x96>
10005bb6:	0022      	movs	r2, r4
10005bb8:	2102      	movs	r1, #2
10005bba:	0030      	movs	r0, r6
10005bbc:	4798      	blx	r3
10005bbe:	2800      	cmp	r0, #0
10005bc0:	d00a      	beq.n	10005bd8 <usbd_control_xfer_cb+0xac>
10005bc2:	2180      	movs	r1, #128	@ 0x80
10005bc4:	7823      	ldrb	r3, [r4, #0]
10005bc6:	2200      	movs	r2, #0
10005bc8:	4399      	bics	r1, r3
10005bca:	0030      	movs	r0, r6
10005bcc:	2300      	movs	r3, #0
10005bce:	f7ff feff 	bl	100059d0 <usbd_edpt_xfer>
10005bd2:	e7b7      	b.n	10005b44 <usbd_control_xfer_cb+0x18>
10005bd4:	2000      	movs	r0, #0
10005bd6:	e7b5      	b.n	10005b44 <usbd_control_xfer_cb+0x18>
10005bd8:	2100      	movs	r1, #0
10005bda:	0030      	movs	r0, r6
10005bdc:	f7ff f958 	bl	10004e90 <dcd_edpt_stall>
10005be0:	0030      	movs	r0, r6
10005be2:	2180      	movs	r1, #128	@ 0x80
10005be4:	f7ff f954 	bl	10004e90 <dcd_edpt_stall>
10005be8:	2001      	movs	r0, #1
10005bea:	e7ab      	b.n	10005b44 <usbd_control_xfer_cb+0x18>
10005bec:	2540      	movs	r5, #64	@ 0x40
10005bee:	e7d2      	b.n	10005b96 <usbd_control_xfer_cb+0x6a>
10005bf0:	429a      	cmp	r2, r3
10005bf2:	d007      	beq.n	10005c04 <usbd_control_xfer_cb+0xd8>
10005bf4:	4c07      	ldr	r4, [pc, #28]	@ (10005c14 <usbd_control_xfer_cb+0xe8>)
10005bf6:	002a      	movs	r2, r5
10005bf8:	0020      	movs	r0, r4
10005bfa:	f7fc fdcb 	bl	10002794 <__wrap___aeabi_memcpy>
10005bfe:	2180      	movs	r1, #128	@ 0x80
10005c00:	0022      	movs	r2, r4
10005c02:	e7d0      	b.n	10005ba6 <usbd_control_xfer_cb+0x7a>
10005c04:	2180      	movs	r1, #128	@ 0x80
10005c06:	2200      	movs	r2, #0
10005c08:	e7cd      	b.n	10005ba6 <usbd_control_xfer_cb+0x7a>
10005c0a:	2200      	movs	r2, #0
10005c0c:	e7cb      	b.n	10005ba6 <usbd_control_xfer_cb+0x7a>
10005c0e:	46c0      	nop			@ (mov r8, r8)
10005c10:	20001760 	.word	0x20001760
10005c14:	20001720 	.word	0x20001720

10005c18 <_prep_out_transaction.isra.0>:
10005c18:	b570      	push	{r4, r5, r6, lr}
10005c1a:	0004      	movs	r4, r0
10005c1c:	f7ff f9be 	bl	10004f9c <tud_mounted>
10005c20:	2800      	cmp	r0, #0
10005c22:	d100      	bne.n	10005c26 <_prep_out_transaction.isra.0+0xe>
10005c24:	bd70      	pop	{r4, r5, r6, pc}
10005c26:	f7ff f9c1 	bl	10004fac <tud_suspended>
10005c2a:	2800      	cmp	r0, #0
10005c2c:	d1fa      	bne.n	10005c24 <_prep_out_transaction.isra.0+0xc>
10005c2e:	23c8      	movs	r3, #200	@ 0xc8
10005c30:	4363      	muls	r3, r4
10005c32:	4d12      	ldr	r5, [pc, #72]	@ (10005c7c <_prep_out_transaction.isra.0+0x64>)
10005c34:	18ee      	adds	r6, r5, r3
10005c36:	78f1      	ldrb	r1, [r6, #3]
10005c38:	2900      	cmp	r1, #0
10005c3a:	d0f3      	beq.n	10005c24 <_prep_out_transaction.isra.0+0xc>
10005c3c:	3310      	adds	r3, #16
10005c3e:	195d      	adds	r5, r3, r5
10005c40:	0028      	movs	r0, r5
10005c42:	f000 fdf3 	bl	1000682c <tu_fifo_remaining>
10005c46:	283f      	cmp	r0, #63	@ 0x3f
10005c48:	d9ec      	bls.n	10005c24 <_prep_out_transaction.isra.0+0xc>
10005c4a:	2000      	movs	r0, #0
10005c4c:	78f1      	ldrb	r1, [r6, #3]
10005c4e:	f7ff fe97 	bl	10005980 <usbd_edpt_claim>
10005c52:	2800      	cmp	r0, #0
10005c54:	d0e6      	beq.n	10005c24 <_prep_out_transaction.isra.0+0xc>
10005c56:	0028      	movs	r0, r5
10005c58:	f000 fde8 	bl	1000682c <tu_fifo_remaining>
10005c5c:	78f1      	ldrb	r1, [r6, #3]
10005c5e:	283f      	cmp	r0, #63	@ 0x3f
10005c60:	d907      	bls.n	10005c72 <_prep_out_transaction.isra.0+0x5a>
10005c62:	4b07      	ldr	r3, [pc, #28]	@ (10005c80 <_prep_out_transaction.isra.0+0x68>)
10005c64:	01e2      	lsls	r2, r4, #7
10005c66:	18d2      	adds	r2, r2, r3
10005c68:	2000      	movs	r0, #0
10005c6a:	2340      	movs	r3, #64	@ 0x40
10005c6c:	f7ff feb0 	bl	100059d0 <usbd_edpt_xfer>
10005c70:	e7d8      	b.n	10005c24 <_prep_out_transaction.isra.0+0xc>
10005c72:	2000      	movs	r0, #0
10005c74:	f7ff fe98 	bl	100059a8 <usbd_edpt_release>
10005c78:	e7d4      	b.n	10005c24 <_prep_out_transaction.isra.0+0xc>
10005c7a:	46c0      	nop			@ (mov r8, r8)
10005c7c:	20001658 	.word	0x20001658
10005c80:	200015d4 	.word	0x200015d4

10005c84 <tud_cdc_n_connected>:
10005c84:	b510      	push	{r4, lr}
10005c86:	0004      	movs	r4, r0
10005c88:	f7ff f988 	bl	10004f9c <tud_mounted>
10005c8c:	2800      	cmp	r0, #0
10005c8e:	d101      	bne.n	10005c94 <tud_cdc_n_connected+0x10>
10005c90:	2000      	movs	r0, #0
10005c92:	bd10      	pop	{r4, pc}
10005c94:	f7ff f98a 	bl	10004fac <tud_suspended>
10005c98:	2800      	cmp	r0, #0
10005c9a:	d1f9      	bne.n	10005c90 <tud_cdc_n_connected+0xc>
10005c9c:	22c8      	movs	r2, #200	@ 0xc8
10005c9e:	4362      	muls	r2, r4
10005ca0:	4b02      	ldr	r3, [pc, #8]	@ (10005cac <tud_cdc_n_connected+0x28>)
10005ca2:	3001      	adds	r0, #1
10005ca4:	189b      	adds	r3, r3, r2
10005ca6:	791b      	ldrb	r3, [r3, #4]
10005ca8:	4018      	ands	r0, r3
10005caa:	e7f2      	b.n	10005c92 <tud_cdc_n_connected+0xe>
10005cac:	20001658 	.word	0x20001658

10005cb0 <tud_cdc_n_available>:
10005cb0:	23c8      	movs	r3, #200	@ 0xc8
10005cb2:	b510      	push	{r4, lr}
10005cb4:	4343      	muls	r3, r0
10005cb6:	4802      	ldr	r0, [pc, #8]	@ (10005cc0 <tud_cdc_n_available+0x10>)
10005cb8:	1818      	adds	r0, r3, r0
10005cba:	f000 fd99 	bl	100067f0 <tu_fifo_count>
10005cbe:	bd10      	pop	{r4, pc}
10005cc0:	20001668 	.word	0x20001668

10005cc4 <tud_cdc_n_read>:
10005cc4:	b5f8      	push	{r3, r4, r5, r6, r7, lr}
10005cc6:	24c8      	movs	r4, #200	@ 0xc8
10005cc8:	2380      	movs	r3, #128	@ 0x80
10005cca:	4344      	muls	r4, r0
10005ccc:	4f1c      	ldr	r7, [pc, #112]	@ (10005d40 <tud_cdc_n_read+0x7c>)
10005cce:	3410      	adds	r4, #16
10005cd0:	0005      	movs	r5, r0
10005cd2:	193c      	adds	r4, r7, r4
10005cd4:	025b      	lsls	r3, r3, #9
10005cd6:	429a      	cmp	r2, r3
10005cd8:	d300      	bcc.n	10005cdc <tud_cdc_n_read+0x18>
10005cda:	4a1a      	ldr	r2, [pc, #104]	@ (10005d44 <tud_cdc_n_read+0x80>)
10005cdc:	0020      	movs	r0, r4
10005cde:	b292      	uxth	r2, r2
10005ce0:	f000 fe08 	bl	100068f4 <tu_fifo_read_n>
10005ce4:	0006      	movs	r6, r0
10005ce6:	f7ff f959 	bl	10004f9c <tud_mounted>
10005cea:	2800      	cmp	r0, #0
10005cec:	d101      	bne.n	10005cf2 <tud_cdc_n_read+0x2e>
10005cee:	0030      	movs	r0, r6
10005cf0:	bdf8      	pop	{r3, r4, r5, r6, r7, pc}
10005cf2:	f7ff f95b 	bl	10004fac <tud_suspended>
10005cf6:	2800      	cmp	r0, #0
10005cf8:	d1f9      	bne.n	10005cee <tud_cdc_n_read+0x2a>
10005cfa:	23c8      	movs	r3, #200	@ 0xc8
10005cfc:	436b      	muls	r3, r5
10005cfe:	18ff      	adds	r7, r7, r3
10005d00:	78fb      	ldrb	r3, [r7, #3]
10005d02:	2b00      	cmp	r3, #0
10005d04:	d0f3      	beq.n	10005cee <tud_cdc_n_read+0x2a>
10005d06:	0020      	movs	r0, r4
10005d08:	f000 fd90 	bl	1000682c <tu_fifo_remaining>
10005d0c:	283f      	cmp	r0, #63	@ 0x3f
10005d0e:	d9ee      	bls.n	10005cee <tud_cdc_n_read+0x2a>
10005d10:	2000      	movs	r0, #0
10005d12:	78f9      	ldrb	r1, [r7, #3]
10005d14:	f7ff fe34 	bl	10005980 <usbd_edpt_claim>
10005d18:	2800      	cmp	r0, #0
10005d1a:	d0e8      	beq.n	10005cee <tud_cdc_n_read+0x2a>
10005d1c:	0020      	movs	r0, r4
10005d1e:	f000 fd85 	bl	1000682c <tu_fifo_remaining>
10005d22:	78f9      	ldrb	r1, [r7, #3]
10005d24:	283f      	cmp	r0, #63	@ 0x3f
10005d26:	d907      	bls.n	10005d38 <tud_cdc_n_read+0x74>
10005d28:	4b07      	ldr	r3, [pc, #28]	@ (10005d48 <tud_cdc_n_read+0x84>)
10005d2a:	01ea      	lsls	r2, r5, #7
10005d2c:	18d2      	adds	r2, r2, r3
10005d2e:	2000      	movs	r0, #0
10005d30:	2340      	movs	r3, #64	@ 0x40
10005d32:	f7ff fe4d 	bl	100059d0 <usbd_edpt_xfer>
10005d36:	e7da      	b.n	10005cee <tud_cdc_n_read+0x2a>
10005d38:	2000      	movs	r0, #0
10005d3a:	f7ff fe35 	bl	100059a8 <usbd_edpt_release>
10005d3e:	e7d6      	b.n	10005cee <tud_cdc_n_read+0x2a>
10005d40:	20001658 	.word	0x20001658
10005d44:	0000ffff 	.word	0x0000ffff
10005d48:	200015d4 	.word	0x200015d4

10005d4c <tud_cdc_n_write_flush>:
10005d4c:	b5f8      	push	{r3, r4, r5, r6, r7, lr}
10005d4e:	0004      	movs	r4, r0
10005d50:	f7ff f924 	bl	10004f9c <tud_mounted>
10005d54:	2800      	cmp	r0, #0
10005d56:	d101      	bne.n	10005d5c <tud_cdc_n_write_flush+0x10>
10005d58:	2000      	movs	r0, #0
10005d5a:	bdf8      	pop	{r3, r4, r5, r6, r7, pc}
10005d5c:	f7ff f926 	bl	10004fac <tud_suspended>
10005d60:	2800      	cmp	r0, #0
10005d62:	d1f9      	bne.n	10005d58 <tud_cdc_n_write_flush+0xc>
10005d64:	25c8      	movs	r5, #200	@ 0xc8
10005d66:	4365      	muls	r5, r4
10005d68:	002e      	movs	r6, r5
10005d6a:	4f13      	ldr	r7, [pc, #76]	@ (10005db8 <tud_cdc_n_write_flush+0x6c>)
10005d6c:	3624      	adds	r6, #36	@ 0x24
10005d6e:	19f6      	adds	r6, r6, r7
10005d70:	0030      	movs	r0, r6
10005d72:	f000 fd3d 	bl	100067f0 <tu_fifo_count>
10005d76:	2800      	cmp	r0, #0
10005d78:	d0ee      	beq.n	10005d58 <tud_cdc_n_write_flush+0xc>
10005d7a:	197f      	adds	r7, r7, r5
10005d7c:	2000      	movs	r0, #0
10005d7e:	78b9      	ldrb	r1, [r7, #2]
10005d80:	f7ff fdfe 	bl	10005980 <usbd_edpt_claim>
10005d84:	2800      	cmp	r0, #0
10005d86:	d0e7      	beq.n	10005d58 <tud_cdc_n_write_flush+0xc>
10005d88:	4d0c      	ldr	r5, [pc, #48]	@ (10005dbc <tud_cdc_n_write_flush+0x70>)
10005d8a:	01e4      	lsls	r4, r4, #7
10005d8c:	1965      	adds	r5, r4, r5
10005d8e:	0029      	movs	r1, r5
10005d90:	2240      	movs	r2, #64	@ 0x40
10005d92:	0030      	movs	r0, r6
10005d94:	f000 fdae 	bl	100068f4 <tu_fifo_read_n>
10005d98:	78b9      	ldrb	r1, [r7, #2]
10005d9a:	1e04      	subs	r4, r0, #0
10005d9c:	d008      	beq.n	10005db0 <tud_cdc_n_write_flush+0x64>
10005d9e:	0003      	movs	r3, r0
10005da0:	002a      	movs	r2, r5
10005da2:	2000      	movs	r0, #0
10005da4:	f7ff fe14 	bl	100059d0 <usbd_edpt_xfer>
10005da8:	2800      	cmp	r0, #0
10005daa:	d0d5      	beq.n	10005d58 <tud_cdc_n_write_flush+0xc>
10005dac:	0020      	movs	r0, r4
10005dae:	e7d4      	b.n	10005d5a <tud_cdc_n_write_flush+0xe>
10005db0:	2000      	movs	r0, #0
10005db2:	f7ff fdf9 	bl	100059a8 <usbd_edpt_release>
10005db6:	e7cf      	b.n	10005d58 <tud_cdc_n_write_flush+0xc>
10005db8:	20001658 	.word	0x20001658
10005dbc:	20001614 	.word	0x20001614

10005dc0 <tud_cdc_n_write>:
10005dc0:	b570      	push	{r4, r5, r6, lr}
10005dc2:	24c8      	movs	r4, #200	@ 0xc8
10005dc4:	4344      	muls	r4, r0
10005dc6:	4b0c      	ldr	r3, [pc, #48]	@ (10005df8 <tud_cdc_n_write+0x38>)
10005dc8:	0005      	movs	r5, r0
10005dca:	18e4      	adds	r4, r4, r3
10005dcc:	2380      	movs	r3, #128	@ 0x80
10005dce:	025b      	lsls	r3, r3, #9
10005dd0:	429a      	cmp	r2, r3
10005dd2:	d300      	bcc.n	10005dd6 <tud_cdc_n_write+0x16>
10005dd4:	4a09      	ldr	r2, [pc, #36]	@ (10005dfc <tud_cdc_n_write+0x3c>)
10005dd6:	0020      	movs	r0, r4
10005dd8:	b292      	uxth	r2, r2
10005dda:	f000 fe51 	bl	10006a80 <tu_fifo_write_n>
10005dde:	0006      	movs	r6, r0
10005de0:	0020      	movs	r0, r4
10005de2:	f000 fd05 	bl	100067f0 <tu_fifo_count>
10005de6:	283f      	cmp	r0, #63	@ 0x3f
10005de8:	d801      	bhi.n	10005dee <tud_cdc_n_write+0x2e>
10005dea:	0030      	movs	r0, r6
10005dec:	bd70      	pop	{r4, r5, r6, pc}
10005dee:	0028      	movs	r0, r5
10005df0:	f7ff ffac 	bl	10005d4c <tud_cdc_n_write_flush>
10005df4:	e7f9      	b.n	10005dea <tud_cdc_n_write+0x2a>
10005df6:	46c0      	nop			@ (mov r8, r8)
10005df8:	2000167c 	.word	0x2000167c
10005dfc:	0000ffff 	.word	0x0000ffff

10005e00 <tud_cdc_n_write_available>:
10005e00:	23c8      	movs	r3, #200	@ 0xc8
10005e02:	b510      	push	{r4, lr}
10005e04:	4343      	muls	r3, r0
10005e06:	4802      	ldr	r0, [pc, #8]	@ (10005e10 <tud_cdc_n_write_available+0x10>)
10005e08:	1818      	adds	r0, r3, r0
10005e0a:	f000 fd0f 	bl	1000682c <tu_fifo_remaining>
10005e0e:	bd10      	pop	{r4, pc}
10005e10:	2000167c 	.word	0x2000167c

10005e14 <cdcd_init>:
10005e14:	b5f0      	push	{r4, r5, r6, r7, lr}
10005e16:	2500      	movs	r5, #0
10005e18:	4c18      	ldr	r4, [pc, #96]	@ (10005e7c <cdcd_init+0x68>)
10005e1a:	b083      	sub	sp, #12
10005e1c:	22c8      	movs	r2, #200	@ 0xc8
10005e1e:	2100      	movs	r1, #0
10005e20:	0020      	movs	r0, r4
10005e22:	f7fc fcb1 	bl	10002788 <__wrap_memset>
10005e26:	4b16      	ldr	r3, [pc, #88]	@ (10005e80 <cdcd_init+0x6c>)
10005e28:	0021      	movs	r1, r4
10005e2a:	701d      	strb	r5, [r3, #0]
10005e2c:	23ff      	movs	r3, #255	@ 0xff
10005e2e:	7163      	strb	r3, [r4, #5]
10005e30:	23e1      	movs	r3, #225	@ 0xe1
10005e32:	025b      	lsls	r3, r3, #9
10005e34:	60a3      	str	r3, [r4, #8]
10005e36:	0020      	movs	r0, r4
10005e38:	2308      	movs	r3, #8
10005e3a:	2240      	movs	r2, #64	@ 0x40
10005e3c:	73a3      	strb	r3, [r4, #14]
10005e3e:	3138      	adds	r1, #56	@ 0x38
10005e40:	9500      	str	r5, [sp, #0]
10005e42:	3b07      	subs	r3, #7
10005e44:	3010      	adds	r0, #16
10005e46:	f000 fc9d 	bl	10006784 <tu_fifo_config>
10005e4a:	0027      	movs	r7, r4
10005e4c:	2301      	movs	r3, #1
10005e4e:	0021      	movs	r1, r4
10005e50:	0020      	movs	r0, r4
10005e52:	0026      	movs	r6, r4
10005e54:	2240      	movs	r2, #64	@ 0x40
10005e56:	3178      	adds	r1, #120	@ 0x78
10005e58:	9300      	str	r3, [sp, #0]
10005e5a:	37b8      	adds	r7, #184	@ 0xb8
10005e5c:	3024      	adds	r0, #36	@ 0x24
10005e5e:	f000 fc91 	bl	10006784 <tu_fifo_config>
10005e62:	36c0      	adds	r6, #192	@ 0xc0
10005e64:	0038      	movs	r0, r7
10005e66:	f7fa fe4f 	bl	10000b08 <mutex_init>
10005e6a:	0030      	movs	r0, r6
10005e6c:	f7fa fe4c 	bl	10000b08 <mutex_init>
10005e70:	61e5      	str	r5, [r4, #28]
10005e72:	6227      	str	r7, [r4, #32]
10005e74:	6326      	str	r6, [r4, #48]	@ 0x30
10005e76:	6365      	str	r5, [r4, #52]	@ 0x34
10005e78:	b003      	add	sp, #12
10005e7a:	bdf0      	pop	{r4, r5, r6, r7, pc}
10005e7c:	20001658 	.word	0x20001658
10005e80:	20001654 	.word	0x20001654

10005e84 <cdcd_deinit>:
10005e84:	4a0a      	ldr	r2, [pc, #40]	@ (10005eb0 <cdcd_deinit+0x2c>)
10005e86:	6b11      	ldr	r1, [r2, #48]	@ 0x30
10005e88:	6a13      	ldr	r3, [r2, #32]
10005e8a:	2900      	cmp	r1, #0
10005e8c:	d00c      	beq.n	10005ea8 <cdcd_deinit+0x24>
10005e8e:	2b00      	cmp	r3, #0
10005e90:	d007      	beq.n	10005ea2 <cdcd_deinit+0x1e>
10005e92:	2300      	movs	r3, #0
10005e94:	61d3      	str	r3, [r2, #28]
10005e96:	6353      	str	r3, [r2, #52]	@ 0x34
10005e98:	6313      	str	r3, [r2, #48]	@ 0x30
10005e9a:	2300      	movs	r3, #0
10005e9c:	6213      	str	r3, [r2, #32]
10005e9e:	2001      	movs	r0, #1
10005ea0:	4770      	bx	lr
10005ea2:	6353      	str	r3, [r2, #52]	@ 0x34
10005ea4:	6313      	str	r3, [r2, #48]	@ 0x30
10005ea6:	e7fa      	b.n	10005e9e <cdcd_deinit+0x1a>
10005ea8:	2b00      	cmp	r3, #0
10005eaa:	d0f8      	beq.n	10005e9e <cdcd_deinit+0x1a>
10005eac:	61d1      	str	r1, [r2, #28]
10005eae:	e7f4      	b.n	10005e9a <cdcd_deinit+0x16>
10005eb0:	20001658 	.word	0x20001658

10005eb4 <cdcd_reset>:
10005eb4:	b570      	push	{r4, r5, r6, lr}
10005eb6:	4c0f      	ldr	r4, [pc, #60]	@ (10005ef4 <cdcd_reset+0x40>)
10005eb8:	2205      	movs	r2, #5
10005eba:	2100      	movs	r1, #0
10005ebc:	0020      	movs	r0, r4
10005ebe:	f7fc fc63 	bl	10002788 <__wrap_memset>
10005ec2:	4d0d      	ldr	r5, [pc, #52]	@ (10005ef8 <cdcd_reset+0x44>)
10005ec4:	782b      	ldrb	r3, [r5, #0]
10005ec6:	07da      	lsls	r2, r3, #31
10005ec8:	d507      	bpl.n	10005eda <cdcd_reset+0x26>
10005eca:	4c0c      	ldr	r4, [pc, #48]	@ (10005efc <cdcd_reset+0x48>)
10005ecc:	079b      	lsls	r3, r3, #30
10005ece:	d50c      	bpl.n	10005eea <cdcd_reset+0x36>
10005ed0:	2101      	movs	r1, #1
10005ed2:	0020      	movs	r0, r4
10005ed4:	f000 feb0 	bl	10006c38 <tu_fifo_set_overwritable>
10005ed8:	bd70      	pop	{r4, r5, r6, pc}
10005eda:	0020      	movs	r0, r4
10005edc:	3010      	adds	r0, #16
10005ede:	f000 fe8b 	bl	10006bf8 <tu_fifo_clear>
10005ee2:	782b      	ldrb	r3, [r5, #0]
10005ee4:	4c05      	ldr	r4, [pc, #20]	@ (10005efc <cdcd_reset+0x48>)
10005ee6:	079b      	lsls	r3, r3, #30
10005ee8:	d4f2      	bmi.n	10005ed0 <cdcd_reset+0x1c>
10005eea:	0020      	movs	r0, r4
10005eec:	f000 fe84 	bl	10006bf8 <tu_fifo_clear>
10005ef0:	e7ee      	b.n	10005ed0 <cdcd_reset+0x1c>
10005ef2:	46c0      	nop			@ (mov r8, r8)
10005ef4:	20001658 	.word	0x20001658
10005ef8:	20001654 	.word	0x20001654
10005efc:	2000167c 	.word	0x2000167c

10005f00 <cdcd_open>:
10005f00:	b5f0      	push	{r4, r5, r6, r7, lr}
10005f02:	794b      	ldrb	r3, [r1, #5]
10005f04:	0006      	movs	r6, r0
10005f06:	b083      	sub	sp, #12
10005f08:	2b02      	cmp	r3, #2
10005f0a:	d102      	bne.n	10005f12 <cdcd_open+0x12>
10005f0c:	798b      	ldrb	r3, [r1, #6]
10005f0e:	2b02      	cmp	r3, #2
10005f10:	d003      	beq.n	10005f1a <cdcd_open+0x1a>
10005f12:	2500      	movs	r5, #0
10005f14:	0028      	movs	r0, r5
10005f16:	b003      	add	sp, #12
10005f18:	bdf0      	pop	{r4, r5, r6, r7, pc}
10005f1a:	4f20      	ldr	r7, [pc, #128]	@ (10005f9c <cdcd_open+0x9c>)
10005f1c:	78bb      	ldrb	r3, [r7, #2]
10005f1e:	2b00      	cmp	r3, #0
10005f20:	d1f7      	bne.n	10005f12 <cdcd_open+0x12>
10005f22:	788b      	ldrb	r3, [r1, #2]
10005f24:	2509      	movs	r5, #9
10005f26:	703b      	strb	r3, [r7, #0]
10005f28:	780c      	ldrb	r4, [r1, #0]
10005f2a:	190c      	adds	r4, r1, r4
10005f2c:	7863      	ldrb	r3, [r4, #1]
10005f2e:	2b24      	cmp	r3, #36	@ 0x24
10005f30:	d007      	beq.n	10005f42 <cdcd_open+0x42>
10005f32:	e00c      	b.n	10005f4e <cdcd_open+0x4e>
10005f34:	7823      	ldrb	r3, [r4, #0]
10005f36:	18e4      	adds	r4, r4, r3
10005f38:	195d      	adds	r5, r3, r5
10005f3a:	7863      	ldrb	r3, [r4, #1]
10005f3c:	b2ad      	uxth	r5, r5
10005f3e:	2b24      	cmp	r3, #36	@ 0x24
10005f40:	d105      	bne.n	10005f4e <cdcd_open+0x4e>
10005f42:	4295      	cmp	r5, r2
10005f44:	d9f6      	bls.n	10005f34 <cdcd_open+0x34>
10005f46:	2000      	movs	r0, #0
10005f48:	f7ff fe66 	bl	10005c18 <_prep_out_transaction.isra.0>
10005f4c:	e7e2      	b.n	10005f14 <cdcd_open+0x14>
10005f4e:	001a      	movs	r2, r3
10005f50:	2b05      	cmp	r3, #5
10005f52:	d015      	beq.n	10005f80 <cdcd_open+0x80>
10005f54:	2a04      	cmp	r2, #4
10005f56:	d1f6      	bne.n	10005f46 <cdcd_open+0x46>
10005f58:	7963      	ldrb	r3, [r4, #5]
10005f5a:	2b0a      	cmp	r3, #10
10005f5c:	d1f3      	bne.n	10005f46 <cdcd_open+0x46>
10005f5e:	4b10      	ldr	r3, [pc, #64]	@ (10005fa0 <cdcd_open+0xa0>)
10005f60:	7827      	ldrb	r7, [r4, #0]
10005f62:	9301      	str	r3, [sp, #4]
10005f64:	3301      	adds	r3, #1
10005f66:	9300      	str	r3, [sp, #0]
10005f68:	0030      	movs	r0, r6
10005f6a:	2302      	movs	r3, #2
10005f6c:	19e1      	adds	r1, r4, r7
10005f6e:	3a02      	subs	r2, #2
10005f70:	f7ff fc9e 	bl	100058b0 <usbd_open_edpt_pair>
10005f74:	2800      	cmp	r0, #0
10005f76:	d0cc      	beq.n	10005f12 <cdcd_open+0x12>
10005f78:	350e      	adds	r5, #14
10005f7a:	19ed      	adds	r5, r5, r7
10005f7c:	b2ad      	uxth	r5, r5
10005f7e:	e7e2      	b.n	10005f46 <cdcd_open+0x46>
10005f80:	0021      	movs	r1, r4
10005f82:	0030      	movs	r0, r6
10005f84:	f7ff fce2 	bl	1000594c <usbd_edpt_open>
10005f88:	2800      	cmp	r0, #0
10005f8a:	d0c2      	beq.n	10005f12 <cdcd_open+0x12>
10005f8c:	78a3      	ldrb	r3, [r4, #2]
10005f8e:	707b      	strb	r3, [r7, #1]
10005f90:	7823      	ldrb	r3, [r4, #0]
10005f92:	195d      	adds	r5, r3, r5
10005f94:	18e4      	adds	r4, r4, r3
10005f96:	7862      	ldrb	r2, [r4, #1]
10005f98:	b2ad      	uxth	r5, r5
10005f9a:	e7db      	b.n	10005f54 <cdcd_open+0x54>
10005f9c:	20001658 	.word	0x20001658
10005fa0:	2000165a 	.word	0x2000165a

10005fa4 <cdcd_control_xfer_cb>:
10005fa4:	b5f8      	push	{r3, r4, r5, r6, r7, lr}
10005fa6:	2360      	movs	r3, #96	@ 0x60
10005fa8:	0014      	movs	r4, r2
10005faa:	7812      	ldrb	r2, [r2, #0]
10005fac:	0005      	movs	r5, r0
10005fae:	4013      	ands	r3, r2
10005fb0:	2000      	movs	r0, #0
10005fb2:	2b20      	cmp	r3, #32
10005fb4:	d107      	bne.n	10005fc6 <cdcd_control_xfer_cb+0x22>
10005fb6:	4a30      	ldr	r2, [pc, #192]	@ (10006078 <cdcd_control_xfer_cb+0xd4>)
10005fb8:	7963      	ldrb	r3, [r4, #5]
10005fba:	7927      	ldrb	r7, [r4, #4]
10005fbc:	7816      	ldrb	r6, [r2, #0]
10005fbe:	021b      	lsls	r3, r3, #8
10005fc0:	433b      	orrs	r3, r7
10005fc2:	429e      	cmp	r6, r3
10005fc4:	d000      	beq.n	10005fc8 <cdcd_control_xfer_cb+0x24>
10005fc6:	bdf8      	pop	{r3, r4, r5, r6, r7, pc}
10005fc8:	7863      	ldrb	r3, [r4, #1]
10005fca:	2b22      	cmp	r3, #34	@ 0x22
10005fcc:	d01a      	beq.n	10006004 <cdcd_control_xfer_cb+0x60>
10005fce:	d807      	bhi.n	10005fe0 <cdcd_control_xfer_cb+0x3c>
10005fd0:	2b20      	cmp	r3, #32
10005fd2:	d034      	beq.n	1000603e <cdcd_control_xfer_cb+0x9a>
10005fd4:	2b21      	cmp	r3, #33	@ 0x21
10005fd6:	d1f6      	bne.n	10005fc6 <cdcd_control_xfer_cb+0x22>
10005fd8:	2901      	cmp	r1, #1
10005fda:	d03e      	beq.n	1000605a <cdcd_control_xfer_cb+0xb6>
10005fdc:	2001      	movs	r0, #1
10005fde:	e7f2      	b.n	10005fc6 <cdcd_control_xfer_cb+0x22>
10005fe0:	2b23      	cmp	r3, #35	@ 0x23
10005fe2:	d1f0      	bne.n	10005fc6 <cdcd_control_xfer_cb+0x22>
10005fe4:	2901      	cmp	r1, #1
10005fe6:	d040      	beq.n	1000606a <cdcd_control_xfer_cb+0xc6>
10005fe8:	2903      	cmp	r1, #3
10005fea:	d1f7      	bne.n	10005fdc <cdcd_control_xfer_cb+0x38>
10005fec:	4b23      	ldr	r3, [pc, #140]	@ (1000607c <cdcd_control_xfer_cb+0xd8>)
10005fee:	2b00      	cmp	r3, #0
10005ff0:	d0f4      	beq.n	10005fdc <cdcd_control_xfer_cb+0x38>
10005ff2:	78e1      	ldrb	r1, [r4, #3]
10005ff4:	78a3      	ldrb	r3, [r4, #2]
10005ff6:	0209      	lsls	r1, r1, #8
10005ff8:	2000      	movs	r0, #0
10005ffa:	4319      	orrs	r1, r3
10005ffc:	e000      	b.n	10006000 <cdcd_control_xfer_cb+0x5c>
10005ffe:	bf00      	nop
10006000:	2001      	movs	r0, #1
10006002:	e7e0      	b.n	10005fc6 <cdcd_control_xfer_cb+0x22>
10006004:	2901      	cmp	r1, #1
10006006:	d030      	beq.n	1000606a <cdcd_control_xfer_cb+0xc6>
10006008:	2903      	cmp	r1, #3
1000600a:	d1e7      	bne.n	10005fdc <cdcd_control_xfer_cb+0x38>
1000600c:	2501      	movs	r5, #1
1000600e:	002e      	movs	r6, r5
10006010:	78a3      	ldrb	r3, [r4, #2]
10006012:	78e4      	ldrb	r4, [r4, #3]
10006014:	3902      	subs	r1, #2
10006016:	0224      	lsls	r4, r4, #8
10006018:	431c      	orrs	r4, r3
1000601a:	7114      	strb	r4, [r2, #4]
1000601c:	4026      	ands	r6, r4
1000601e:	3224      	adds	r2, #36	@ 0x24
10006020:	0010      	movs	r0, r2
10006022:	4071      	eors	r1, r6
10006024:	f000 fe08 	bl	10006c38 <tu_fifo_set_overwritable>
10006028:	4b15      	ldr	r3, [pc, #84]	@ (10006080 <cdcd_control_xfer_cb+0xdc>)
1000602a:	2b00      	cmp	r3, #0
1000602c:	d0d6      	beq.n	10005fdc <cdcd_control_xfer_cb+0x38>
1000602e:	0862      	lsrs	r2, r4, #1
10006030:	2000      	movs	r0, #0
10006032:	0031      	movs	r1, r6
10006034:	402a      	ands	r2, r5
10006036:	e000      	b.n	1000603a <cdcd_control_xfer_cb+0x96>
10006038:	bf00      	nop
1000603a:	2001      	movs	r0, #1
1000603c:	e7c3      	b.n	10005fc6 <cdcd_control_xfer_cb+0x22>
1000603e:	2901      	cmp	r1, #1
10006040:	d00b      	beq.n	1000605a <cdcd_control_xfer_cb+0xb6>
10006042:	2903      	cmp	r1, #3
10006044:	d1ca      	bne.n	10005fdc <cdcd_control_xfer_cb+0x38>
10006046:	4b0f      	ldr	r3, [pc, #60]	@ (10006084 <cdcd_control_xfer_cb+0xe0>)
10006048:	2b00      	cmp	r3, #0
1000604a:	d0c7      	beq.n	10005fdc <cdcd_control_xfer_cb+0x38>
1000604c:	3208      	adds	r2, #8
1000604e:	2000      	movs	r0, #0
10006050:	0011      	movs	r1, r2
10006052:	f7fe faad 	bl	100045b0 <tud_cdc_line_coding_cb>
10006056:	2001      	movs	r0, #1
10006058:	e7b5      	b.n	10005fc6 <cdcd_control_xfer_cb+0x22>
1000605a:	2307      	movs	r3, #7
1000605c:	0021      	movs	r1, r4
1000605e:	0028      	movs	r0, r5
10006060:	4a09      	ldr	r2, [pc, #36]	@ (10006088 <cdcd_control_xfer_cb+0xe4>)
10006062:	f7ff fcf1 	bl	10005a48 <tud_control_xfer>
10006066:	2001      	movs	r0, #1
10006068:	e7ad      	b.n	10005fc6 <cdcd_control_xfer_cb+0x22>
1000606a:	0021      	movs	r1, r4
1000606c:	0028      	movs	r0, r5
1000606e:	f7ff fcd5 	bl	10005a1c <tud_control_status>
10006072:	2001      	movs	r0, #1
10006074:	e7a7      	b.n	10005fc6 <cdcd_control_xfer_cb+0x22>
10006076:	46c0      	nop			@ (mov r8, r8)
10006078:	20001658 	.word	0x20001658
	...
10006084:	100045b1 	.word	0x100045b1
10006088:	20001660 	.word	0x20001660

1000608c <cdcd_xfer_cb>:
1000608c:	b5f0      	push	{r4, r5, r6, r7, lr}
1000608e:	464f      	mov	r7, r9
10006090:	4646      	mov	r6, r8
10006092:	46d6      	mov	lr, sl
10006094:	b5c0      	push	{r6, r7, lr}
10006096:	4d36      	ldr	r5, [pc, #216]	@ (10006170 <cdcd_xfer_cb+0xe4>)
10006098:	4680      	mov	r8, r0
1000609a:	78ea      	ldrb	r2, [r5, #3]
1000609c:	000c      	movs	r4, r1
1000609e:	001f      	movs	r7, r3
100060a0:	428a      	cmp	r2, r1
100060a2:	d03c      	beq.n	1000611e <cdcd_xfer_cb+0x92>
100060a4:	78ab      	ldrb	r3, [r5, #2]
100060a6:	428b      	cmp	r3, r1
100060a8:	d010      	beq.n	100060cc <cdcd_xfer_cb+0x40>
100060aa:	2000      	movs	r0, #0
100060ac:	bce0      	pop	{r5, r6, r7}
100060ae:	46ba      	mov	sl, r7
100060b0:	46b1      	mov	r9, r6
100060b2:	46a8      	mov	r8, r5
100060b4:	bdf0      	pop	{r4, r5, r6, r7, pc}
100060b6:	4b2f      	ldr	r3, [pc, #188]	@ (10006174 <cdcd_xfer_cb+0xe8>)
100060b8:	2b00      	cmp	r3, #0
100060ba:	d004      	beq.n	100060c6 <cdcd_xfer_cb+0x3a>
100060bc:	482e      	ldr	r0, [pc, #184]	@ (10006178 <cdcd_xfer_cb+0xec>)
100060be:	f000 fbad 	bl	1000681c <tu_fifo_empty>
100060c2:	2800      	cmp	r0, #0
100060c4:	d051      	beq.n	1000616a <cdcd_xfer_cb+0xde>
100060c6:	2000      	movs	r0, #0
100060c8:	f7ff fda6 	bl	10005c18 <_prep_out_transaction.isra.0>
100060cc:	78ab      	ldrb	r3, [r5, #2]
100060ce:	42a3      	cmp	r3, r4
100060d0:	d001      	beq.n	100060d6 <cdcd_xfer_cb+0x4a>
100060d2:	2001      	movs	r0, #1
100060d4:	e7ea      	b.n	100060ac <cdcd_xfer_cb+0x20>
100060d6:	4b29      	ldr	r3, [pc, #164]	@ (1000617c <cdcd_xfer_cb+0xf0>)
100060d8:	2b00      	cmp	r3, #0
100060da:	d002      	beq.n	100060e2 <cdcd_xfer_cb+0x56>
100060dc:	2000      	movs	r0, #0
100060de:	e000      	b.n	100060e2 <cdcd_xfer_cb+0x56>
100060e0:	bf00      	nop
100060e2:	2000      	movs	r0, #0
100060e4:	f7ff fe32 	bl	10005d4c <tud_cdc_n_write_flush>
100060e8:	2800      	cmp	r0, #0
100060ea:	d1f2      	bne.n	100060d2 <cdcd_xfer_cb+0x46>
100060ec:	4c24      	ldr	r4, [pc, #144]	@ (10006180 <cdcd_xfer_cb+0xf4>)
100060ee:	0020      	movs	r0, r4
100060f0:	f000 fb7e 	bl	100067f0 <tu_fifo_count>
100060f4:	2800      	cmp	r0, #0
100060f6:	d1ec      	bne.n	100060d2 <cdcd_xfer_cb+0x46>
100060f8:	2f00      	cmp	r7, #0
100060fa:	d0ea      	beq.n	100060d2 <cdcd_xfer_cb+0x46>
100060fc:	06bf      	lsls	r7, r7, #26
100060fe:	d1e8      	bne.n	100060d2 <cdcd_xfer_cb+0x46>
10006100:	3c24      	subs	r4, #36	@ 0x24
10006102:	4640      	mov	r0, r8
10006104:	78a1      	ldrb	r1, [r4, #2]
10006106:	f7ff fc3b 	bl	10005980 <usbd_edpt_claim>
1000610a:	2800      	cmp	r0, #0
1000610c:	d0e1      	beq.n	100060d2 <cdcd_xfer_cb+0x46>
1000610e:	2300      	movs	r3, #0
10006110:	2200      	movs	r2, #0
10006112:	4640      	mov	r0, r8
10006114:	78a1      	ldrb	r1, [r4, #2]
10006116:	f7ff fc5b 	bl	100059d0 <usbd_edpt_xfer>
1000611a:	2001      	movs	r0, #1
1000611c:	e7c6      	b.n	100060ac <cdcd_xfer_cb+0x20>
1000611e:	b29a      	uxth	r2, r3
10006120:	2310      	movs	r3, #16
10006122:	469a      	mov	sl, r3
10006124:	4e17      	ldr	r6, [pc, #92]	@ (10006184 <cdcd_xfer_cb+0xf8>)
10006126:	44aa      	add	sl, r5
10006128:	0031      	movs	r1, r6
1000612a:	4650      	mov	r0, sl
1000612c:	f000 fca8 	bl	10006a80 <tu_fifo_write_n>
10006130:	4b15      	ldr	r3, [pc, #84]	@ (10006188 <cdcd_xfer_cb+0xfc>)
10006132:	2b00      	cmp	r3, #0
10006134:	d0bf      	beq.n	100060b6 <cdcd_xfer_cb+0x2a>
10006136:	796b      	ldrb	r3, [r5, #5]
10006138:	2bff      	cmp	r3, #255	@ 0xff
1000613a:	d0bc      	beq.n	100060b6 <cdcd_xfer_cb+0x2a>
1000613c:	2f00      	cmp	r7, #0
1000613e:	d0ba      	beq.n	100060b6 <cdcd_xfer_cb+0x2a>
10006140:	19f2      	adds	r2, r6, r7
10006142:	4691      	mov	r9, r2
10006144:	e003      	b.n	1000614e <cdcd_xfer_cb+0xc2>
10006146:	3601      	adds	r6, #1
10006148:	454e      	cmp	r6, r9
1000614a:	d0b4      	beq.n	100060b6 <cdcd_xfer_cb+0x2a>
1000614c:	796b      	ldrb	r3, [r5, #5]
1000614e:	7832      	ldrb	r2, [r6, #0]
10006150:	429a      	cmp	r2, r3
10006152:	d1f8      	bne.n	10006146 <cdcd_xfer_cb+0xba>
10006154:	4650      	mov	r0, sl
10006156:	f000 fb61 	bl	1000681c <tu_fifo_empty>
1000615a:	2800      	cmp	r0, #0
1000615c:	d1f3      	bne.n	10006146 <cdcd_xfer_cb+0xba>
1000615e:	4653      	mov	r3, sl
10006160:	3b10      	subs	r3, #16
10006162:	7959      	ldrb	r1, [r3, #5]
10006164:	e000      	b.n	10006168 <cdcd_xfer_cb+0xdc>
10006166:	bf00      	nop
10006168:	e7ed      	b.n	10006146 <cdcd_xfer_cb+0xba>
1000616a:	e000      	b.n	1000616e <cdcd_xfer_cb+0xe2>
1000616c:	bf00      	nop
1000616e:	e7aa      	b.n	100060c6 <cdcd_xfer_cb+0x3a>
10006170:	20001658 	.word	0x20001658
10006174:	00000000 	.word	0x00000000
10006178:	20001668 	.word	0x20001668
1000617c:	00000000 	.word	0x00000000
10006180:	2000167c 	.word	0x2000167c
10006184:	200015d4 	.word	0x200015d4
10006188:	00000000 	.word	0x00000000

1000618c <vendord_init>:
1000618c:	2293      	movs	r2, #147	@ 0x93
1000618e:	b5f0      	push	{r4, r5, r6, r7, lr}
10006190:	4c13      	ldr	r4, [pc, #76]	@ (100061e0 <vendord_init+0x54>)
10006192:	b085      	sub	sp, #20
10006194:	2100      	movs	r1, #0
10006196:	0020      	movs	r0, r4
10006198:	0092      	lsls	r2, r2, #2
1000619a:	f7fc faf5 	bl	10002788 <__wrap_memset>
1000619e:	0023      	movs	r3, r4
100061a0:	0020      	movs	r0, r4
100061a2:	2680      	movs	r6, #128	@ 0x80
100061a4:	2740      	movs	r7, #64	@ 0x40
100061a6:	4d0f      	ldr	r5, [pc, #60]	@ (100061e4 <vendord_init+0x58>)
100061a8:	334d      	adds	r3, #77	@ 0x4d
100061aa:	0076      	lsls	r6, r6, #1
100061ac:	33ff      	adds	r3, #255	@ 0xff
100061ae:	3029      	adds	r0, #41	@ 0x29
100061b0:	9502      	str	r5, [sp, #8]
100061b2:	9300      	str	r3, [sp, #0]
100061b4:	2200      	movs	r2, #0
100061b6:	2300      	movs	r3, #0
100061b8:	2100      	movs	r1, #0
100061ba:	9703      	str	r7, [sp, #12]
100061bc:	9601      	str	r6, [sp, #4]
100061be:	30ff      	adds	r0, #255	@ 0xff
100061c0:	f000 f9d4 	bl	1000656c <tu_edpt_stream_init>
100061c4:	3540      	adds	r5, #64	@ 0x40
100061c6:	1d20      	adds	r0, r4, #4
100061c8:	3428      	adds	r4, #40	@ 0x28
100061ca:	2300      	movs	r3, #0
100061cc:	2201      	movs	r2, #1
100061ce:	2100      	movs	r1, #0
100061d0:	9703      	str	r7, [sp, #12]
100061d2:	9502      	str	r5, [sp, #8]
100061d4:	9601      	str	r6, [sp, #4]
100061d6:	9400      	str	r4, [sp, #0]
100061d8:	f000 f9c8 	bl	1000656c <tu_edpt_stream_init>
100061dc:	b005      	add	sp, #20
100061de:	bdf0      	pop	{r4, r5, r6, r7, pc}
100061e0:	2000191c 	.word	0x2000191c
100061e4:	2000189c 	.word	0x2000189c

100061e8 <vendord_deinit>:
100061e8:	b510      	push	{r4, lr}
100061ea:	4c05      	ldr	r4, [pc, #20]	@ (10006200 <vendord_deinit+0x18>)
100061ec:	0020      	movs	r0, r4
100061ee:	f000 f9f3 	bl	100065d8 <tu_edpt_stream_deinit>
100061f2:	0020      	movs	r0, r4
100061f4:	3825      	subs	r0, #37	@ 0x25
100061f6:	38ff      	subs	r0, #255	@ 0xff
100061f8:	f000 f9ee 	bl	100065d8 <tu_edpt_stream_deinit>
100061fc:	2001      	movs	r0, #1
100061fe:	bd10      	pop	{r4, pc}
10006200:	20001a44 	.word	0x20001a44

10006204 <vendord_reset>:
10006204:	b570      	push	{r4, r5, r6, lr}
10006206:	4c08      	ldr	r4, [pc, #32]	@ (10006228 <vendord_reset+0x24>)
10006208:	2500      	movs	r5, #0
1000620a:	0020      	movs	r0, r4
1000620c:	3031      	adds	r0, #49	@ 0x31
1000620e:	30ff      	adds	r0, #255	@ 0xff
10006210:	7025      	strb	r5, [r4, #0]
10006212:	f000 fcf1 	bl	10006bf8 <tu_fifo_clear>
10006216:	0020      	movs	r0, r4
10006218:	300c      	adds	r0, #12
1000621a:	f000 fced 	bl	10006bf8 <tu_fifo_clear>
1000621e:	232a      	movs	r3, #42	@ 0x2a
10006220:	33ff      	adds	r3, #255	@ 0xff
10006222:	54e5      	strb	r5, [r4, r3]
10006224:	7165      	strb	r5, [r4, #5]
10006226:	bd70      	pop	{r4, r5, r6, pc}
10006228:	2000191c 	.word	0x2000191c

1000622c <vendord_open>:
1000622c:	b5f8      	push	{r3, r4, r5, r6, r7, lr}
1000622e:	4657      	mov	r7, sl
10006230:	4645      	mov	r5, r8
10006232:	46de      	mov	lr, fp
10006234:	464e      	mov	r6, r9
10006236:	b5e0      	push	{r5, r6, r7, lr}
10006238:	794b      	ldrb	r3, [r1, #5]
1000623a:	4680      	mov	r8, r0
1000623c:	000f      	movs	r7, r1
1000623e:	2bff      	cmp	r3, #255	@ 0xff
10006240:	d15b      	bne.n	100062fa <vendord_open+0xce>
10006242:	4b40      	ldr	r3, [pc, #256]	@ (10006344 <vendord_open+0x118>)
10006244:	4699      	mov	r9, r3
10006246:	232a      	movs	r3, #42	@ 0x2a
10006248:	4649      	mov	r1, r9
1000624a:	33ff      	adds	r3, #255	@ 0xff
1000624c:	5ccb      	ldrb	r3, [r1, r3]
1000624e:	2b00      	cmp	r3, #0
10006250:	d153      	bne.n	100062fa <vendord_open+0xce>
10006252:	794e      	ldrb	r6, [r1, #5]
10006254:	2e00      	cmp	r6, #0
10006256:	d150      	bne.n	100062fa <vendord_open+0xce>
10006258:	78bb      	ldrb	r3, [r7, #2]
1000625a:	783c      	ldrb	r4, [r7, #0]
1000625c:	700b      	strb	r3, [r1, #0]
1000625e:	793b      	ldrb	r3, [r7, #4]
10006260:	193c      	adds	r4, r7, r4
10006262:	2b00      	cmp	r3, #0
10006264:	d046      	beq.n	100062f4 <vendord_open+0xc8>
10006266:	2398      	movs	r3, #152	@ 0x98
10006268:	005b      	lsls	r3, r3, #1
1000626a:	444b      	add	r3, r9
1000626c:	469a      	mov	sl, r3
1000626e:	230c      	movs	r3, #12
10006270:	444b      	add	r3, r9
10006272:	469b      	mov	fp, r3
10006274:	18a5      	adds	r5, r4, r2
10006276:	e003      	b.n	10006280 <vendord_open+0x54>
10006278:	42ac      	cmp	r4, r5
1000627a:	d23b      	bcs.n	100062f4 <vendord_open+0xc8>
1000627c:	7823      	ldrb	r3, [r4, #0]
1000627e:	18e4      	adds	r4, r4, r3
10006280:	7863      	ldrb	r3, [r4, #1]
10006282:	2b05      	cmp	r3, #5
10006284:	d1f8      	bne.n	10006278 <vendord_open+0x4c>
10006286:	42ac      	cmp	r4, r5
10006288:	d234      	bcs.n	100062f4 <vendord_open+0xc8>
1000628a:	0021      	movs	r1, r4
1000628c:	4640      	mov	r0, r8
1000628e:	f7ff fb5d 	bl	1000594c <usbd_edpt_open>
10006292:	2800      	cmp	r0, #0
10006294:	d031      	beq.n	100062fa <vendord_open+0xce>
10006296:	78a3      	ldrb	r3, [r4, #2]
10006298:	3601      	adds	r6, #1
1000629a:	b2f6      	uxtb	r6, r6
1000629c:	09db      	lsrs	r3, r3, #7
1000629e:	2b01      	cmp	r3, #1
100062a0:	d032      	beq.n	10006308 <vendord_open+0xdc>
100062a2:	4650      	mov	r0, sl
100062a4:	f000 fca8 	bl	10006bf8 <tu_fifo_clear>
100062a8:	232a      	movs	r3, #42	@ 0x2a
100062aa:	4649      	mov	r1, r9
100062ac:	78a2      	ldrb	r2, [r4, #2]
100062ae:	33ff      	adds	r3, #255	@ 0xff
100062b0:	54ca      	strb	r2, [r1, r3]
100062b2:	7963      	ldrb	r3, [r4, #5]
100062b4:	7922      	ldrb	r2, [r4, #4]
100062b6:	021b      	lsls	r3, r3, #8
100062b8:	4313      	orrs	r3, r2
100062ba:	4a23      	ldr	r2, [pc, #140]	@ (10006348 <vendord_open+0x11c>)
100062bc:	055b      	lsls	r3, r3, #21
100062be:	4694      	mov	ip, r2
100062c0:	0d5b      	lsrs	r3, r3, #21
100062c2:	2194      	movs	r1, #148	@ 0x94
100062c4:	4463      	add	r3, ip
100062c6:	425a      	negs	r2, r3
100062c8:	4153      	adcs	r3, r2
100062ca:	464a      	mov	r2, r9
100062cc:	2002      	movs	r0, #2
100062ce:	0049      	lsls	r1, r1, #1
100062d0:	5c52      	ldrb	r2, [r2, r1]
100062d2:	005b      	lsls	r3, r3, #1
100062d4:	4382      	bics	r2, r0
100062d6:	4313      	orrs	r3, r2
100062d8:	464a      	mov	r2, r9
100062da:	5453      	strb	r3, [r2, r1]
100062dc:	4651      	mov	r1, sl
100062de:	4640      	mov	r0, r8
100062e0:	3908      	subs	r1, #8
100062e2:	f000 f9e3 	bl	100066ac <tu_edpt_stream_read_xfer>
100062e6:	2800      	cmp	r0, #0
100062e8:	d007      	beq.n	100062fa <vendord_open+0xce>
100062ea:	7823      	ldrb	r3, [r4, #0]
100062ec:	18e4      	adds	r4, r4, r3
100062ee:	793b      	ldrb	r3, [r7, #4]
100062f0:	42b3      	cmp	r3, r6
100062f2:	d8c5      	bhi.n	10006280 <vendord_open+0x54>
100062f4:	1be0      	subs	r0, r4, r7
100062f6:	b280      	uxth	r0, r0
100062f8:	e000      	b.n	100062fc <vendord_open+0xd0>
100062fa:	2000      	movs	r0, #0
100062fc:	bcf0      	pop	{r4, r5, r6, r7}
100062fe:	46bb      	mov	fp, r7
10006300:	46b2      	mov	sl, r6
10006302:	46a9      	mov	r9, r5
10006304:	46a0      	mov	r8, r4
10006306:	bdf8      	pop	{r3, r4, r5, r6, r7, pc}
10006308:	4658      	mov	r0, fp
1000630a:	f000 fc75 	bl	10006bf8 <tu_fifo_clear>
1000630e:	465a      	mov	r2, fp
10006310:	78a3      	ldrb	r3, [r4, #2]
10006312:	3a0c      	subs	r2, #12
10006314:	7153      	strb	r3, [r2, #5]
10006316:	7963      	ldrb	r3, [r4, #5]
10006318:	7921      	ldrb	r1, [r4, #4]
1000631a:	021b      	lsls	r3, r3, #8
1000631c:	430b      	orrs	r3, r1
1000631e:	490a      	ldr	r1, [pc, #40]	@ (10006348 <vendord_open+0x11c>)
10006320:	055b      	lsls	r3, r3, #21
10006322:	468c      	mov	ip, r1
10006324:	0d5b      	lsrs	r3, r3, #21
10006326:	4463      	add	r3, ip
10006328:	4259      	negs	r1, r3
1000632a:	414b      	adcs	r3, r1
1000632c:	2002      	movs	r0, #2
1000632e:	7911      	ldrb	r1, [r2, #4]
10006330:	005b      	lsls	r3, r3, #1
10006332:	4381      	bics	r1, r0
10006334:	430b      	orrs	r3, r1
10006336:	4659      	mov	r1, fp
10006338:	2000      	movs	r0, #0
1000633a:	3908      	subs	r1, #8
1000633c:	7113      	strb	r3, [r2, #4]
1000633e:	f000 f981 	bl	10006644 <tu_edpt_stream_write_xfer>
10006342:	e7d2      	b.n	100062ea <vendord_open+0xbe>
10006344:	2000191c 	.word	0x2000191c
10006348:	fffffe00 	.word	0xfffffe00

1000634c <vendord_xfer_cb>:
1000634c:	b5f8      	push	{r3, r4, r5, r6, r7, lr}
1000634e:	252a      	movs	r5, #42	@ 0x2a
10006350:	0006      	movs	r6, r0
10006352:	481f      	ldr	r0, [pc, #124]	@ (100063d0 <vendord_xfer_cb+0x84>)
10006354:	35ff      	adds	r5, #255	@ 0xff
10006356:	5d45      	ldrb	r5, [r0, r5]
10006358:	001f      	movs	r7, r3
1000635a:	428d      	cmp	r5, r1
1000635c:	d015      	beq.n	1000638a <vendord_xfer_cb+0x3e>
1000635e:	7943      	ldrb	r3, [r0, #5]
10006360:	428b      	cmp	r3, r1
10006362:	d001      	beq.n	10006368 <vendord_xfer_cb+0x1c>
10006364:	2000      	movs	r0, #0
10006366:	bdf8      	pop	{r3, r4, r5, r6, r7, pc}
10006368:	4b1a      	ldr	r3, [pc, #104]	@ (100063d4 <vendord_xfer_cb+0x88>)
1000636a:	2b00      	cmp	r3, #0
1000636c:	d004      	beq.n	10006378 <vendord_xfer_cb+0x2c>
1000636e:	0439      	lsls	r1, r7, #16
10006370:	2000      	movs	r0, #0
10006372:	0c09      	lsrs	r1, r1, #16
10006374:	e000      	b.n	10006378 <vendord_xfer_cb+0x2c>
10006376:	bf00      	nop
10006378:	4c17      	ldr	r4, [pc, #92]	@ (100063d8 <vendord_xfer_cb+0x8c>)
1000637a:	0030      	movs	r0, r6
1000637c:	0021      	movs	r1, r4
1000637e:	f000 f961 	bl	10006644 <tu_edpt_stream_write_xfer>
10006382:	2800      	cmp	r0, #0
10006384:	d01d      	beq.n	100063c2 <vendord_xfer_cb+0x76>
10006386:	2001      	movs	r0, #1
10006388:	e7ed      	b.n	10006366 <vendord_xfer_cb+0x1a>
1000638a:	239a      	movs	r3, #154	@ 0x9a
1000638c:	005b      	lsls	r3, r3, #1
1000638e:	5ac3      	ldrh	r3, [r0, r3]
10006390:	2b00      	cmp	r3, #0
10006392:	d10d      	bne.n	100063b0 <vendord_xfer_cb+0x64>
10006394:	4b11      	ldr	r3, [pc, #68]	@ (100063dc <vendord_xfer_cb+0x90>)
10006396:	2b00      	cmp	r3, #0
10006398:	d004      	beq.n	100063a4 <vendord_xfer_cb+0x58>
1000639a:	2000      	movs	r0, #0
1000639c:	4910      	ldr	r1, [pc, #64]	@ (100063e0 <vendord_xfer_cb+0x94>)
1000639e:	b2ba      	uxth	r2, r7
100063a0:	e000      	b.n	100063a4 <vendord_xfer_cb+0x58>
100063a2:	bf00      	nop
100063a4:	0030      	movs	r0, r6
100063a6:	490f      	ldr	r1, [pc, #60]	@ (100063e4 <vendord_xfer_cb+0x98>)
100063a8:	f000 f980 	bl	100066ac <tu_edpt_stream_read_xfer>
100063ac:	2001      	movs	r0, #1
100063ae:	e7da      	b.n	10006366 <vendord_xfer_cb+0x1a>
100063b0:	2396      	movs	r3, #150	@ 0x96
100063b2:	005b      	lsls	r3, r3, #1
100063b4:	58c1      	ldr	r1, [r0, r3]
100063b6:	3031      	adds	r0, #49	@ 0x31
100063b8:	b2ba      	uxth	r2, r7
100063ba:	30ff      	adds	r0, #255	@ 0xff
100063bc:	f000 fb60 	bl	10006a80 <tu_fifo_write_n>
100063c0:	e7e8      	b.n	10006394 <vendord_xfer_cb+0x48>
100063c2:	003a      	movs	r2, r7
100063c4:	0021      	movs	r1, r4
100063c6:	0030      	movs	r0, r6
100063c8:	f000 f908 	bl	100065dc <tu_edpt_stream_write_zlp_if_needed>
100063cc:	2001      	movs	r0, #1
100063ce:	e7ca      	b.n	10006366 <vendord_xfer_cb+0x1a>
100063d0:	2000191c 	.word	0x2000191c
100063d4:	00000000 	.word	0x00000000
100063d8:	20001920 	.word	0x20001920
100063dc:	00000000 	.word	0x00000000
100063e0:	2000189c 	.word	0x2000189c
100063e4:	20001a44 	.word	0x20001a44

100063e8 <tusb_rhport_init>:
100063e8:	b500      	push	{lr}
100063ea:	0003      	movs	r3, r0
100063ec:	b083      	sub	sp, #12
100063ee:	2900      	cmp	r1, #0
100063f0:	d010      	beq.n	10006414 <tusb_rhport_init+0x2c>
100063f2:	2000      	movs	r0, #0
100063f4:	2b01      	cmp	r3, #1
100063f6:	d807      	bhi.n	10006408 <tusb_rhport_init+0x20>
100063f8:	780a      	ldrb	r2, [r1, #0]
100063fa:	2a00      	cmp	r2, #0
100063fc:	d004      	beq.n	10006408 <tusb_rhport_init+0x20>
100063fe:	480c      	ldr	r0, [pc, #48]	@ (10006430 <tusb_rhport_init+0x48>)
10006400:	54c2      	strb	r2, [r0, r3]
10006402:	2001      	movs	r0, #1
10006404:	2a01      	cmp	r2, #1
10006406:	d001      	beq.n	1000640c <tusb_rhport_init+0x24>
10006408:	b003      	add	sp, #12
1000640a:	bd00      	pop	{pc}
1000640c:	0018      	movs	r0, r3
1000640e:	f7fe fdd5 	bl	10004fbc <tud_rhport_init>
10006412:	e7f9      	b.n	10006408 <tusb_rhport_init+0x20>
10006414:	2301      	movs	r3, #1
10006416:	466a      	mov	r2, sp
10006418:	2000      	movs	r0, #0
1000641a:	a901      	add	r1, sp, #4
1000641c:	8093      	strh	r3, [r2, #4]
1000641e:	f7fe fdcd 	bl	10004fbc <tud_rhport_init>
10006422:	2800      	cmp	r0, #0
10006424:	d0f0      	beq.n	10006408 <tusb_rhport_init+0x20>
10006426:	2201      	movs	r2, #1
10006428:	4b01      	ldr	r3, [pc, #4]	@ (10006430 <tusb_rhport_init+0x48>)
1000642a:	701a      	strb	r2, [r3, #0]
1000642c:	e7ec      	b.n	10006408 <tusb_rhport_init+0x20>
1000642e:	46c0      	nop			@ (mov r8, r8)
10006430:	20001774 	.word	0x20001774

10006434 <tu_edpt_claim>:
10006434:	7803      	ldrb	r3, [r0, #0]
10006436:	b570      	push	{r4, r5, r6, lr}
10006438:	07db      	lsls	r3, r3, #31
1000643a:	0004      	movs	r4, r0
1000643c:	000e      	movs	r6, r1
1000643e:	0fdd      	lsrs	r5, r3, #31
10006440:	2b00      	cmp	r3, #0
10006442:	d117      	bne.n	10006474 <tu_edpt_claim+0x40>
10006444:	7803      	ldrb	r3, [r0, #0]
10006446:	075b      	lsls	r3, r3, #29
10006448:	d501      	bpl.n	1000644e <tu_edpt_claim+0x1a>
1000644a:	0028      	movs	r0, r5
1000644c:	bd70      	pop	{r4, r5, r6, pc}
1000644e:	2101      	movs	r1, #1
10006450:	0030      	movs	r0, r6
10006452:	4249      	negs	r1, r1
10006454:	f000 ffc0 	bl	100073d8 <__mutex_enter_timeout_ms_veneer>
10006458:	7823      	ldrb	r3, [r4, #0]
1000645a:	07db      	lsls	r3, r3, #31
1000645c:	0fdd      	lsrs	r5, r3, #31
1000645e:	2b00      	cmp	r3, #0
10006460:	d10a      	bne.n	10006478 <tu_edpt_claim+0x44>
10006462:	7823      	ldrb	r3, [r4, #0]
10006464:	075b      	lsls	r3, r3, #29
10006466:	d408      	bmi.n	1000647a <tu_edpt_claim+0x46>
10006468:	2204      	movs	r2, #4
1000646a:	7823      	ldrb	r3, [r4, #0]
1000646c:	2501      	movs	r5, #1
1000646e:	4313      	orrs	r3, r2
10006470:	7023      	strb	r3, [r4, #0]
10006472:	e002      	b.n	1000647a <tu_edpt_claim+0x46>
10006474:	2500      	movs	r5, #0
10006476:	e7e8      	b.n	1000644a <tu_edpt_claim+0x16>
10006478:	2500      	movs	r5, #0
1000647a:	0030      	movs	r0, r6
1000647c:	f000 ff7c 	bl	10007378 <__mutex_exit_veneer>
10006480:	e7e3      	b.n	1000644a <tu_edpt_claim+0x16>
10006482:	46c0      	nop			@ (mov r8, r8)

10006484 <tu_edpt_release>:
10006484:	b570      	push	{r4, r5, r6, lr}
10006486:	000c      	movs	r4, r1
10006488:	2101      	movs	r1, #1
1000648a:	0006      	movs	r6, r0
1000648c:	4249      	negs	r1, r1
1000648e:	0020      	movs	r0, r4
10006490:	f000 ffa2 	bl	100073d8 <__mutex_enter_timeout_ms_veneer>
10006494:	7833      	ldrb	r3, [r6, #0]
10006496:	075b      	lsls	r3, r3, #29
10006498:	0fdd      	lsrs	r5, r3, #31
1000649a:	2b00      	cmp	r3, #0
1000649c:	db04      	blt.n	100064a8 <tu_edpt_release+0x24>
1000649e:	0020      	movs	r0, r4
100064a0:	f000 ff6a 	bl	10007378 <__mutex_exit_veneer>
100064a4:	0028      	movs	r0, r5
100064a6:	bd70      	pop	{r4, r5, r6, pc}
100064a8:	7833      	ldrb	r3, [r6, #0]
100064aa:	07db      	lsls	r3, r3, #31
100064ac:	d404      	bmi.n	100064b8 <tu_edpt_release+0x34>
100064ae:	2204      	movs	r2, #4
100064b0:	7833      	ldrb	r3, [r6, #0]
100064b2:	4393      	bics	r3, r2
100064b4:	7033      	strb	r3, [r6, #0]
100064b6:	e7f2      	b.n	1000649e <tu_edpt_release+0x1a>
100064b8:	2500      	movs	r5, #0
100064ba:	e7f0      	b.n	1000649e <tu_edpt_release+0x1a>

100064bc <tu_edpt_validate>:
100064bc:	7943      	ldrb	r3, [r0, #5]
100064be:	7902      	ldrb	r2, [r0, #4]
100064c0:	021b      	lsls	r3, r3, #8
100064c2:	4313      	orrs	r3, r2
100064c4:	78c2      	ldrb	r2, [r0, #3]
100064c6:	055b      	lsls	r3, r3, #21
100064c8:	0792      	lsls	r2, r2, #30
100064ca:	0d5b      	lsrs	r3, r3, #21
100064cc:	0f92      	lsrs	r2, r2, #30
100064ce:	2a02      	cmp	r2, #2
100064d0:	d01d      	beq.n	1000650e <tu_edpt_validate+0x52>
100064d2:	2a03      	cmp	r2, #3
100064d4:	d00c      	beq.n	100064f0 <tu_edpt_validate+0x34>
100064d6:	2000      	movs	r0, #0
100064d8:	2a01      	cmp	r2, #1
100064da:	d108      	bne.n	100064ee <tu_edpt_validate+0x32>
100064dc:	3902      	subs	r1, #2
100064de:	424a      	negs	r2, r1
100064e0:	4151      	adcs	r1, r2
100064e2:	4a12      	ldr	r2, [pc, #72]	@ (1000652c <tu_edpt_validate+0x70>)
100064e4:	4694      	mov	ip, r2
100064e6:	4461      	add	r1, ip
100064e8:	4299      	cmp	r1, r3
100064ea:	4140      	adcs	r0, r0
100064ec:	b2c0      	uxtb	r0, r0
100064ee:	4770      	bx	lr
100064f0:	3902      	subs	r1, #2
100064f2:	1e4a      	subs	r2, r1, #1
100064f4:	4191      	sbcs	r1, r2
100064f6:	4a0e      	ldr	r2, [pc, #56]	@ (10006530 <tu_edpt_validate+0x74>)
100064f8:	4249      	negs	r1, r1
100064fa:	4011      	ands	r1, r2
100064fc:	2280      	movs	r2, #128	@ 0x80
100064fe:	00d2      	lsls	r2, r2, #3
10006500:	4694      	mov	ip, r2
10006502:	2000      	movs	r0, #0
10006504:	4461      	add	r1, ip
10006506:	4299      	cmp	r1, r3
10006508:	4140      	adcs	r0, r0
1000650a:	b2c0      	uxtb	r0, r0
1000650c:	e7ef      	b.n	100064ee <tu_edpt_validate+0x32>
1000650e:	2902      	cmp	r1, #2
10006510:	d005      	beq.n	1000651e <tu_edpt_validate+0x62>
10006512:	2000      	movs	r0, #0
10006514:	2240      	movs	r2, #64	@ 0x40
10006516:	429a      	cmp	r2, r3
10006518:	4140      	adcs	r0, r0
1000651a:	b2c0      	uxtb	r0, r0
1000651c:	e7e7      	b.n	100064ee <tu_edpt_validate+0x32>
1000651e:	4a05      	ldr	r2, [pc, #20]	@ (10006534 <tu_edpt_validate+0x78>)
10006520:	1898      	adds	r0, r3, r2
10006522:	4243      	negs	r3, r0
10006524:	4158      	adcs	r0, r3
10006526:	b2c0      	uxtb	r0, r0
10006528:	e7e1      	b.n	100064ee <tu_edpt_validate+0x32>
1000652a:	46c0      	nop			@ (mov r8, r8)
1000652c:	000003ff 	.word	0x000003ff
10006530:	fffffc40 	.word	0xfffffc40
10006534:	fffffe00 	.word	0xfffffe00

10006538 <tu_edpt_bind_driver>:
10006538:	188a      	adds	r2, r1, r2
1000653a:	b570      	push	{r4, r5, r6, lr}
1000653c:	4291      	cmp	r1, r2
1000653e:	d207      	bcs.n	10006550 <tu_edpt_bind_driver+0x18>
10006540:	267f      	movs	r6, #127	@ 0x7f
10006542:	784c      	ldrb	r4, [r1, #1]
10006544:	2c05      	cmp	r4, #5
10006546:	d004      	beq.n	10006552 <tu_edpt_bind_driver+0x1a>
10006548:	780c      	ldrb	r4, [r1, #0]
1000654a:	1909      	adds	r1, r1, r4
1000654c:	428a      	cmp	r2, r1
1000654e:	d8f8      	bhi.n	10006542 <tu_edpt_bind_driver+0xa>
10006550:	bd70      	pop	{r4, r5, r6, pc}
10006552:	0034      	movs	r4, r6
10006554:	788d      	ldrb	r5, [r1, #2]
10006556:	402c      	ands	r4, r5
10006558:	0064      	lsls	r4, r4, #1
1000655a:	1904      	adds	r4, r0, r4
1000655c:	09ed      	lsrs	r5, r5, #7
1000655e:	5563      	strb	r3, [r4, r5]
10006560:	780c      	ldrb	r4, [r1, #0]
10006562:	1909      	adds	r1, r1, r4
10006564:	428a      	cmp	r2, r1
10006566:	d8ec      	bhi.n	10006542 <tu_edpt_bind_driver+0xa>
10006568:	e7f2      	b.n	10006550 <tu_edpt_bind_driver+0x18>
1000656a:	46c0      	nop			@ (mov r8, r8)

1000656c <tu_edpt_stream_init>:
1000656c:	b5f0      	push	{r4, r5, r6, r7, lr}
1000656e:	46c6      	mov	lr, r8
10006570:	b500      	push	{lr}
10006572:	b082      	sub	sp, #8
10006574:	0015      	movs	r5, r2
10006576:	aa08      	add	r2, sp, #32
10006578:	ca40      	ldmia	r2!, {r6}
1000657a:	0004      	movs	r4, r0
1000657c:	8817      	ldrh	r7, [r2, #0]
1000657e:	466a      	mov	r2, sp
10006580:	8d92      	ldrh	r2, [r2, #44]	@ 0x2c
10006582:	2001      	movs	r0, #1
10006584:	4690      	mov	r8, r2
10006586:	000a      	movs	r2, r1
10006588:	7821      	ldrb	r1, [r4, #0]
1000658a:	4002      	ands	r2, r0
1000658c:	4381      	bics	r1, r0
1000658e:	0020      	movs	r0, r4
10006590:	4311      	orrs	r1, r2
10006592:	7021      	strb	r1, [r4, #0]
10006594:	003a      	movs	r2, r7
10006596:	9300      	str	r3, [sp, #0]
10006598:	0031      	movs	r1, r6
1000659a:	2301      	movs	r3, #1
1000659c:	3008      	adds	r0, #8
1000659e:	f000 f8f1 	bl	10006784 <tu_fifo_config>
100065a2:	2e00      	cmp	r6, #0
100065a4:	d001      	beq.n	100065aa <tu_edpt_stream_init+0x3e>
100065a6:	2f00      	cmp	r7, #0
100065a8:	d108      	bne.n	100065bc <tu_edpt_stream_init+0x50>
100065aa:	9b0a      	ldr	r3, [sp, #40]	@ 0x28
100065ac:	2001      	movs	r0, #1
100065ae:	6063      	str	r3, [r4, #4]
100065b0:	4643      	mov	r3, r8
100065b2:	8063      	strh	r3, [r4, #2]
100065b4:	b002      	add	sp, #8
100065b6:	bc80      	pop	{r7}
100065b8:	46b8      	mov	r8, r7
100065ba:	bdf0      	pop	{r4, r5, r6, r7, pc}
100065bc:	0026      	movs	r6, r4
100065be:	361c      	adds	r6, #28
100065c0:	0030      	movs	r0, r6
100065c2:	f7fa faa1 	bl	10000b08 <mutex_init>
100065c6:	2300      	movs	r3, #0
100065c8:	2d00      	cmp	r5, #0
100065ca:	d001      	beq.n	100065d0 <tu_edpt_stream_init+0x64>
100065cc:	0033      	movs	r3, r6
100065ce:	2600      	movs	r6, #0
100065d0:	6163      	str	r3, [r4, #20]
100065d2:	61a6      	str	r6, [r4, #24]
100065d4:	e7e9      	b.n	100065aa <tu_edpt_stream_init+0x3e>
100065d6:	46c0      	nop			@ (mov r8, r8)

100065d8 <tu_edpt_stream_deinit>:
100065d8:	2001      	movs	r0, #1
100065da:	4770      	bx	lr

100065dc <tu_edpt_stream_write_zlp_if_needed>:
100065dc:	b5f8      	push	{r3, r4, r5, r6, r7, lr}
100065de:	2402      	movs	r4, #2
100065e0:	780b      	ldrb	r3, [r1, #0]
100065e2:	0007      	movs	r7, r0
100065e4:	401c      	ands	r4, r3
100065e6:	4263      	negs	r3, r4
100065e8:	415c      	adcs	r4, r3
100065ea:	4b14      	ldr	r3, [pc, #80]	@ (1000663c <tu_edpt_stream_write_zlp_if_needed+0x60>)
100065ec:	4264      	negs	r4, r4
100065ee:	401c      	ands	r4, r3
100065f0:	4b13      	ldr	r3, [pc, #76]	@ (10006640 <tu_edpt_stream_write_zlp_if_needed+0x64>)
100065f2:	0008      	movs	r0, r1
100065f4:	469c      	mov	ip, r3
100065f6:	3008      	adds	r0, #8
100065f8:	000d      	movs	r5, r1
100065fa:	0016      	movs	r6, r2
100065fc:	4464      	add	r4, ip
100065fe:	f000 f8f7 	bl	100067f0 <tu_fifo_count>
10006602:	2800      	cmp	r0, #0
10006604:	d107      	bne.n	10006616 <tu_edpt_stream_write_zlp_if_needed+0x3a>
10006606:	2e00      	cmp	r6, #0
10006608:	d005      	beq.n	10006616 <tu_edpt_stream_write_zlp_if_needed+0x3a>
1000660a:	4234      	tst	r4, r6
1000660c:	d103      	bne.n	10006616 <tu_edpt_stream_write_zlp_if_needed+0x3a>
1000660e:	2401      	movs	r4, #1
10006610:	782b      	ldrb	r3, [r5, #0]
10006612:	421c      	tst	r4, r3
10006614:	d001      	beq.n	1000661a <tu_edpt_stream_write_zlp_if_needed+0x3e>
10006616:	2000      	movs	r0, #0
10006618:	bdf8      	pop	{r3, r4, r5, r6, r7, pc}
1000661a:	0038      	movs	r0, r7
1000661c:	7869      	ldrb	r1, [r5, #1]
1000661e:	f7ff f9af 	bl	10005980 <usbd_edpt_claim>
10006622:	2800      	cmp	r0, #0
10006624:	d0f7      	beq.n	10006616 <tu_edpt_stream_write_zlp_if_needed+0x3a>
10006626:	782b      	ldrb	r3, [r5, #0]
10006628:	421c      	tst	r4, r3
1000662a:	d1f4      	bne.n	10006616 <tu_edpt_stream_write_zlp_if_needed+0x3a>
1000662c:	2300      	movs	r3, #0
1000662e:	2200      	movs	r2, #0
10006630:	0038      	movs	r0, r7
10006632:	7869      	ldrb	r1, [r5, #1]
10006634:	f7ff f9cc 	bl	100059d0 <usbd_edpt_xfer>
10006638:	e7ee      	b.n	10006618 <tu_edpt_stream_write_zlp_if_needed+0x3c>
1000663a:	46c0      	nop			@ (mov r8, r8)
1000663c:	fffffe40 	.word	0xfffffe40
10006640:	000001ff 	.word	0x000001ff

10006644 <tu_edpt_stream_write_xfer>:
10006644:	b5f8      	push	{r3, r4, r5, r6, r7, lr}
10006646:	000d      	movs	r5, r1
10006648:	3508      	adds	r5, #8
1000664a:	0006      	movs	r6, r0
1000664c:	0028      	movs	r0, r5
1000664e:	000c      	movs	r4, r1
10006650:	f000 f8ce 	bl	100067f0 <tu_fifo_count>
10006654:	2800      	cmp	r0, #0
10006656:	d003      	beq.n	10006660 <tu_edpt_stream_write_xfer+0x1c>
10006658:	2701      	movs	r7, #1
1000665a:	7823      	ldrb	r3, [r4, #0]
1000665c:	421f      	tst	r7, r3
1000665e:	d001      	beq.n	10006664 <tu_edpt_stream_write_xfer+0x20>
10006660:	2000      	movs	r0, #0
10006662:	bdf8      	pop	{r3, r4, r5, r6, r7, pc}
10006664:	0030      	movs	r0, r6
10006666:	7861      	ldrb	r1, [r4, #1]
10006668:	f7ff f98a 	bl	10005980 <usbd_edpt_claim>
1000666c:	2800      	cmp	r0, #0
1000666e:	d0f7      	beq.n	10006660 <tu_edpt_stream_write_xfer+0x1c>
10006670:	0028      	movs	r0, r5
10006672:	8862      	ldrh	r2, [r4, #2]
10006674:	6861      	ldr	r1, [r4, #4]
10006676:	f000 f93d 	bl	100068f4 <tu_fifo_read_n>
1000667a:	7823      	ldrb	r3, [r4, #0]
1000667c:	0005      	movs	r5, r0
1000667e:	401f      	ands	r7, r3
10006680:	2800      	cmp	r0, #0
10006682:	d00b      	beq.n	1000669c <tu_edpt_stream_write_xfer+0x58>
10006684:	2f00      	cmp	r7, #0
10006686:	d1eb      	bne.n	10006660 <tu_edpt_stream_write_xfer+0x1c>
10006688:	0003      	movs	r3, r0
1000668a:	6862      	ldr	r2, [r4, #4]
1000668c:	0030      	movs	r0, r6
1000668e:	7861      	ldrb	r1, [r4, #1]
10006690:	f7ff f99e 	bl	100059d0 <usbd_edpt_xfer>
10006694:	2800      	cmp	r0, #0
10006696:	d0e3      	beq.n	10006660 <tu_edpt_stream_write_xfer+0x1c>
10006698:	0028      	movs	r0, r5
1000669a:	e7e2      	b.n	10006662 <tu_edpt_stream_write_xfer+0x1e>
1000669c:	2f00      	cmp	r7, #0
1000669e:	d1df      	bne.n	10006660 <tu_edpt_stream_write_xfer+0x1c>
100066a0:	0030      	movs	r0, r6
100066a2:	7861      	ldrb	r1, [r4, #1]
100066a4:	f7ff f980 	bl	100059a8 <usbd_edpt_release>
100066a8:	e7da      	b.n	10006660 <tu_edpt_stream_write_xfer+0x1c>
100066aa:	46c0      	nop			@ (mov r8, r8)

100066ac <tu_edpt_stream_read_xfer>:
100066ac:	b5f8      	push	{r3, r4, r5, r6, r7, lr}
100066ae:	46ce      	mov	lr, r9
100066b0:	4647      	mov	r7, r8
100066b2:	b580      	push	{r7, lr}
100066b4:	898a      	ldrh	r2, [r1, #12]
100066b6:	0006      	movs	r6, r0
100066b8:	000c      	movs	r4, r1
100066ba:	780b      	ldrb	r3, [r1, #0]
100066bc:	2a00      	cmp	r2, #0
100066be:	d107      	bne.n	100066d0 <tu_edpt_stream_read_xfer+0x24>
100066c0:	2501      	movs	r5, #1
100066c2:	421d      	tst	r5, r3
100066c4:	d040      	beq.n	10006748 <tu_edpt_stream_read_xfer+0x9c>
100066c6:	2000      	movs	r0, #0
100066c8:	bcc0      	pop	{r6, r7}
100066ca:	46b9      	mov	r9, r7
100066cc:	46b0      	mov	r8, r6
100066ce:	bdf8      	pop	{r3, r4, r5, r6, r7, pc}
100066d0:	079b      	lsls	r3, r3, #30
100066d2:	d433      	bmi.n	1000673c <tu_edpt_stream_read_xfer+0x90>
100066d4:	4b2a      	ldr	r3, [pc, #168]	@ (10006780 <tu_edpt_stream_read_xfer+0xd4>)
100066d6:	2540      	movs	r5, #64	@ 0x40
100066d8:	4699      	mov	r9, r3
100066da:	0027      	movs	r7, r4
100066dc:	3708      	adds	r7, #8
100066de:	0038      	movs	r0, r7
100066e0:	f000 f8a4 	bl	1000682c <tu_fifo_remaining>
100066e4:	4285      	cmp	r5, r0
100066e6:	d8ee      	bhi.n	100066c6 <tu_edpt_stream_read_xfer+0x1a>
100066e8:	2201      	movs	r2, #1
100066ea:	7823      	ldrb	r3, [r4, #0]
100066ec:	4690      	mov	r8, r2
100066ee:	421a      	tst	r2, r3
100066f0:	d1e9      	bne.n	100066c6 <tu_edpt_stream_read_xfer+0x1a>
100066f2:	0030      	movs	r0, r6
100066f4:	7861      	ldrb	r1, [r4, #1]
100066f6:	f7ff f943 	bl	10005980 <usbd_edpt_claim>
100066fa:	2800      	cmp	r0, #0
100066fc:	d0e3      	beq.n	100066c6 <tu_edpt_stream_read_xfer+0x1a>
100066fe:	0038      	movs	r0, r7
10006700:	f000 f894 	bl	1000682c <tu_fifo_remaining>
10006704:	4642      	mov	r2, r8
10006706:	7823      	ldrb	r3, [r4, #0]
10006708:	401a      	ands	r2, r3
1000670a:	4285      	cmp	r5, r0
1000670c:	d831      	bhi.n	10006772 <tu_edpt_stream_read_xfer+0xc6>
1000670e:	2a00      	cmp	r2, #0
10006710:	d1d9      	bne.n	100066c6 <tu_edpt_stream_read_xfer+0x1a>
10006712:	4649      	mov	r1, r9
10006714:	8862      	ldrh	r2, [r4, #2]
10006716:	4001      	ands	r1, r0
10006718:	1c15      	adds	r5, r2, #0
1000671a:	428a      	cmp	r2, r1
1000671c:	d900      	bls.n	10006720 <tu_edpt_stream_read_xfer+0x74>
1000671e:	1c0d      	adds	r5, r1, #0
10006720:	b2ad      	uxth	r5, r5
10006722:	2200      	movs	r2, #0
10006724:	7861      	ldrb	r1, [r4, #1]
10006726:	2d00      	cmp	r5, #0
10006728:	d000      	beq.n	1000672c <tu_edpt_stream_read_xfer+0x80>
1000672a:	6862      	ldr	r2, [r4, #4]
1000672c:	002b      	movs	r3, r5
1000672e:	0030      	movs	r0, r6
10006730:	f7ff f94e 	bl	100059d0 <usbd_edpt_xfer>
10006734:	2800      	cmp	r0, #0
10006736:	d0c6      	beq.n	100066c6 <tu_edpt_stream_read_xfer+0x1a>
10006738:	0028      	movs	r0, r5
1000673a:	e7c5      	b.n	100066c8 <tu_edpt_stream_read_xfer+0x1c>
1000673c:	23fe      	movs	r3, #254	@ 0xfe
1000673e:	2580      	movs	r5, #128	@ 0x80
10006740:	021b      	lsls	r3, r3, #8
10006742:	4699      	mov	r9, r3
10006744:	00ad      	lsls	r5, r5, #2
10006746:	e7c8      	b.n	100066da <tu_edpt_stream_read_xfer+0x2e>
10006748:	7849      	ldrb	r1, [r1, #1]
1000674a:	f7ff f919 	bl	10005980 <usbd_edpt_claim>
1000674e:	2800      	cmp	r0, #0
10006750:	d0b9      	beq.n	100066c6 <tu_edpt_stream_read_xfer+0x1a>
10006752:	7823      	ldrb	r3, [r4, #0]
10006754:	421d      	tst	r5, r3
10006756:	d1b6      	bne.n	100066c6 <tu_edpt_stream_read_xfer+0x1a>
10006758:	8863      	ldrh	r3, [r4, #2]
1000675a:	2200      	movs	r2, #0
1000675c:	7861      	ldrb	r1, [r4, #1]
1000675e:	2b00      	cmp	r3, #0
10006760:	d000      	beq.n	10006764 <tu_edpt_stream_read_xfer+0xb8>
10006762:	6862      	ldr	r2, [r4, #4]
10006764:	0030      	movs	r0, r6
10006766:	f7ff f933 	bl	100059d0 <usbd_edpt_xfer>
1000676a:	2800      	cmp	r0, #0
1000676c:	d0ab      	beq.n	100066c6 <tu_edpt_stream_read_xfer+0x1a>
1000676e:	8860      	ldrh	r0, [r4, #2]
10006770:	e7aa      	b.n	100066c8 <tu_edpt_stream_read_xfer+0x1c>
10006772:	2a00      	cmp	r2, #0
10006774:	d1a7      	bne.n	100066c6 <tu_edpt_stream_read_xfer+0x1a>
10006776:	0030      	movs	r0, r6
10006778:	7861      	ldrb	r1, [r4, #1]
1000677a:	f7ff f915 	bl	100059a8 <usbd_edpt_release>
1000677e:	e7a2      	b.n	100066c6 <tu_edpt_stream_read_xfer+0x1a>
10006780:	0000ffc0 	.word	0x0000ffc0

10006784 <tu_fifo_config>:
10006784:	b5f0      	push	{r4, r5, r6, r7, lr}
10006786:	46c6      	mov	lr, r8
10006788:	b500      	push	{lr}
1000678a:	0004      	movs	r4, r0
1000678c:	4668      	mov	r0, sp
1000678e:	7e05      	ldrb	r5, [r0, #24]
10006790:	2080      	movs	r0, #128	@ 0x80
10006792:	4688      	mov	r8, r1
10006794:	0017      	movs	r7, r2
10006796:	001e      	movs	r6, r3
10006798:	0200      	lsls	r0, r0, #8
1000679a:	4282      	cmp	r2, r0
1000679c:	d826      	bhi.n	100067ec <tu_fifo_config+0x68>
1000679e:	68e0      	ldr	r0, [r4, #12]
100067a0:	2800      	cmp	r0, #0
100067a2:	d003      	beq.n	100067ac <tu_fifo_config+0x28>
100067a4:	2101      	movs	r1, #1
100067a6:	4249      	negs	r1, r1
100067a8:	f000 fe16 	bl	100073d8 <__mutex_enter_timeout_ms_veneer>
100067ac:	6920      	ldr	r0, [r4, #16]
100067ae:	2800      	cmp	r0, #0
100067b0:	d003      	beq.n	100067ba <tu_fifo_config+0x36>
100067b2:	2101      	movs	r1, #1
100067b4:	4249      	negs	r1, r1
100067b6:	f000 fe0f 	bl	100073d8 <__mutex_enter_timeout_ms_veneer>
100067ba:	4643      	mov	r3, r8
100067bc:	6023      	str	r3, [r4, #0]
100067be:	0473      	lsls	r3, r6, #17
100067c0:	0c5b      	lsrs	r3, r3, #17
100067c2:	03ed      	lsls	r5, r5, #15
100067c4:	431d      	orrs	r5, r3
100067c6:	2300      	movs	r3, #0
100067c8:	68e0      	ldr	r0, [r4, #12]
100067ca:	8163      	strh	r3, [r4, #10]
100067cc:	80a7      	strh	r7, [r4, #4]
100067ce:	80e5      	strh	r5, [r4, #6]
100067d0:	8123      	strh	r3, [r4, #8]
100067d2:	2800      	cmp	r0, #0
100067d4:	d001      	beq.n	100067da <tu_fifo_config+0x56>
100067d6:	f000 fdcf 	bl	10007378 <__mutex_exit_veneer>
100067da:	6920      	ldr	r0, [r4, #16]
100067dc:	2800      	cmp	r0, #0
100067de:	d001      	beq.n	100067e4 <tu_fifo_config+0x60>
100067e0:	f000 fdca 	bl	10007378 <__mutex_exit_veneer>
100067e4:	2001      	movs	r0, #1
100067e6:	bc80      	pop	{r7}
100067e8:	46b8      	mov	r8, r7
100067ea:	bdf0      	pop	{r4, r5, r6, r7, pc}
100067ec:	2000      	movs	r0, #0
100067ee:	e7fa      	b.n	100067e6 <tu_fifo_config+0x62>

100067f0 <tu_fifo_count>:
100067f0:	b510      	push	{r4, lr}
100067f2:	8904      	ldrh	r4, [r0, #8]
100067f4:	8941      	ldrh	r1, [r0, #10]
100067f6:	8882      	ldrh	r2, [r0, #4]
100067f8:	b2a3      	uxth	r3, r4
100067fa:	b288      	uxth	r0, r1
100067fc:	428c      	cmp	r4, r1
100067fe:	d307      	bcc.n	10006810 <tu_fifo_count+0x20>
10006800:	1a1b      	subs	r3, r3, r0
10006802:	b29b      	uxth	r3, r3
10006804:	1c10      	adds	r0, r2, #0
10006806:	429a      	cmp	r2, r3
10006808:	d900      	bls.n	1000680c <tu_fifo_count+0x1c>
1000680a:	1c18      	adds	r0, r3, #0
1000680c:	b280      	uxth	r0, r0
1000680e:	bd10      	pop	{r4, pc}
10006810:	0051      	lsls	r1, r2, #1
10006812:	1a09      	subs	r1, r1, r0
10006814:	185b      	adds	r3, r3, r1
10006816:	b29b      	uxth	r3, r3
10006818:	e7f4      	b.n	10006804 <tu_fifo_count+0x14>
1000681a:	46c0      	nop			@ (mov r8, r8)

1000681c <tu_fifo_empty>:
1000681c:	8903      	ldrh	r3, [r0, #8]
1000681e:	8940      	ldrh	r0, [r0, #10]
10006820:	1a18      	subs	r0, r3, r0
10006822:	4243      	negs	r3, r0
10006824:	4158      	adcs	r0, r3
10006826:	b2c0      	uxtb	r0, r0
10006828:	4770      	bx	lr
1000682a:	46c0      	nop			@ (mov r8, r8)

1000682c <tu_fifo_remaining>:
1000682c:	b510      	push	{r4, lr}
1000682e:	8904      	ldrh	r4, [r0, #8]
10006830:	8941      	ldrh	r1, [r0, #10]
10006832:	8882      	ldrh	r2, [r0, #4]
10006834:	b2a3      	uxth	r3, r4
10006836:	b288      	uxth	r0, r1
10006838:	428c      	cmp	r4, r1
1000683a:	d307      	bcc.n	1000684c <tu_fifo_remaining+0x20>
1000683c:	1a1b      	subs	r3, r3, r0
1000683e:	b29b      	uxth	r3, r3
10006840:	2000      	movs	r0, #0
10006842:	429a      	cmp	r2, r3
10006844:	d901      	bls.n	1000684a <tu_fifo_remaining+0x1e>
10006846:	1ad2      	subs	r2, r2, r3
10006848:	b290      	uxth	r0, r2
1000684a:	bd10      	pop	{r4, pc}
1000684c:	0051      	lsls	r1, r2, #1
1000684e:	1a09      	subs	r1, r1, r0
10006850:	185b      	adds	r3, r3, r1
10006852:	b29b      	uxth	r3, r3
10006854:	e7f4      	b.n	10006840 <tu_fifo_remaining+0x14>
10006856:	46c0      	nop			@ (mov r8, r8)

10006858 <tu_fifo_read>:
10006858:	b570      	push	{r4, r5, r6, lr}
1000685a:	0004      	movs	r4, r0
1000685c:	6900      	ldr	r0, [r0, #16]
1000685e:	000e      	movs	r6, r1
10006860:	2800      	cmp	r0, #0
10006862:	d003      	beq.n	1000686c <tu_fifo_read+0x14>
10006864:	2101      	movs	r1, #1
10006866:	4249      	negs	r1, r1
10006868:	f000 fdb6 	bl	100073d8 <__mutex_enter_timeout_ms_veneer>
1000686c:	8925      	ldrh	r5, [r4, #8]
1000686e:	8960      	ldrh	r0, [r4, #10]
10006870:	88a2      	ldrh	r2, [r4, #4]
10006872:	b2a9      	uxth	r1, r5
10006874:	b283      	uxth	r3, r0
10006876:	4285      	cmp	r5, r0
10006878:	d332      	bcc.n	100068e0 <tu_fifo_read+0x88>
1000687a:	1acd      	subs	r5, r1, r3
1000687c:	b2ad      	uxth	r5, r5
1000687e:	2d00      	cmp	r5, #0
10006880:	d028      	beq.n	100068d4 <tu_fifo_read+0x7c>
10006882:	42aa      	cmp	r2, r5
10006884:	d208      	bcs.n	10006898 <tu_fifo_read+0x40>
10006886:	4291      	cmp	r1, r2
10006888:	d32f      	bcc.n	100068ea <tu_fifo_read+0x92>
1000688a:	1a89      	subs	r1, r1, r2
1000688c:	b28b      	uxth	r3, r1
1000688e:	8163      	strh	r3, [r4, #10]
10006890:	429a      	cmp	r2, r3
10006892:	d803      	bhi.n	1000689c <tu_fifo_read+0x44>
10006894:	1a9b      	subs	r3, r3, r2
10006896:	b29b      	uxth	r3, r3
10006898:	429a      	cmp	r2, r3
1000689a:	d9fb      	bls.n	10006894 <tu_fifo_read+0x3c>
1000689c:	88e2      	ldrh	r2, [r4, #6]
1000689e:	6821      	ldr	r1, [r4, #0]
100068a0:	0452      	lsls	r2, r2, #17
100068a2:	0c52      	lsrs	r2, r2, #17
100068a4:	4353      	muls	r3, r2
100068a6:	0030      	movs	r0, r6
100068a8:	18c9      	adds	r1, r1, r3
100068aa:	f7fb ff73 	bl	10002794 <__wrap___aeabi_memcpy>
100068ae:	8963      	ldrh	r3, [r4, #10]
100068b0:	2501      	movs	r5, #1
100068b2:	1c59      	adds	r1, r3, #1
100068b4:	b289      	uxth	r1, r1
100068b6:	88a2      	ldrh	r2, [r4, #4]
100068b8:	428b      	cmp	r3, r1
100068ba:	d90d      	bls.n	100068d8 <tu_fifo_read+0x80>
100068bc:	2100      	movs	r1, #0
100068be:	0052      	lsls	r2, r2, #1
100068c0:	1a89      	subs	r1, r1, r2
100068c2:	b289      	uxth	r1, r1
100068c4:	6920      	ldr	r0, [r4, #16]
100068c6:	8161      	strh	r1, [r4, #10]
100068c8:	2800      	cmp	r0, #0
100068ca:	d001      	beq.n	100068d0 <tu_fifo_read+0x78>
100068cc:	f000 fd54 	bl	10007378 <__mutex_exit_veneer>
100068d0:	0028      	movs	r0, r5
100068d2:	bd70      	pop	{r4, r5, r6, pc}
100068d4:	8961      	ldrh	r1, [r4, #10]
100068d6:	b289      	uxth	r1, r1
100068d8:	0052      	lsls	r2, r2, #1
100068da:	4291      	cmp	r1, r2
100068dc:	dbf2      	blt.n	100068c4 <tu_fifo_read+0x6c>
100068de:	e7ef      	b.n	100068c0 <tu_fifo_read+0x68>
100068e0:	0055      	lsls	r5, r2, #1
100068e2:	1aed      	subs	r5, r5, r3
100068e4:	194d      	adds	r5, r1, r5
100068e6:	b2ad      	uxth	r5, r5
100068e8:	e7c9      	b.n	1000687e <tu_fifo_read+0x26>
100068ea:	1889      	adds	r1, r1, r2
100068ec:	b28b      	uxth	r3, r1
100068ee:	8163      	strh	r3, [r4, #10]
100068f0:	e7ce      	b.n	10006890 <tu_fifo_read+0x38>
100068f2:	46c0      	nop			@ (mov r8, r8)

100068f4 <tu_fifo_read_n>:
100068f4:	b5f0      	push	{r4, r5, r6, r7, lr}
100068f6:	4646      	mov	r6, r8
100068f8:	464f      	mov	r7, r9
100068fa:	46d6      	mov	lr, sl
100068fc:	b5c0      	push	{r6, r7, lr}
100068fe:	0006      	movs	r6, r0
10006900:	6900      	ldr	r0, [r0, #16]
10006902:	4689      	mov	r9, r1
10006904:	4690      	mov	r8, r2
10006906:	2800      	cmp	r0, #0
10006908:	d003      	beq.n	10006912 <tu_fifo_read_n+0x1e>
1000690a:	2101      	movs	r1, #1
1000690c:	4249      	negs	r1, r1
1000690e:	f000 fd63 	bl	100073d8 <__mutex_enter_timeout_ms_veneer>
10006912:	8931      	ldrh	r1, [r6, #8]
10006914:	8972      	ldrh	r2, [r6, #10]
10006916:	88b5      	ldrh	r5, [r6, #4]
10006918:	b28b      	uxth	r3, r1
1000691a:	b294      	uxth	r4, r2
1000691c:	4291      	cmp	r1, r2
1000691e:	d354      	bcc.n	100069ca <tu_fifo_read_n+0xd6>
10006920:	1b1f      	subs	r7, r3, r4
10006922:	b2bf      	uxth	r7, r7
10006924:	2f00      	cmp	r7, #0
10006926:	d04a      	beq.n	100069be <tu_fifo_read_n+0xca>
10006928:	42bd      	cmp	r5, r7
1000692a:	d205      	bcs.n	10006938 <tu_fifo_read_n+0x44>
1000692c:	42ab      	cmp	r3, r5
1000692e:	d251      	bcs.n	100069d4 <tu_fifo_read_n+0xe0>
10006930:	195b      	adds	r3, r3, r5
10006932:	b29c      	uxth	r4, r3
10006934:	002f      	movs	r7, r5
10006936:	8174      	strh	r4, [r6, #10]
10006938:	4643      	mov	r3, r8
1000693a:	45b8      	cmp	r8, r7
1000693c:	d83d      	bhi.n	100069ba <tu_fifo_read_n+0xc6>
1000693e:	b29f      	uxth	r7, r3
10006940:	42a5      	cmp	r5, r4
10006942:	d803      	bhi.n	1000694c <tu_fifo_read_n+0x58>
10006944:	1b64      	subs	r4, r4, r5
10006946:	b2a4      	uxth	r4, r4
10006948:	42a5      	cmp	r5, r4
1000694a:	d9fb      	bls.n	10006944 <tu_fifo_read_n+0x50>
1000694c:	88f2      	ldrh	r2, [r6, #6]
1000694e:	6831      	ldr	r1, [r6, #0]
10006950:	0452      	lsls	r2, r2, #17
10006952:	0c52      	lsrs	r2, r2, #17
10006954:	4690      	mov	r8, r2
10006956:	4362      	muls	r2, r4
10006958:	1b2b      	subs	r3, r5, r4
1000695a:	b29b      	uxth	r3, r3
1000695c:	1889      	adds	r1, r1, r2
1000695e:	4642      	mov	r2, r8
10006960:	429f      	cmp	r7, r3
10006962:	d925      	bls.n	100069b0 <tu_fifo_read_n+0xbc>
10006964:	4353      	muls	r3, r2
10006966:	b29b      	uxth	r3, r3
10006968:	001a      	movs	r2, r3
1000696a:	4648      	mov	r0, r9
1000696c:	469a      	mov	sl, r3
1000696e:	f7fb ff11 	bl	10002794 <__wrap___aeabi_memcpy>
10006972:	4643      	mov	r3, r8
10006974:	4648      	mov	r0, r9
10006976:	1b7d      	subs	r5, r7, r5
10006978:	1964      	adds	r4, r4, r5
1000697a:	435c      	muls	r4, r3
1000697c:	6831      	ldr	r1, [r6, #0]
1000697e:	4450      	add	r0, sl
10006980:	b2a2      	uxth	r2, r4
10006982:	f7fb ff07 	bl	10002794 <__wrap___aeabi_memcpy>
10006986:	8971      	ldrh	r1, [r6, #10]
10006988:	88b5      	ldrh	r5, [r6, #4]
1000698a:	19cb      	adds	r3, r1, r7
1000698c:	b29b      	uxth	r3, r3
1000698e:	006a      	lsls	r2, r5, #1
10006990:	4299      	cmp	r1, r3
10006992:	d916      	bls.n	100069c2 <tu_fifo_read_n+0xce>
10006994:	1a9b      	subs	r3, r3, r2
10006996:	b29b      	uxth	r3, r3
10006998:	6930      	ldr	r0, [r6, #16]
1000699a:	8173      	strh	r3, [r6, #10]
1000699c:	2800      	cmp	r0, #0
1000699e:	d001      	beq.n	100069a4 <tu_fifo_read_n+0xb0>
100069a0:	f000 fcea 	bl	10007378 <__mutex_exit_veneer>
100069a4:	0038      	movs	r0, r7
100069a6:	bce0      	pop	{r5, r6, r7}
100069a8:	46ba      	mov	sl, r7
100069aa:	46b1      	mov	r9, r6
100069ac:	46a8      	mov	r8, r5
100069ae:	bdf0      	pop	{r4, r5, r6, r7, pc}
100069b0:	4648      	mov	r0, r9
100069b2:	437a      	muls	r2, r7
100069b4:	f7fb feee 	bl	10002794 <__wrap___aeabi_memcpy>
100069b8:	e7e5      	b.n	10006986 <tu_fifo_read_n+0x92>
100069ba:	1c3b      	adds	r3, r7, #0
100069bc:	e7bf      	b.n	1000693e <tu_fifo_read_n+0x4a>
100069be:	8973      	ldrh	r3, [r6, #10]
100069c0:	b29b      	uxth	r3, r3
100069c2:	006a      	lsls	r2, r5, #1
100069c4:	4293      	cmp	r3, r2
100069c6:	dbe7      	blt.n	10006998 <tu_fifo_read_n+0xa4>
100069c8:	e7e4      	b.n	10006994 <tu_fifo_read_n+0xa0>
100069ca:	006f      	lsls	r7, r5, #1
100069cc:	1b3f      	subs	r7, r7, r4
100069ce:	19df      	adds	r7, r3, r7
100069d0:	b2bf      	uxth	r7, r7
100069d2:	e7a7      	b.n	10006924 <tu_fifo_read_n+0x30>
100069d4:	1b5b      	subs	r3, r3, r5
100069d6:	b29c      	uxth	r4, r3
100069d8:	e7ac      	b.n	10006934 <tu_fifo_read_n+0x40>
100069da:	46c0      	nop			@ (mov r8, r8)

100069dc <tu_fifo_write>:
100069dc:	b5f8      	push	{r3, r4, r5, r6, r7, lr}
100069de:	0004      	movs	r4, r0
100069e0:	68c0      	ldr	r0, [r0, #12]
100069e2:	000e      	movs	r6, r1
100069e4:	2800      	cmp	r0, #0
100069e6:	d003      	beq.n	100069f0 <tu_fifo_write+0x14>
100069e8:	2101      	movs	r1, #1
100069ea:	4249      	negs	r1, r1
100069ec:	f000 fcf4 	bl	100073d8 <__mutex_enter_timeout_ms_veneer>
100069f0:	8925      	ldrh	r5, [r4, #8]
100069f2:	8920      	ldrh	r0, [r4, #8]
100069f4:	8961      	ldrh	r1, [r4, #10]
100069f6:	88a2      	ldrh	r2, [r4, #4]
100069f8:	b2ad      	uxth	r5, r5
100069fa:	b283      	uxth	r3, r0
100069fc:	b28f      	uxth	r7, r1
100069fe:	4288      	cmp	r0, r1
10006a00:	d329      	bcc.n	10006a56 <tu_fifo_write+0x7a>
10006a02:	1bdb      	subs	r3, r3, r7
10006a04:	b29b      	uxth	r3, r3
10006a06:	429a      	cmp	r2, r3
10006a08:	d809      	bhi.n	10006a1e <tu_fifo_write+0x42>
10006a0a:	79e7      	ldrb	r7, [r4, #7]
10006a0c:	09ff      	lsrs	r7, r7, #7
10006a0e:	d106      	bne.n	10006a1e <tu_fifo_write+0x42>
10006a10:	68e0      	ldr	r0, [r4, #12]
10006a12:	2800      	cmp	r0, #0
10006a14:	d001      	beq.n	10006a1a <tu_fifo_write+0x3e>
10006a16:	f000 fcaf 	bl	10007378 <__mutex_exit_veneer>
10006a1a:	0038      	movs	r0, r7
10006a1c:	bdf8      	pop	{r3, r4, r5, r6, r7, pc}
10006a1e:	002b      	movs	r3, r5
10006a20:	4295      	cmp	r5, r2
10006a22:	d31d      	bcc.n	10006a60 <tu_fifo_write+0x84>
10006a24:	1a9b      	subs	r3, r3, r2
10006a26:	b29b      	uxth	r3, r3
10006a28:	4293      	cmp	r3, r2
10006a2a:	d2fb      	bcs.n	10006a24 <tu_fifo_write+0x48>
10006a2c:	88e2      	ldrh	r2, [r4, #6]
10006a2e:	6820      	ldr	r0, [r4, #0]
10006a30:	0452      	lsls	r2, r2, #17
10006a32:	0c52      	lsrs	r2, r2, #17
10006a34:	4353      	muls	r3, r2
10006a36:	0031      	movs	r1, r6
10006a38:	18c0      	adds	r0, r0, r3
10006a3a:	f7fb feab 	bl	10002794 <__wrap___aeabi_memcpy>
10006a3e:	1c6b      	adds	r3, r5, #1
10006a40:	b29b      	uxth	r3, r3
10006a42:	88a2      	ldrh	r2, [r4, #4]
10006a44:	429d      	cmp	r5, r3
10006a46:	d917      	bls.n	10006a78 <tu_fifo_write+0x9c>
10006a48:	2300      	movs	r3, #0
10006a4a:	0052      	lsls	r2, r2, #1
10006a4c:	1a9b      	subs	r3, r3, r2
10006a4e:	b29b      	uxth	r3, r3
10006a50:	2701      	movs	r7, #1
10006a52:	8123      	strh	r3, [r4, #8]
10006a54:	e7dc      	b.n	10006a10 <tu_fifo_write+0x34>
10006a56:	0051      	lsls	r1, r2, #1
10006a58:	1bc9      	subs	r1, r1, r7
10006a5a:	185b      	adds	r3, r3, r1
10006a5c:	b29b      	uxth	r3, r3
10006a5e:	e7d2      	b.n	10006a06 <tu_fifo_write+0x2a>
10006a60:	88e2      	ldrh	r2, [r4, #6]
10006a62:	6820      	ldr	r0, [r4, #0]
10006a64:	0452      	lsls	r2, r2, #17
10006a66:	0c52      	lsrs	r2, r2, #17
10006a68:	4353      	muls	r3, r2
10006a6a:	0031      	movs	r1, r6
10006a6c:	18c0      	adds	r0, r0, r3
10006a6e:	f7fb fe91 	bl	10002794 <__wrap___aeabi_memcpy>
10006a72:	3501      	adds	r5, #1
10006a74:	88a2      	ldrh	r2, [r4, #4]
10006a76:	b2ab      	uxth	r3, r5
10006a78:	0052      	lsls	r2, r2, #1
10006a7a:	4293      	cmp	r3, r2
10006a7c:	dbe8      	blt.n	10006a50 <tu_fifo_write+0x74>
10006a7e:	e7e5      	b.n	10006a4c <tu_fifo_write+0x70>

10006a80 <tu_fifo_write_n>:
10006a80:	b5f0      	push	{r4, r5, r6, r7, lr}
10006a82:	464e      	mov	r6, r9
10006a84:	4657      	mov	r7, sl
10006a86:	46de      	mov	lr, fp
10006a88:	4645      	mov	r5, r8
10006a8a:	b5e0      	push	{r5, r6, r7, lr}
10006a8c:	4689      	mov	r9, r1
10006a8e:	0006      	movs	r6, r0
10006a90:	0017      	movs	r7, r2
10006a92:	b083      	sub	sp, #12
10006a94:	2a00      	cmp	r2, #0
10006a96:	d067      	beq.n	10006b68 <tu_fifo_write_n+0xe8>
10006a98:	68c0      	ldr	r0, [r0, #12]
10006a9a:	2800      	cmp	r0, #0
10006a9c:	d003      	beq.n	10006aa6 <tu_fifo_write_n+0x26>
10006a9e:	2101      	movs	r1, #1
10006aa0:	4249      	negs	r1, r1
10006aa2:	f000 fc99 	bl	100073d8 <__mutex_enter_timeout_ms_veneer>
10006aa6:	8933      	ldrh	r3, [r6, #8]
10006aa8:	79f2      	ldrb	r2, [r6, #7]
10006aaa:	b29b      	uxth	r3, r3
10006aac:	4698      	mov	r8, r3
10006aae:	8973      	ldrh	r3, [r6, #10]
10006ab0:	88b5      	ldrh	r5, [r6, #4]
10006ab2:	b29b      	uxth	r3, r3
10006ab4:	09d2      	lsrs	r2, r2, #7
10006ab6:	d140      	bne.n	10006b3a <tu_fifo_write_n+0xba>
10006ab8:	4598      	cmp	r8, r3
10006aba:	d25e      	bcs.n	10006b7a <tu_fifo_write_n+0xfa>
10006abc:	006a      	lsls	r2, r5, #1
10006abe:	1ad3      	subs	r3, r2, r3
10006ac0:	4443      	add	r3, r8
10006ac2:	b29b      	uxth	r3, r3
10006ac4:	42ab      	cmp	r3, r5
10006ac6:	d25d      	bcs.n	10006b84 <tu_fifo_write_n+0x104>
10006ac8:	1aeb      	subs	r3, r5, r3
10006aca:	1c1a      	adds	r2, r3, #0
10006acc:	b29b      	uxth	r3, r3
10006ace:	42bb      	cmp	r3, r7
10006ad0:	d900      	bls.n	10006ad4 <tu_fifo_write_n+0x54>
10006ad2:	1c3a      	adds	r2, r7, #0
10006ad4:	b297      	uxth	r7, r2
10006ad6:	1b7b      	subs	r3, r7, r5
10006ad8:	b29b      	uxth	r3, r3
10006ada:	9301      	str	r3, [sp, #4]
10006adc:	88f3      	ldrh	r3, [r6, #6]
10006ade:	045b      	lsls	r3, r3, #17
10006ae0:	0c5b      	lsrs	r3, r3, #17
10006ae2:	469a      	mov	sl, r3
10006ae4:	4643      	mov	r3, r8
10006ae6:	19db      	adds	r3, r3, r7
10006ae8:	b29b      	uxth	r3, r3
10006aea:	469b      	mov	fp, r3
10006aec:	4644      	mov	r4, r8
10006aee:	45a8      	cmp	r8, r5
10006af0:	d303      	bcc.n	10006afa <tu_fifo_write_n+0x7a>
10006af2:	1b64      	subs	r4, r4, r5
10006af4:	b2a4      	uxth	r4, r4
10006af6:	42ac      	cmp	r4, r5
10006af8:	d2fb      	bcs.n	10006af2 <tu_fifo_write_n+0x72>
10006afa:	4653      	mov	r3, sl
10006afc:	4363      	muls	r3, r4
10006afe:	6830      	ldr	r0, [r6, #0]
10006b00:	1b2d      	subs	r5, r5, r4
10006b02:	b2ad      	uxth	r5, r5
10006b04:	18c0      	adds	r0, r0, r3
10006b06:	42bd      	cmp	r5, r7
10006b08:	d34b      	bcc.n	10006ba2 <tu_fifo_write_n+0x122>
10006b0a:	4652      	mov	r2, sl
10006b0c:	4649      	mov	r1, r9
10006b0e:	437a      	muls	r2, r7
10006b10:	f7fb fe40 	bl	10002794 <__wrap___aeabi_memcpy>
10006b14:	88b3      	ldrh	r3, [r6, #4]
10006b16:	005b      	lsls	r3, r3, #1
10006b18:	45d8      	cmp	r8, fp
10006b1a:	d801      	bhi.n	10006b20 <tu_fifo_write_n+0xa0>
10006b1c:	459b      	cmp	fp, r3
10006b1e:	db03      	blt.n	10006b28 <tu_fifo_write_n+0xa8>
10006b20:	465a      	mov	r2, fp
10006b22:	1ad3      	subs	r3, r2, r3
10006b24:	b29b      	uxth	r3, r3
10006b26:	469b      	mov	fp, r3
10006b28:	465b      	mov	r3, fp
10006b2a:	003d      	movs	r5, r7
10006b2c:	8133      	strh	r3, [r6, #8]
10006b2e:	68f0      	ldr	r0, [r6, #12]
10006b30:	2800      	cmp	r0, #0
10006b32:	d01a      	beq.n	10006b6a <tu_fifo_write_n+0xea>
10006b34:	f000 fc20 	bl	10007378 <__mutex_exit_veneer>
10006b38:	e017      	b.n	10006b6a <tu_fifo_write_n+0xea>
10006b3a:	88f2      	ldrh	r2, [r6, #6]
10006b3c:	0452      	lsls	r2, r2, #17
10006b3e:	0c52      	lsrs	r2, r2, #17
10006b40:	4692      	mov	sl, r2
10006b42:	42af      	cmp	r7, r5
10006b44:	d220      	bcs.n	10006b88 <tu_fifo_write_n+0x108>
10006b46:	4598      	cmp	r8, r3
10006b48:	d34d      	bcc.n	10006be6 <tu_fifo_write_n+0x166>
10006b4a:	4642      	mov	r2, r8
10006b4c:	1ad2      	subs	r2, r2, r3
10006b4e:	b292      	uxth	r2, r2
10006b50:	0069      	lsls	r1, r5, #1
10006b52:	1b78      	subs	r0, r7, r5
10006b54:	b280      	uxth	r0, r0
10006b56:	19d2      	adds	r2, r2, r7
10006b58:	9001      	str	r0, [sp, #4]
10006b5a:	428a      	cmp	r2, r1
10006b5c:	da33      	bge.n	10006bc6 <tu_fifo_write_n+0x146>
10006b5e:	4643      	mov	r3, r8
10006b60:	18fb      	adds	r3, r7, r3
10006b62:	b29b      	uxth	r3, r3
10006b64:	469b      	mov	fp, r3
10006b66:	e7c1      	b.n	10006aec <tu_fifo_write_n+0x6c>
10006b68:	2500      	movs	r5, #0
10006b6a:	0028      	movs	r0, r5
10006b6c:	b003      	add	sp, #12
10006b6e:	bcf0      	pop	{r4, r5, r6, r7}
10006b70:	46bb      	mov	fp, r7
10006b72:	46b2      	mov	sl, r6
10006b74:	46a9      	mov	r9, r5
10006b76:	46a0      	mov	r8, r4
10006b78:	bdf0      	pop	{r4, r5, r6, r7, pc}
10006b7a:	4642      	mov	r2, r8
10006b7c:	1ad3      	subs	r3, r2, r3
10006b7e:	b29b      	uxth	r3, r3
10006b80:	42ab      	cmp	r3, r5
10006b82:	d3a1      	bcc.n	10006ac8 <tu_fifo_write_n+0x48>
10006b84:	2500      	movs	r5, #0
10006b86:	e7d2      	b.n	10006b2e <tu_fifo_write_n+0xae>
10006b88:	2d00      	cmp	r5, #0
10006b8a:	d0d0      	beq.n	10006b2e <tu_fifo_write_n+0xae>
10006b8c:	1b7f      	subs	r7, r7, r5
10006b8e:	4357      	muls	r7, r2
10006b90:	4698      	mov	r8, r3
10006b92:	195a      	adds	r2, r3, r5
10006b94:	2300      	movs	r3, #0
10006b96:	b292      	uxth	r2, r2
10006b98:	44b9      	add	r9, r7
10006b9a:	4693      	mov	fp, r2
10006b9c:	002f      	movs	r7, r5
10006b9e:	9301      	str	r3, [sp, #4]
10006ba0:	e7a4      	b.n	10006aec <tu_fifo_write_n+0x6c>
10006ba2:	4653      	mov	r3, sl
10006ba4:	435d      	muls	r5, r3
10006ba6:	b2ad      	uxth	r5, r5
10006ba8:	002a      	movs	r2, r5
10006baa:	4649      	mov	r1, r9
10006bac:	f7fb fdf2 	bl	10002794 <__wrap___aeabi_memcpy>
10006bb0:	9b01      	ldr	r3, [sp, #4]
10006bb2:	0029      	movs	r1, r5
10006bb4:	18e2      	adds	r2, r4, r3
10006bb6:	4653      	mov	r3, sl
10006bb8:	435a      	muls	r2, r3
10006bba:	6830      	ldr	r0, [r6, #0]
10006bbc:	b292      	uxth	r2, r2
10006bbe:	4449      	add	r1, r9
10006bc0:	f7fb fde8 	bl	10002794 <__wrap___aeabi_memcpy>
10006bc4:	e7a6      	b.n	10006b14 <tu_fifo_write_n+0x94>
10006bc6:	195a      	adds	r2, r3, r5
10006bc8:	b292      	uxth	r2, r2
10006bca:	4693      	mov	fp, r2
10006bcc:	1bd2      	subs	r2, r2, r7
10006bce:	b292      	uxth	r2, r2
10006bd0:	4690      	mov	r8, r2
10006bd2:	4293      	cmp	r3, r2
10006bd4:	d90c      	bls.n	10006bf0 <tu_fifo_write_n+0x170>
10006bd6:	4643      	mov	r3, r8
10006bd8:	1a59      	subs	r1, r3, r1
10006bda:	b28b      	uxth	r3, r1
10006bdc:	4698      	mov	r8, r3
10006bde:	18fb      	adds	r3, r7, r3
10006be0:	b29b      	uxth	r3, r3
10006be2:	469b      	mov	fp, r3
10006be4:	e782      	b.n	10006aec <tu_fifo_write_n+0x6c>
10006be6:	0069      	lsls	r1, r5, #1
10006be8:	1aca      	subs	r2, r1, r3
10006bea:	4442      	add	r2, r8
10006bec:	b292      	uxth	r2, r2
10006bee:	e7b0      	b.n	10006b52 <tu_fifo_write_n+0xd2>
10006bf0:	4291      	cmp	r1, r2
10006bf2:	dd00      	ble.n	10006bf6 <tu_fifo_write_n+0x176>
10006bf4:	e77a      	b.n	10006aec <tu_fifo_write_n+0x6c>
10006bf6:	e7ee      	b.n	10006bd6 <tu_fifo_write_n+0x156>

10006bf8 <tu_fifo_clear>:
10006bf8:	b510      	push	{r4, lr}
10006bfa:	0004      	movs	r4, r0
10006bfc:	68c0      	ldr	r0, [r0, #12]
10006bfe:	2800      	cmp	r0, #0
10006c00:	d003      	beq.n	10006c0a <tu_fifo_clear+0x12>
10006c02:	2101      	movs	r1, #1
10006c04:	4249      	negs	r1, r1
10006c06:	f000 fbe7 	bl	100073d8 <__mutex_enter_timeout_ms_veneer>
10006c0a:	6920      	ldr	r0, [r4, #16]
10006c0c:	2800      	cmp	r0, #0
10006c0e:	d003      	beq.n	10006c18 <tu_fifo_clear+0x20>
10006c10:	2101      	movs	r1, #1
10006c12:	4249      	negs	r1, r1
10006c14:	f000 fbe0 	bl	100073d8 <__mutex_enter_timeout_ms_veneer>
10006c18:	2300      	movs	r3, #0
10006c1a:	68e0      	ldr	r0, [r4, #12]
10006c1c:	8163      	strh	r3, [r4, #10]
10006c1e:	8123      	strh	r3, [r4, #8]
10006c20:	2800      	cmp	r0, #0
10006c22:	d001      	beq.n	10006c28 <tu_fifo_clear+0x30>
10006c24:	f000 fba8 	bl	10007378 <__mutex_exit_veneer>
10006c28:	6920      	ldr	r0, [r4, #16]
10006c2a:	2800      	cmp	r0, #0
10006c2c:	d001      	beq.n	10006c32 <tu_fifo_clear+0x3a>
10006c2e:	f000 fba3 	bl	10007378 <__mutex_exit_veneer>
10006c32:	2001      	movs	r0, #1
10006c34:	bd10      	pop	{r4, pc}
10006c36:	46c0      	nop			@ (mov r8, r8)

10006c38 <tu_fifo_set_overwritable>:
10006c38:	b570      	push	{r4, r5, r6, lr}
10006c3a:	0004      	movs	r4, r0
10006c3c:	68c0      	ldr	r0, [r0, #12]
10006c3e:	000d      	movs	r5, r1
10006c40:	2800      	cmp	r0, #0
10006c42:	d003      	beq.n	10006c4c <tu_fifo_set_overwritable+0x14>
10006c44:	2101      	movs	r1, #1
10006c46:	4249      	negs	r1, r1
10006c48:	f000 fbc6 	bl	100073d8 <__mutex_enter_timeout_ms_veneer>
10006c4c:	6920      	ldr	r0, [r4, #16]
10006c4e:	2800      	cmp	r0, #0
10006c50:	d003      	beq.n	10006c5a <tu_fifo_set_overwritable+0x22>
10006c52:	2101      	movs	r1, #1
10006c54:	4249      	negs	r1, r1
10006c56:	f000 fbbf 	bl	100073d8 <__mutex_enter_timeout_ms_veneer>
10006c5a:	217f      	movs	r1, #127	@ 0x7f
10006c5c:	79e3      	ldrb	r3, [r4, #7]
10006c5e:	01ed      	lsls	r5, r5, #7
10006c60:	4019      	ands	r1, r3
10006c62:	68e0      	ldr	r0, [r4, #12]
10006c64:	4329      	orrs	r1, r5
10006c66:	71e1      	strb	r1, [r4, #7]
10006c68:	2800      	cmp	r0, #0
10006c6a:	d001      	beq.n	10006c70 <tu_fifo_set_overwritable+0x38>
10006c6c:	f000 fb84 	bl	10007378 <__mutex_exit_veneer>
10006c70:	6920      	ldr	r0, [r4, #16]
10006c72:	2800      	cmp	r0, #0
10006c74:	d001      	beq.n	10006c7a <tu_fifo_set_overwritable+0x42>
10006c76:	f000 fb7f 	bl	10007378 <__mutex_exit_veneer>
10006c7a:	2001      	movs	r0, #1
10006c7c:	bd70      	pop	{r4, r5, r6, pc}
10006c7e:	46c0      	nop			@ (mov r8, r8)

10006c80 <i2c_read_blocking_internal.constprop.0>:
10006c80:	b5f0      	push	{r4, r5, r6, r7, lr}
10006c82:	46de      	mov	lr, fp
10006c84:	4657      	mov	r7, sl
10006c86:	464e      	mov	r6, r9
10006c88:	4645      	mov	r5, r8
10006c8a:	b5e0      	push	{r5, r6, r7, lr}
10006c8c:	0007      	movs	r7, r0
10006c8e:	b083      	sub	sp, #12
10006c90:	a80c      	add	r0, sp, #48	@ 0x30
10006c92:	9201      	str	r2, [sp, #4]
10006c94:	7802      	ldrb	r2, [r0, #0]
10006c96:	2000      	movs	r0, #0
10006c98:	683c      	ldr	r4, [r7, #0]
10006c9a:	469b      	mov	fp, r3
10006c9c:	66e0      	str	r0, [r4, #108]	@ 0x6c
10006c9e:	6061      	str	r1, [r4, #4]
10006ca0:	2101      	movs	r1, #1
10006ca2:	4691      	mov	r9, r2
10006ca4:	66e1      	str	r1, [r4, #108]	@ 0x6c
10006ca6:	2b00      	cmp	r3, #0
10006ca8:	dd34      	ble.n	10006d14 <i2c_read_blocking_internal.constprop.0+0x94>
10006caa:	1e5a      	subs	r2, r3, #1
10006cac:	4690      	mov	r8, r2
10006cae:	2280      	movs	r2, #128	@ 0x80
10006cb0:	0052      	lsls	r2, r2, #1
10006cb2:	4694      	mov	ip, r2
10006cb4:	2680      	movs	r6, #128	@ 0x80
10006cb6:	2540      	movs	r5, #64	@ 0x40
10006cb8:	6f61      	ldr	r1, [r4, #116]	@ 0x74
10006cba:	2910      	cmp	r1, #16
10006cbc:	d0fc      	beq.n	10006cb8 <i2c_read_blocking_internal.constprop.0+0x38>
10006cbe:	2100      	movs	r1, #0
10006cc0:	2800      	cmp	r0, #0
10006cc2:	d101      	bne.n	10006cc8 <i2c_read_blocking_internal.constprop.0+0x48>
10006cc4:	7939      	ldrb	r1, [r7, #4]
10006cc6:	0289      	lsls	r1, r1, #10
10006cc8:	4540      	cmp	r0, r8
10006cca:	d01d      	beq.n	10006d08 <i2c_read_blocking_internal.constprop.0+0x88>
10006ccc:	4662      	mov	r2, ip
10006cce:	4311      	orrs	r1, r2
10006cd0:	6121      	str	r1, [r4, #16]
10006cd2:	59a1      	ldr	r1, [r4, r6]
10006cd4:	6b61      	ldr	r1, [r4, #52]	@ 0x34
10006cd6:	420d      	tst	r5, r1
10006cd8:	d00b      	beq.n	10006cf2 <i2c_read_blocking_internal.constprop.0+0x72>
10006cda:	2001      	movs	r0, #1
10006cdc:	6d63      	ldr	r3, [r4, #84]	@ 0x54
10006cde:	4240      	negs	r0, r0
10006ce0:	464b      	mov	r3, r9
10006ce2:	713b      	strb	r3, [r7, #4]
10006ce4:	b003      	add	sp, #12
10006ce6:	bcf0      	pop	{r4, r5, r6, r7}
10006ce8:	46bb      	mov	fp, r7
10006cea:	46b2      	mov	sl, r6
10006cec:	46a9      	mov	r9, r5
10006cee:	46a0      	mov	r8, r4
10006cf0:	bdf0      	pop	{r4, r5, r6, r7, pc}
10006cf2:	6fa1      	ldr	r1, [r4, #120]	@ 0x78
10006cf4:	2900      	cmp	r1, #0
10006cf6:	d0ec      	beq.n	10006cd2 <i2c_read_blocking_internal.constprop.0+0x52>
10006cf8:	6921      	ldr	r1, [r4, #16]
10006cfa:	9b01      	ldr	r3, [sp, #4]
10006cfc:	5419      	strb	r1, [r3, r0]
10006cfe:	3001      	adds	r0, #1
10006d00:	4583      	cmp	fp, r0
10006d02:	d0ed      	beq.n	10006ce0 <i2c_read_blocking_internal.constprop.0+0x60>
10006d04:	683c      	ldr	r4, [r7, #0]
10006d06:	e7d7      	b.n	10006cb8 <i2c_read_blocking_internal.constprop.0+0x38>
10006d08:	464b      	mov	r3, r9
10006d0a:	2201      	movs	r2, #1
10006d0c:	405a      	eors	r2, r3
10006d0e:	0253      	lsls	r3, r2, #9
10006d10:	4319      	orrs	r1, r3
10006d12:	e7db      	b.n	10006ccc <i2c_read_blocking_internal.constprop.0+0x4c>
10006d14:	2000      	movs	r0, #0
10006d16:	e7e3      	b.n	10006ce0 <i2c_read_blocking_internal.constprop.0+0x60>

10006d18 <i2c_write_blocking_internal.constprop.0>:
10006d18:	b5f0      	push	{r4, r5, r6, r7, lr}
10006d1a:	46de      	mov	lr, fp
10006d1c:	4657      	mov	r7, sl
10006d1e:	464e      	mov	r6, r9
10006d20:	4645      	mov	r5, r8
10006d22:	4690      	mov	r8, r2
10006d24:	2200      	movs	r2, #0
10006d26:	b5e0      	push	{r5, r6, r7, lr}
10006d28:	b085      	sub	sp, #20
10006d2a:	001e      	movs	r6, r3
10006d2c:	ab0e      	add	r3, sp, #56	@ 0x38
10006d2e:	781b      	ldrb	r3, [r3, #0]
10006d30:	0007      	movs	r7, r0
10006d32:	469b      	mov	fp, r3
10006d34:	6803      	ldr	r3, [r0, #0]
10006d36:	66da      	str	r2, [r3, #108]	@ 0x6c
10006d38:	3201      	adds	r2, #1
10006d3a:	6059      	str	r1, [r3, #4]
10006d3c:	66da      	str	r2, [r3, #108]	@ 0x6c
10006d3e:	2e00      	cmp	r6, #0
10006d40:	dd60      	ble.n	10006e04 <i2c_write_blocking_internal.constprop.0+0xec>
10006d42:	7902      	ldrb	r2, [r0, #4]
10006d44:	4659      	mov	r1, fp
10006d46:	0292      	lsls	r2, r2, #10
10006d48:	4692      	mov	sl, r2
10006d4a:	2201      	movs	r2, #1
10006d4c:	404a      	eors	r2, r1
10006d4e:	0252      	lsls	r2, r2, #9
10006d50:	4694      	mov	ip, r2
10006d52:	2280      	movs	r2, #128	@ 0x80
10006d54:	4691      	mov	r9, r2
10006d56:	465a      	mov	r2, fp
10006d58:	2480      	movs	r4, #128	@ 0x80
10006d5a:	9203      	str	r2, [sp, #12]
10006d5c:	4662      	mov	r2, ip
10006d5e:	46bb      	mov	fp, r7
10006d60:	2000      	movs	r0, #0
10006d62:	2110      	movs	r1, #16
10006d64:	4647      	mov	r7, r8
10006d66:	46b4      	mov	ip, r6
10006d68:	1e75      	subs	r5, r6, #1
10006d6a:	00a4      	lsls	r4, r4, #2
10006d6c:	9201      	str	r2, [sp, #4]
10006d6e:	1b42      	subs	r2, r0, r5
10006d70:	0016      	movs	r6, r2
10006d72:	4272      	negs	r2, r6
10006d74:	4172      	adcs	r2, r6
10006d76:	9e01      	ldr	r6, [sp, #4]
10006d78:	4252      	negs	r2, r2
10006d7a:	4016      	ands	r6, r2
10006d7c:	9602      	str	r6, [sp, #8]
10006d7e:	5c3e      	ldrb	r6, [r7, r0]
10006d80:	46b0      	mov	r8, r6
10006d82:	4656      	mov	r6, sl
10006d84:	4642      	mov	r2, r8
10006d86:	4316      	orrs	r6, r2
10006d88:	0032      	movs	r2, r6
10006d8a:	9e02      	ldr	r6, [sp, #8]
10006d8c:	4316      	orrs	r6, r2
10006d8e:	611e      	str	r6, [r3, #16]
10006d90:	9e01      	ldr	r6, [sp, #4]
10006d92:	6b5a      	ldr	r2, [r3, #52]	@ 0x34
10006d94:	4211      	tst	r1, r2
10006d96:	d0fc      	beq.n	10006d92 <i2c_write_blocking_internal.constprop.0+0x7a>
10006d98:	464a      	mov	r2, r9
10006d9a:	589a      	ldr	r2, [r3, r2]
10006d9c:	9601      	str	r6, [sp, #4]
10006d9e:	4692      	mov	sl, r2
10006da0:	2a00      	cmp	r2, #0
10006da2:	d10a      	bne.n	10006dba <i2c_write_blocking_internal.constprop.0+0xa2>
10006da4:	42a8      	cmp	r0, r5
10006da6:	d028      	beq.n	10006dfa <i2c_write_blocking_internal.constprop.0+0xe2>
10006da8:	2200      	movs	r2, #0
10006daa:	3001      	adds	r0, #1
10006dac:	4692      	mov	sl, r2
10006dae:	4584      	cmp	ip, r0
10006db0:	d1dd      	bne.n	10006d6e <i2c_write_blocking_internal.constprop.0+0x56>
10006db2:	9b03      	ldr	r3, [sp, #12]
10006db4:	465f      	mov	r7, fp
10006db6:	469b      	mov	fp, r3
10006db8:	e016      	b.n	10006de8 <i2c_write_blocking_internal.constprop.0+0xd0>
10006dba:	6d5a      	ldr	r2, [r3, #84]	@ 0x54
10006dbc:	2201      	movs	r2, #1
10006dbe:	4690      	mov	r8, r2
10006dc0:	6b5a      	ldr	r2, [r3, #52]	@ 0x34
10006dc2:	4222      	tst	r2, r4
10006dc4:	d0fc      	beq.n	10006dc0 <i2c_write_blocking_internal.constprop.0+0xa8>
10006dc6:	6e1a      	ldr	r2, [r3, #96]	@ 0x60
10006dc8:	4642      	mov	r2, r8
10006dca:	9601      	str	r6, [sp, #4]
10006dcc:	2a00      	cmp	r2, #0
10006dce:	d0eb      	beq.n	10006da8 <i2c_write_blocking_internal.constprop.0+0x90>
10006dd0:	9b03      	ldr	r3, [sp, #12]
10006dd2:	465f      	mov	r7, fp
10006dd4:	469b      	mov	fp, r3
10006dd6:	4653      	mov	r3, sl
10006dd8:	2b00      	cmp	r3, #0
10006dda:	d015      	beq.n	10006e08 <i2c_write_blocking_internal.constprop.0+0xf0>
10006ddc:	4653      	mov	r3, sl
10006dde:	07db      	lsls	r3, r3, #31
10006de0:	d412      	bmi.n	10006e08 <i2c_write_blocking_internal.constprop.0+0xf0>
10006de2:	4653      	mov	r3, sl
10006de4:	071b      	lsls	r3, r3, #28
10006de6:	d50f      	bpl.n	10006e08 <i2c_write_blocking_internal.constprop.0+0xf0>
10006de8:	465b      	mov	r3, fp
10006dea:	713b      	strb	r3, [r7, #4]
10006dec:	b005      	add	sp, #20
10006dee:	bcf0      	pop	{r4, r5, r6, r7}
10006df0:	46bb      	mov	fp, r7
10006df2:	46b2      	mov	sl, r6
10006df4:	46a9      	mov	r9, r5
10006df6:	46a0      	mov	r8, r4
10006df8:	bdf0      	pop	{r4, r5, r6, r7, pc}
10006dfa:	9a03      	ldr	r2, [sp, #12]
10006dfc:	2a00      	cmp	r2, #0
10006dfe:	d1d3      	bne.n	10006da8 <i2c_write_blocking_internal.constprop.0+0x90>
10006e00:	4690      	mov	r8, r2
10006e02:	e7dd      	b.n	10006dc0 <i2c_write_blocking_internal.constprop.0+0xa8>
10006e04:	2000      	movs	r0, #0
10006e06:	e7ef      	b.n	10006de8 <i2c_write_blocking_internal.constprop.0+0xd0>
10006e08:	2001      	movs	r0, #1
10006e0a:	4240      	negs	r0, r0
10006e0c:	e7ec      	b.n	10006de8 <i2c_write_blocking_internal.constprop.0+0xd0>
10006e0e:	46c0      	nop			@ (mov r8, r8)

10006e10 <i2c_set_baudrate>:
10006e10:	b5f8      	push	{r3, r4, r5, r6, r7, lr}
10006e12:	46de      	mov	lr, fp
10006e14:	4657      	mov	r7, sl
10006e16:	464e      	mov	r6, r9
10006e18:	4645      	mov	r5, r8
10006e1a:	4683      	mov	fp, r0
10006e1c:	b5e0      	push	{r5, r6, r7, lr}
10006e1e:	2005      	movs	r0, #5
10006e20:	000c      	movs	r4, r1
10006e22:	f7fa fbbb 	bl	1000159c <clock_get_hz>
10006e26:	0006      	movs	r6, r0
10006e28:	0860      	lsrs	r0, r4, #1
10006e2a:	0021      	movs	r1, r4
10006e2c:	1980      	adds	r0, r0, r6
10006e2e:	f7fa fdc3 	bl	100019b8 <__wrap___aeabi_uidiv>
10006e32:	0043      	lsls	r3, r0, #1
10006e34:	4698      	mov	r8, r3
10006e36:	4480      	add	r8, r0
10006e38:	0007      	movs	r7, r0
10006e3a:	2105      	movs	r1, #5
10006e3c:	4640      	mov	r0, r8
10006e3e:	f7fa fdbb 	bl	100019b8 <__wrap___aeabi_uidiv>
10006e42:	1a3b      	subs	r3, r7, r0
10006e44:	469a      	mov	sl, r3
10006e46:	4b1e      	ldr	r3, [pc, #120]	@ (10006ec0 <i2c_set_baudrate+0xb0>)
10006e48:	4681      	mov	r9, r0
10006e4a:	0070      	lsls	r0, r6, #1
10006e4c:	1980      	adds	r0, r0, r6
10006e4e:	429c      	cmp	r4, r3
10006e50:	d831      	bhi.n	10006eb6 <i2c_set_baudrate+0xa6>
10006e52:	491c      	ldr	r1, [pc, #112]	@ (10006ec4 <i2c_set_baudrate+0xb4>)
10006e54:	f7fa fdb0 	bl	100019b8 <__wrap___aeabi_uidiv>
10006e58:	1c45      	adds	r5, r0, #1
10006e5a:	465b      	mov	r3, fp
10006e5c:	681c      	ldr	r4, [r3, #0]
10006e5e:	2300      	movs	r3, #0
10006e60:	66e3      	str	r3, [r4, #108]	@ 0x6c
10006e62:	6822      	ldr	r2, [r4, #0]
10006e64:	3304      	adds	r3, #4
10006e66:	405a      	eors	r2, r3
10006e68:	3302      	adds	r3, #2
10006e6a:	4013      	ands	r3, r2
10006e6c:	2280      	movs	r2, #128	@ 0x80
10006e6e:	0152      	lsls	r2, r2, #5
10006e70:	18a2      	adds	r2, r4, r2
10006e72:	6013      	str	r3, [r2, #0]
10006e74:	4653      	mov	r3, sl
10006e76:	61e3      	str	r3, [r4, #28]
10006e78:	464b      	mov	r3, r9
10006e7a:	6223      	str	r3, [r4, #32]
10006e7c:	4643      	mov	r3, r8
10006e7e:	2001      	movs	r0, #1
10006e80:	2b4f      	cmp	r3, #79	@ 0x4f
10006e82:	d903      	bls.n	10006e8c <i2c_set_baudrate+0x7c>
10006e84:	2150      	movs	r1, #80	@ 0x50
10006e86:	4640      	mov	r0, r8
10006e88:	f7fa fd96 	bl	100019b8 <__wrap___aeabi_uidiv>
10006e8c:	23a0      	movs	r3, #160	@ 0xa0
10006e8e:	50e0      	str	r0, [r4, r3]
10006e90:	6fe3      	ldr	r3, [r4, #124]	@ 0x7c
10006e92:	0039      	movs	r1, r7
10006e94:	405d      	eors	r5, r3
10006e96:	4b0c      	ldr	r3, [pc, #48]	@ (10006ec8 <i2c_set_baudrate+0xb8>)
10006e98:	042d      	lsls	r5, r5, #16
10006e9a:	0c2d      	lsrs	r5, r5, #16
10006e9c:	18e3      	adds	r3, r4, r3
10006e9e:	601d      	str	r5, [r3, #0]
10006ea0:	2301      	movs	r3, #1
10006ea2:	0030      	movs	r0, r6
10006ea4:	66e3      	str	r3, [r4, #108]	@ 0x6c
10006ea6:	f7fa fd87 	bl	100019b8 <__wrap___aeabi_uidiv>
10006eaa:	bcf0      	pop	{r4, r5, r6, r7}
10006eac:	46bb      	mov	fp, r7
10006eae:	46b2      	mov	sl, r6
10006eb0:	46a9      	mov	r9, r5
10006eb2:	46a0      	mov	r8, r4
10006eb4:	bdf8      	pop	{r3, r4, r5, r6, r7, pc}
10006eb6:	4905      	ldr	r1, [pc, #20]	@ (10006ecc <i2c_set_baudrate+0xbc>)
10006eb8:	f7fa fd7e 	bl	100019b8 <__wrap___aeabi_uidiv>
10006ebc:	1c45      	adds	r5, r0, #1
10006ebe:	e7cc      	b.n	10006e5a <i2c_set_baudrate+0x4a>
10006ec0:	000f423f 	.word	0x000f423f
10006ec4:	00989680 	.word	0x00989680
10006ec8:	0000107c 	.word	0x0000107c
10006ecc:	017d7840 	.word	0x017d7840

10006ed0 <i2c_init>:
10006ed0:	4a0f      	ldr	r2, [pc, #60]	@ (10006f10 <i2c_init+0x40>)
10006ed2:	b570      	push	{r4, r5, r6, lr}
10006ed4:	1a82      	subs	r2, r0, r2
10006ed6:	1e53      	subs	r3, r2, #1
10006ed8:	419a      	sbcs	r2, r3
10006eda:	4b0e      	ldr	r3, [pc, #56]	@ (10006f14 <i2c_init+0x44>)
10006edc:	00d2      	lsls	r2, r2, #3
10006ede:	3208      	adds	r2, #8
10006ee0:	601a      	str	r2, [r3, #0]
10006ee2:	4b0d      	ldr	r3, [pc, #52]	@ (10006f18 <i2c_init+0x48>)
10006ee4:	4c0d      	ldr	r4, [pc, #52]	@ (10006f1c <i2c_init+0x4c>)
10006ee6:	601a      	str	r2, [r3, #0]
10006ee8:	0015      	movs	r5, r2
10006eea:	6823      	ldr	r3, [r4, #0]
10006eec:	439d      	bics	r5, r3
10006eee:	1e2b      	subs	r3, r5, #0
10006ef0:	d1fa      	bne.n	10006ee8 <i2c_init+0x18>
10006ef2:	2466      	movs	r4, #102	@ 0x66
10006ef4:	6802      	ldr	r2, [r0, #0]
10006ef6:	34ff      	adds	r4, #255	@ 0xff
10006ef8:	7105      	strb	r5, [r0, #4]
10006efa:	66d5      	str	r5, [r2, #108]	@ 0x6c
10006efc:	6014      	str	r4, [r2, #0]
10006efe:	3c63      	subs	r4, #99	@ 0x63
10006f00:	3388      	adds	r3, #136	@ 0x88
10006f02:	3cff      	subs	r4, #255	@ 0xff
10006f04:	63d5      	str	r5, [r2, #60]	@ 0x3c
10006f06:	6395      	str	r5, [r2, #56]	@ 0x38
10006f08:	50d4      	str	r4, [r2, r3]
10006f0a:	f7ff ff81 	bl	10006e10 <i2c_set_baudrate>
10006f0e:	bd70      	pop	{r4, r5, r6, pc}
10006f10:	20001058 	.word	0x20001058
10006f14:	4000e000 	.word	0x4000e000
10006f18:	4000f000 	.word	0x4000f000
10006f1c:	4000c008 	.word	0x4000c008

10006f20 <i2c_write_blocking>:
10006f20:	b510      	push	{r4, lr}
10006f22:	b082      	sub	sp, #8
10006f24:	466c      	mov	r4, sp
10006f26:	7c24      	ldrb	r4, [r4, #16]
10006f28:	9400      	str	r4, [sp, #0]
10006f2a:	f7ff fef5 	bl	10006d18 <i2c_write_blocking_internal.constprop.0>
10006f2e:	b002      	add	sp, #8
10006f30:	bd10      	pop	{r4, pc}
10006f32:	46c0      	nop			@ (mov r8, r8)

10006f34 <i2c_read_blocking>:
10006f34:	b510      	push	{r4, lr}
10006f36:	b082      	sub	sp, #8
10006f38:	466c      	mov	r4, sp
10006f3a:	7c24      	ldrb	r4, [r4, #16]
10006f3c:	9400      	str	r4, [sp, #0]
10006f3e:	f7ff fe9f 	bl	10006c80 <i2c_read_blocking_internal.constprop.0>
10006f42:	b002      	add	sp, #8
10006f44:	bd10      	pop	{r4, pc}
10006f46:	46c0      	nop			@ (mov r8, r8)

10006f48 <DEV_I2C_WriteByte>:
10006f48:	0013      	movs	r3, r2
10006f4a:	b510      	push	{r4, lr}
10006f4c:	b084      	sub	sp, #16
10006f4e:	aa03      	add	r2, sp, #12
10006f50:	7053      	strb	r3, [r2, #1]
10006f52:	2300      	movs	r3, #0
10006f54:	4c04      	ldr	r4, [pc, #16]	@ (10006f68 <DEV_I2C_WriteByte+0x20>)
10006f56:	7011      	strb	r1, [r2, #0]
10006f58:	0001      	movs	r1, r0
10006f5a:	9300      	str	r3, [sp, #0]
10006f5c:	0020      	movs	r0, r4
10006f5e:	3302      	adds	r3, #2
10006f60:	f7ff ffde 	bl	10006f20 <i2c_write_blocking>
10006f64:	b004      	add	sp, #16
10006f66:	bd10      	pop	{r4, pc}
10006f68:	20001058 	.word	0x20001058

10006f6c <DEV_I2C_ReadByte>:
10006f6c:	220f      	movs	r2, #15
10006f6e:	2301      	movs	r3, #1
10006f70:	b570      	push	{r4, r5, r6, lr}
10006f72:	4c0b      	ldr	r4, [pc, #44]	@ (10006fa0 <DEV_I2C_ReadByte+0x34>)
10006f74:	b086      	sub	sp, #24
10006f76:	446a      	add	r2, sp
10006f78:	7011      	strb	r1, [r2, #0]
10006f7a:	0005      	movs	r5, r0
10006f7c:	0001      	movs	r1, r0
10006f7e:	9300      	str	r3, [sp, #0]
10006f80:	0020      	movs	r0, r4
10006f82:	2617      	movs	r6, #23
10006f84:	f7ff ffcc 	bl	10006f20 <i2c_write_blocking>
10006f88:	2300      	movs	r3, #0
10006f8a:	446e      	add	r6, sp
10006f8c:	9300      	str	r3, [sp, #0]
10006f8e:	0032      	movs	r2, r6
10006f90:	0029      	movs	r1, r5
10006f92:	0020      	movs	r0, r4
10006f94:	3301      	adds	r3, #1
10006f96:	f7ff ffcd 	bl	10006f34 <i2c_read_blocking>
10006f9a:	7830      	ldrb	r0, [r6, #0]
10006f9c:	b006      	add	sp, #24
10006f9e:	bd70      	pop	{r4, r5, r6, pc}
10006fa0:	20001058 	.word	0x20001058

10006fa4 <DEV_Delay_ms>:
10006fa4:	b510      	push	{r4, lr}
10006fa6:	f7fa f8db 	bl	10001160 <sleep_ms>
10006faa:	bd10      	pop	{r4, pc}

10006fac <DEV_Module_Init>:
10006fac:	b510      	push	{r4, lr}
10006fae:	f7fd f9b5 	bl	1000431c <stdio_init_all>
10006fb2:	20fa      	movs	r0, #250	@ 0xfa
10006fb4:	0040      	lsls	r0, r0, #1
10006fb6:	f7fa f8d3 	bl	10001160 <sleep_ms>
10006fba:	4c12      	ldr	r4, [pc, #72]	@ (10007004 <DEV_Module_Init+0x58>)
10006fbc:	0020      	movs	r0, r4
10006fbe:	f7fd f9fb 	bl	100043b8 <__wrap_puts>
10006fc2:	0020      	movs	r0, r4
10006fc4:	f7fd f9f8 	bl	100043b8 <__wrap_puts>
10006fc8:	0020      	movs	r0, r4
10006fca:	f7fd f9f5 	bl	100043b8 <__wrap_puts>
10006fce:	490e      	ldr	r1, [pc, #56]	@ (10007008 <DEV_Module_Init+0x5c>)
10006fd0:	480e      	ldr	r0, [pc, #56]	@ (1000700c <DEV_Module_Init+0x60>)
10006fd2:	f7ff ff7d 	bl	10006ed0 <i2c_init>
10006fd6:	2103      	movs	r1, #3
10006fd8:	2014      	movs	r0, #20
10006fda:	f7f9 faa9 	bl	10000530 <gpio_set_function>
10006fde:	2103      	movs	r1, #3
10006fe0:	2015      	movs	r0, #21
10006fe2:	f7f9 faa5 	bl	10000530 <gpio_set_function>
10006fe6:	2200      	movs	r2, #0
10006fe8:	2101      	movs	r1, #1
10006fea:	2014      	movs	r0, #20
10006fec:	f7f9 faba 	bl	10000564 <gpio_set_pulls>
10006ff0:	2200      	movs	r2, #0
10006ff2:	2101      	movs	r1, #1
10006ff4:	2015      	movs	r0, #21
10006ff6:	f7f9 fab5 	bl	10000564 <gpio_set_pulls>
10006ffa:	4805      	ldr	r0, [pc, #20]	@ (10007010 <DEV_Module_Init+0x64>)
10006ffc:	f7fd f9dc 	bl	100043b8 <__wrap_puts>
10007000:	2000      	movs	r0, #0
10007002:	bd10      	pop	{r4, pc}
10007004:	10007628 	.word	0x10007628
10007008:	000493e0 	.word	0x000493e0
1000700c:	20001058 	.word	0x20001058
10007010:	10007638 	.word	0x10007638

10007014 <Motor_Init>:
10007014:	b510      	push	{r4, lr}
10007016:	2040      	movs	r0, #64	@ 0x40
10007018:	f000 f830 	bl	1000707c <PCA9685_Init>
1000701c:	2064      	movs	r0, #100	@ 0x64
1000701e:	f000 f837 	bl	10007090 <PCA9685_SetPWMFreq>
10007022:	bd10      	pop	{r4, pc}

10007024 <Motor_Run>:
10007024:	b5f8      	push	{r3, r4, r5, r6, r7, lr}
10007026:	000f      	movs	r7, r1
10007028:	1c11      	adds	r1, r2, #0
1000702a:	2a64      	cmp	r2, #100	@ 0x64
1000702c:	d900      	bls.n	10007030 <Motor_Run+0xc>
1000702e:	2164      	movs	r1, #100	@ 0x64
10007030:	0046      	lsls	r6, r0, #1
10007032:	4d0a      	ldr	r5, [pc, #40]	@ (1000705c <Motor_Run+0x38>)
10007034:	1836      	adds	r6, r6, r0
10007036:	00b6      	lsls	r6, r6, #2
10007038:	5da8      	ldrb	r0, [r5, r6]
1000703a:	b289      	uxth	r1, r1
1000703c:	f000 f87a 	bl	10007134 <PCA9685_SetPwmDutyCycle>
10007040:	4c07      	ldr	r4, [pc, #28]	@ (10007060 <Motor_Run+0x3c>)
10007042:	19ad      	adds	r5, r5, r6
10007044:	00ff      	lsls	r7, r7, #3
10007046:	5be1      	ldrh	r1, [r4, r7]
10007048:	7928      	ldrb	r0, [r5, #4]
1000704a:	19e4      	adds	r4, r4, r7
1000704c:	f000 f898 	bl	10007180 <PCA9685_SetLevel>
10007050:	7a28      	ldrb	r0, [r5, #8]
10007052:	88a1      	ldrh	r1, [r4, #4]
10007054:	f000 f894 	bl	10007180 <PCA9685_SetLevel>
10007058:	bdf8      	pop	{r3, r4, r5, r6, r7, pc}
1000705a:	46c0      	nop			@ (mov r8, r8)
1000705c:	20001070 	.word	0x20001070
10007060:	20001060 	.word	0x20001060

10007064 <Motor_Stop>:
10007064:	b510      	push	{r4, lr}
10007066:	0043      	lsls	r3, r0, #1
10007068:	4a03      	ldr	r2, [pc, #12]	@ (10007078 <Motor_Stop+0x14>)
1000706a:	181b      	adds	r3, r3, r0
1000706c:	009b      	lsls	r3, r3, #2
1000706e:	2100      	movs	r1, #0
10007070:	5cd0      	ldrb	r0, [r2, r3]
10007072:	f000 f85f 	bl	10007134 <PCA9685_SetPwmDutyCycle>
10007076:	bd10      	pop	{r4, pc}
10007078:	20001070 	.word	0x20001070

1000707c <PCA9685_Init>:
1000707c:	b510      	push	{r4, lr}
1000707e:	4b03      	ldr	r3, [pc, #12]	@ (1000708c <PCA9685_Init+0x10>)
10007080:	2200      	movs	r2, #0
10007082:	2100      	movs	r1, #0
10007084:	7018      	strb	r0, [r3, #0]
10007086:	f7ff ff5f 	bl	10006f48 <DEV_I2C_WriteByte>
1000708a:	bd10      	pop	{r4, pc}
1000708c:	20002139 	.word	0x20002139

10007090 <PCA9685_SetPWMFreq>:
10007090:	b5f8      	push	{r3, r4, r5, r6, r7, lr}
10007092:	f7fa ff6b 	bl	10001f6c <__wrap___aeabi_i2d>
10007096:	4a21      	ldr	r2, [pc, #132]	@ (1000711c <PCA9685_SetPWMFreq+0x8c>)
10007098:	4b21      	ldr	r3, [pc, #132]	@ (10007120 <PCA9685_SetPWMFreq+0x90>)
1000709a:	f7fa fef8 	bl	10001e8e <__wrap___aeabi_dmul>
1000709e:	f7fa ffa1 	bl	10001fe4 <__wrap___aeabi_d2uiz>
100070a2:	b280      	uxth	r0, r0
100070a4:	f7fa ff62 	bl	10001f6c <__wrap___aeabi_i2d>
100070a8:	0002      	movs	r2, r0
100070aa:	000b      	movs	r3, r1
100070ac:	2000      	movs	r0, #0
100070ae:	491d      	ldr	r1, [pc, #116]	@ (10007124 <PCA9685_SetPWMFreq+0x94>)
100070b0:	f7fa fecf 	bl	10001e52 <__wrap___aeabi_ddiv>
100070b4:	2200      	movs	r2, #0
100070b6:	4b1c      	ldr	r3, [pc, #112]	@ (10007128 <PCA9685_SetPWMFreq+0x98>)
100070b8:	f7fa feb9 	bl	10001e2e <__wrap___aeabi_dsub>
100070bc:	2200      	movs	r2, #0
100070be:	4b1b      	ldr	r3, [pc, #108]	@ (1000712c <PCA9685_SetPWMFreq+0x9c>)
100070c0:	f7fa febe 	bl	10001e40 <__wrap___aeabi_dadd>
100070c4:	f7fa ffec 	bl	100020a0 <__wrap_floor>
100070c8:	4c19      	ldr	r4, [pc, #100]	@ (10007130 <PCA9685_SetPWMFreq+0xa0>)
100070ca:	0006      	movs	r6, r0
100070cc:	000f      	movs	r7, r1
100070ce:	7820      	ldrb	r0, [r4, #0]
100070d0:	2100      	movs	r1, #0
100070d2:	f7ff ff4b 	bl	10006f6c <DEV_I2C_ReadByte>
100070d6:	226f      	movs	r2, #111	@ 0x6f
100070d8:	2310      	movs	r3, #16
100070da:	4002      	ands	r2, r0
100070dc:	431a      	orrs	r2, r3
100070de:	0005      	movs	r5, r0
100070e0:	2100      	movs	r1, #0
100070e2:	7820      	ldrb	r0, [r4, #0]
100070e4:	f7ff ff30 	bl	10006f48 <DEV_I2C_WriteByte>
100070e8:	0039      	movs	r1, r7
100070ea:	0030      	movs	r0, r6
100070ec:	f7fa ff7a 	bl	10001fe4 <__wrap___aeabi_d2uiz>
100070f0:	21fe      	movs	r1, #254	@ 0xfe
100070f2:	b2c2      	uxtb	r2, r0
100070f4:	7820      	ldrb	r0, [r4, #0]
100070f6:	f7ff ff27 	bl	10006f48 <DEV_I2C_WriteByte>
100070fa:	002a      	movs	r2, r5
100070fc:	2100      	movs	r1, #0
100070fe:	7820      	ldrb	r0, [r4, #0]
10007100:	f7ff ff22 	bl	10006f48 <DEV_I2C_WriteByte>
10007104:	2005      	movs	r0, #5
10007106:	f7ff ff4d 	bl	10006fa4 <DEV_Delay_ms>
1000710a:	2280      	movs	r2, #128	@ 0x80
1000710c:	4252      	negs	r2, r2
1000710e:	432a      	orrs	r2, r5
10007110:	2100      	movs	r1, #0
10007112:	7820      	ldrb	r0, [r4, #0]
10007114:	b2d2      	uxtb	r2, r2
10007116:	f7ff ff17 	bl	10006f48 <DEV_I2C_WriteByte>
1000711a:	bdf8      	pop	{r3, r4, r5, r6, r7, pc}
1000711c:	cccccccd 	.word	0xcccccccd
10007120:	3feccccc 	.word	0x3feccccc
10007124:	40b7d784 	.word	0x40b7d784
10007128:	3ff00000 	.word	0x3ff00000
1000712c:	3fe00000 	.word	0x3fe00000
10007130:	20002139 	.word	0x20002139

10007134 <PCA9685_SetPwmDutyCycle>:
10007134:	2328      	movs	r3, #40	@ 0x28
10007136:	b570      	push	{r4, r5, r6, lr}
10007138:	4359      	muls	r1, r3
1000713a:	0080      	lsls	r0, r0, #2
1000713c:	4e0f      	ldr	r6, [pc, #60]	@ (1000717c <PCA9685_SetPwmDutyCycle+0x48>)
1000713e:	b2c4      	uxtb	r4, r0
10007140:	000d      	movs	r5, r1
10007142:	1da1      	adds	r1, r4, #6
10007144:	7830      	ldrb	r0, [r6, #0]
10007146:	2200      	movs	r2, #0
10007148:	b2c9      	uxtb	r1, r1
1000714a:	f7ff fefd 	bl	10006f48 <DEV_I2C_WriteByte>
1000714e:	1de1      	adds	r1, r4, #7
10007150:	7830      	ldrb	r0, [r6, #0]
10007152:	2200      	movs	r2, #0
10007154:	b2c9      	uxtb	r1, r1
10007156:	f7ff fef7 	bl	10006f48 <DEV_I2C_WriteByte>
1000715a:	0021      	movs	r1, r4
1000715c:	3d01      	subs	r5, #1
1000715e:	b2ad      	uxth	r5, r5
10007160:	3108      	adds	r1, #8
10007162:	7830      	ldrb	r0, [r6, #0]
10007164:	b2ea      	uxtb	r2, r5
10007166:	b2c9      	uxtb	r1, r1
10007168:	3409      	adds	r4, #9
1000716a:	f7ff feed 	bl	10006f48 <DEV_I2C_WriteByte>
1000716e:	7830      	ldrb	r0, [r6, #0]
10007170:	0a2a      	lsrs	r2, r5, #8
10007172:	b2e1      	uxtb	r1, r4
10007174:	f7ff fee8 	bl	10006f48 <DEV_I2C_WriteByte>
10007178:	bd70      	pop	{r4, r5, r6, pc}
1000717a:	46c0      	nop			@ (mov r8, r8)
1000717c:	20002139 	.word	0x20002139

10007180 <PCA9685_SetLevel>:
10007180:	468c      	mov	ip, r1
10007182:	0080      	lsls	r0, r0, #2
10007184:	b5f8      	push	{r3, r4, r5, r6, r7, lr}
10007186:	b2c3      	uxtb	r3, r0
10007188:	001e      	movs	r6, r3
1000718a:	1d99      	adds	r1, r3, #6
1000718c:	1ddf      	adds	r7, r3, #7
1000718e:	3309      	adds	r3, #9
10007190:	b2dc      	uxtb	r4, r3
10007192:	4663      	mov	r3, ip
10007194:	4d16      	ldr	r5, [pc, #88]	@ (100071f0 <PCA9685_SetLevel+0x70>)
10007196:	3608      	adds	r6, #8
10007198:	2200      	movs	r2, #0
1000719a:	7828      	ldrb	r0, [r5, #0]
1000719c:	b2c9      	uxtb	r1, r1
1000719e:	b2ff      	uxtb	r7, r7
100071a0:	b2f6      	uxtb	r6, r6
100071a2:	2b01      	cmp	r3, #1
100071a4:	d011      	beq.n	100071ca <PCA9685_SetLevel+0x4a>
100071a6:	f7ff fecf 	bl	10006f48 <DEV_I2C_WriteByte>
100071aa:	2200      	movs	r2, #0
100071ac:	0039      	movs	r1, r7
100071ae:	7828      	ldrb	r0, [r5, #0]
100071b0:	f7ff feca 	bl	10006f48 <DEV_I2C_WriteByte>
100071b4:	2200      	movs	r2, #0
100071b6:	0031      	movs	r1, r6
100071b8:	7828      	ldrb	r0, [r5, #0]
100071ba:	f7ff fec5 	bl	10006f48 <DEV_I2C_WriteByte>
100071be:	2200      	movs	r2, #0
100071c0:	0021      	movs	r1, r4
100071c2:	7828      	ldrb	r0, [r5, #0]
100071c4:	f7ff fec0 	bl	10006f48 <DEV_I2C_WriteByte>
100071c8:	bdf8      	pop	{r3, r4, r5, r6, r7, pc}
100071ca:	f7ff febd 	bl	10006f48 <DEV_I2C_WriteByte>
100071ce:	0039      	movs	r1, r7
100071d0:	7828      	ldrb	r0, [r5, #0]
100071d2:	2200      	movs	r2, #0
100071d4:	f7ff feb8 	bl	10006f48 <DEV_I2C_WriteByte>
100071d8:	0031      	movs	r1, r6
100071da:	7828      	ldrb	r0, [r5, #0]
100071dc:	22ff      	movs	r2, #255	@ 0xff
100071de:	f7ff feb3 	bl	10006f48 <DEV_I2C_WriteByte>
100071e2:	220f      	movs	r2, #15
100071e4:	0021      	movs	r1, r4
100071e6:	7828      	ldrb	r0, [r5, #0]
100071e8:	f7ff feae 	bl	10006f48 <DEV_I2C_WriteByte>
100071ec:	e7ec      	b.n	100071c8 <PCA9685_SetLevel+0x48>
100071ee:	46c0      	nop			@ (mov r8, r8)
100071f0:	20002139 	.word	0x20002139

100071f4 <atexit>:
100071f4:	b510      	push	{r4, lr}
100071f6:	0001      	movs	r1, r0
100071f8:	2300      	movs	r3, #0
100071fa:	2200      	movs	r2, #0
100071fc:	2000      	movs	r0, #0
100071fe:	f000 f847 	bl	10007290 <__register_exitproc>
10007202:	bd10      	pop	{r4, pc}

10007204 <__libc_fini_array>:
10007204:	b570      	push	{r4, r5, r6, lr}
10007206:	4c07      	ldr	r4, [pc, #28]	@ (10007224 <__libc_fini_array+0x20>)
10007208:	4d07      	ldr	r5, [pc, #28]	@ (10007228 <__libc_fini_array+0x24>)
1000720a:	1b64      	subs	r4, r4, r5
1000720c:	10a4      	asrs	r4, r4, #2
1000720e:	d005      	beq.n	1000721c <__libc_fini_array+0x18>
10007210:	3c01      	subs	r4, #1
10007212:	00a3      	lsls	r3, r4, #2
10007214:	58eb      	ldr	r3, [r5, r3]
10007216:	4798      	blx	r3
10007218:	2c00      	cmp	r4, #0
1000721a:	d1f9      	bne.n	10007210 <__libc_fini_array+0xc>
1000721c:	f000 f898 	bl	10007350 <_fini>
10007220:	bd70      	pop	{r4, r5, r6, pc}
10007222:	46c0      	nop			@ (mov r8, r8)
10007224:	10007460 	.word	0x10007460
10007228:	10007460 	.word	0x10007460

1000722c <__retarget_lock_acquire_recursive>:
1000722c:	4770      	bx	lr
1000722e:	46c0      	nop			@ (mov r8, r8)

10007230 <__retarget_lock_release_recursive>:
10007230:	4770      	bx	lr
10007232:	46c0      	nop			@ (mov r8, r8)

10007234 <strlen>:
10007234:	b510      	push	{r4, lr}
10007236:	0783      	lsls	r3, r0, #30
10007238:	d00a      	beq.n	10007250 <strlen+0x1c>
1000723a:	0003      	movs	r3, r0
1000723c:	2103      	movs	r1, #3
1000723e:	e002      	b.n	10007246 <strlen+0x12>
10007240:	3301      	adds	r3, #1
10007242:	420b      	tst	r3, r1
10007244:	d005      	beq.n	10007252 <strlen+0x1e>
10007246:	781a      	ldrb	r2, [r3, #0]
10007248:	2a00      	cmp	r2, #0
1000724a:	d1f9      	bne.n	10007240 <strlen+0xc>
1000724c:	1a18      	subs	r0, r3, r0
1000724e:	bd10      	pop	{r4, pc}
10007250:	0003      	movs	r3, r0
10007252:	6819      	ldr	r1, [r3, #0]
10007254:	4a0c      	ldr	r2, [pc, #48]	@ (10007288 <strlen+0x54>)
10007256:	4c0d      	ldr	r4, [pc, #52]	@ (1000728c <strlen+0x58>)
10007258:	188a      	adds	r2, r1, r2
1000725a:	438a      	bics	r2, r1
1000725c:	4222      	tst	r2, r4
1000725e:	d10f      	bne.n	10007280 <strlen+0x4c>
10007260:	6859      	ldr	r1, [r3, #4]
10007262:	4a09      	ldr	r2, [pc, #36]	@ (10007288 <strlen+0x54>)
10007264:	3304      	adds	r3, #4
10007266:	188a      	adds	r2, r1, r2
10007268:	438a      	bics	r2, r1
1000726a:	4222      	tst	r2, r4
1000726c:	d108      	bne.n	10007280 <strlen+0x4c>
1000726e:	6859      	ldr	r1, [r3, #4]
10007270:	4a05      	ldr	r2, [pc, #20]	@ (10007288 <strlen+0x54>)
10007272:	3304      	adds	r3, #4
10007274:	188a      	adds	r2, r1, r2
10007276:	438a      	bics	r2, r1
10007278:	4222      	tst	r2, r4
1000727a:	d0f1      	beq.n	10007260 <strlen+0x2c>
1000727c:	e000      	b.n	10007280 <strlen+0x4c>
1000727e:	3301      	adds	r3, #1
10007280:	781a      	ldrb	r2, [r3, #0]
10007282:	2a00      	cmp	r2, #0
10007284:	d1fb      	bne.n	1000727e <strlen+0x4a>
10007286:	e7e1      	b.n	1000724c <strlen+0x18>
10007288:	fefefeff 	.word	0xfefefeff
1000728c:	80808080 	.word	0x80808080

10007290 <__register_exitproc>:
10007290:	b5f0      	push	{r4, r5, r6, r7, lr}
10007292:	46d6      	mov	lr, sl
10007294:	464f      	mov	r7, r9
10007296:	4646      	mov	r6, r8
10007298:	4698      	mov	r8, r3
1000729a:	4b24      	ldr	r3, [pc, #144]	@ (1000732c <__register_exitproc+0x9c>)
1000729c:	b5c0      	push	{r6, r7, lr}
1000729e:	0006      	movs	r6, r0
100072a0:	6818      	ldr	r0, [r3, #0]
100072a2:	469a      	mov	sl, r3
100072a4:	000f      	movs	r7, r1
100072a6:	4691      	mov	r9, r2
100072a8:	f7ff ffc0 	bl	1000722c <__retarget_lock_acquire_recursive>
100072ac:	4b20      	ldr	r3, [pc, #128]	@ (10007330 <__register_exitproc+0xa0>)
100072ae:	681d      	ldr	r5, [r3, #0]
100072b0:	2d00      	cmp	r5, #0
100072b2:	d032      	beq.n	1000731a <__register_exitproc+0x8a>
100072b4:	4653      	mov	r3, sl
100072b6:	686c      	ldr	r4, [r5, #4]
100072b8:	6818      	ldr	r0, [r3, #0]
100072ba:	2c1f      	cmp	r4, #31
100072bc:	dc30      	bgt.n	10007320 <__register_exitproc+0x90>
100072be:	2e00      	cmp	r6, #0
100072c0:	d10c      	bne.n	100072dc <__register_exitproc+0x4c>
100072c2:	1c63      	adds	r3, r4, #1
100072c4:	3402      	adds	r4, #2
100072c6:	00a4      	lsls	r4, r4, #2
100072c8:	606b      	str	r3, [r5, #4]
100072ca:	5167      	str	r7, [r4, r5]
100072cc:	f7ff ffb0 	bl	10007230 <__retarget_lock_release_recursive>
100072d0:	2000      	movs	r0, #0
100072d2:	bce0      	pop	{r5, r6, r7}
100072d4:	46ba      	mov	sl, r7
100072d6:	46b1      	mov	r9, r6
100072d8:	46a8      	mov	r8, r5
100072da:	bdf0      	pop	{r4, r5, r6, r7, pc}
100072dc:	4649      	mov	r1, r9
100072de:	2288      	movs	r2, #136	@ 0x88
100072e0:	00a3      	lsls	r3, r4, #2
100072e2:	18eb      	adds	r3, r5, r3
100072e4:	5099      	str	r1, [r3, r2]
100072e6:	21c4      	movs	r1, #196	@ 0xc4
100072e8:	0049      	lsls	r1, r1, #1
100072ea:	468c      	mov	ip, r1
100072ec:	44ac      	add	ip, r5
100072ee:	4661      	mov	r1, ip
100072f0:	3a87      	subs	r2, #135	@ 0x87
100072f2:	40a2      	lsls	r2, r4
100072f4:	6809      	ldr	r1, [r1, #0]
100072f6:	4691      	mov	r9, r2
100072f8:	4311      	orrs	r1, r2
100072fa:	4662      	mov	r2, ip
100072fc:	6011      	str	r1, [r2, #0]
100072fe:	2184      	movs	r1, #132	@ 0x84
10007300:	4642      	mov	r2, r8
10007302:	0049      	lsls	r1, r1, #1
10007304:	505a      	str	r2, [r3, r1]
10007306:	2e02      	cmp	r6, #2
10007308:	d1db      	bne.n	100072c2 <__register_exitproc+0x32>
1000730a:	0029      	movs	r1, r5
1000730c:	464a      	mov	r2, r9
1000730e:	318d      	adds	r1, #141	@ 0x8d
10007310:	31ff      	adds	r1, #255	@ 0xff
10007312:	680b      	ldr	r3, [r1, #0]
10007314:	4313      	orrs	r3, r2
10007316:	600b      	str	r3, [r1, #0]
10007318:	e7d3      	b.n	100072c2 <__register_exitproc+0x32>
1000731a:	4d06      	ldr	r5, [pc, #24]	@ (10007334 <__register_exitproc+0xa4>)
1000731c:	601d      	str	r5, [r3, #0]
1000731e:	e7c9      	b.n	100072b4 <__register_exitproc+0x24>
10007320:	f7ff ff86 	bl	10007230 <__retarget_lock_release_recursive>
10007324:	2001      	movs	r0, #1
10007326:	4240      	negs	r0, r0
10007328:	e7d3      	b.n	100072d2 <__register_exitproc+0x42>
1000732a:	46c0      	nop			@ (mov r8, r8)
1000732c:	200010a0 	.word	0x200010a0
10007330:	20001438 	.word	0x20001438
10007334:	2000143c 	.word	0x2000143c

10007338 <register_fini>:
10007338:	4b03      	ldr	r3, [pc, #12]	@ (10007348 <register_fini+0x10>)
1000733a:	b510      	push	{r4, lr}
1000733c:	2b00      	cmp	r3, #0
1000733e:	d002      	beq.n	10007346 <register_fini+0xe>
10007340:	4802      	ldr	r0, [pc, #8]	@ (1000734c <register_fini+0x14>)
10007342:	f7ff ff57 	bl	100071f4 <atexit>
10007346:	bd10      	pop	{r4, pc}
10007348:	00000000 	.word	0x00000000
1000734c:	10007205 	.word	0x10007205

10007350 <_fini>:
10007350:	b5f8      	push	{r3, r4, r5, r6, r7, lr}
10007352:	46c0      	nop			@ (mov r8, r8)
10007354:	0000      	movs	r0, r0
	...

10007358 <__e15_is_critical_frame_period_veneer>:
10007358:	b401      	push	{r0}
1000735a:	4802      	ldr	r0, [pc, #8]	@ (10007364 <__e15_is_critical_frame_period_veneer+0xc>)
1000735c:	4684      	mov	ip, r0
1000735e:	bc01      	pop	{r0}
10007360:	4760      	bx	ip
10007362:	bf00      	nop
10007364:	20000bf5 	.word	0x20000bf5

10007368 <__flash_do_cmd_veneer>:
10007368:	b401      	push	{r0}
1000736a:	4802      	ldr	r0, [pc, #8]	@ (10007374 <__flash_do_cmd_veneer+0xc>)
1000736c:	4684      	mov	ip, r0
1000736e:	bc01      	pop	{r0}
10007370:	4760      	bx	ip
10007372:	bf00      	nop
10007374:	200002c1 	.word	0x200002c1

10007378 <__mutex_exit_veneer>:
10007378:	b401      	push	{r0}
1000737a:	4802      	ldr	r0, [pc, #8]	@ (10007384 <__mutex_exit_veneer+0xc>)
1000737c:	4684      	mov	ip, r0
1000737e:	bc01      	pop	{r0}
10007380:	4760      	bx	ip
10007382:	bf00      	nop
10007384:	20000225 	.word	0x20000225

10007388 <____aeabi_ldiv0_veneer>:
10007388:	b401      	push	{r0}
1000738a:	4802      	ldr	r0, [pc, #8]	@ (10007394 <____aeabi_ldiv0_veneer+0xc>)
1000738c:	4684      	mov	ip, r0
1000738e:	bc01      	pop	{r0}
10007390:	4760      	bx	ip
10007392:	bf00      	nop
10007394:	20000f11 	.word	0x20000f11

10007398 <__reset_non_control_endpoints_veneer>:
10007398:	b401      	push	{r0}
1000739a:	4802      	ldr	r0, [pc, #8]	@ (100073a4 <__reset_non_control_endpoints_veneer+0xc>)
1000739c:	4684      	mov	ip, r0
1000739e:	bc01      	pop	{r0}
100073a0:	4760      	bx	ip
100073a2:	bf00      	nop
100073a4:	200003f1 	.word	0x200003f1

100073a8 <____aeabi_idiv0_veneer>:
100073a8:	b401      	push	{r0}
100073aa:	4802      	ldr	r0, [pc, #8]	@ (100073b4 <____aeabi_idiv0_veneer+0xc>)
100073ac:	4684      	mov	ip, r0
100073ae:	bc01      	pop	{r0}
100073b0:	4760      	bx	ip
100073b2:	bf00      	nop
100073b4:	20000f11 	.word	0x20000f11

100073b8 <__e15_is_bulkin_ep_veneer>:
100073b8:	b401      	push	{r0}
100073ba:	4802      	ldr	r0, [pc, #8]	@ (100073c4 <__e15_is_bulkin_ep_veneer+0xc>)
100073bc:	4684      	mov	ip, r0
100073be:	bc01      	pop	{r0}
100073c0:	4760      	bx	ip
100073c2:	bf00      	nop
100073c4:	20000bcd 	.word	0x20000bcd

100073c8 <__mutex_try_enter_veneer>:
100073c8:	b401      	push	{r0}
100073ca:	4802      	ldr	r0, [pc, #8]	@ (100073d4 <__mutex_try_enter_veneer+0xc>)
100073cc:	4684      	mov	ip, r0
100073ce:	bc01      	pop	{r0}
100073d0:	4760      	bx	ip
100073d2:	bf00      	nop
100073d4:	200000c1 	.word	0x200000c1

100073d8 <__mutex_enter_timeout_ms_veneer>:
100073d8:	b401      	push	{r0}
100073da:	4802      	ldr	r0, [pc, #8]	@ (100073e4 <__mutex_enter_timeout_ms_veneer+0xc>)
100073dc:	4684      	mov	ip, r0
100073de:	bc01      	pop	{r0}
100073e0:	4760      	bx	ip
100073e2:	bf00      	nop
100073e4:	20000199 	.word	0x20000199

100073e8 <__mutex_try_enter_block_until_veneer>:
100073e8:	b401      	push	{r0}
100073ea:	4802      	ldr	r0, [pc, #8]	@ (100073f4 <__mutex_try_enter_block_until_veneer+0xc>)
100073ec:	4684      	mov	ip, r0
100073ee:	bc01      	pop	{r0}
100073f0:	4760      	bx	ip
100073f2:	bf00      	nop
100073f4:	20000101 	.word	0x20000101

100073f8 <__hw_endpoint_start_next_buffer_veneer>:
100073f8:	b401      	push	{r0}
100073fa:	4802      	ldr	r0, [pc, #8]	@ (10007404 <__hw_endpoint_start_next_buffer_veneer+0xc>)
100073fc:	4684      	mov	ip, r0
100073fe:	bc01      	pop	{r0}
10007400:	4760      	bx	ip
10007402:	bf00      	nop
10007404:	20000c85 	.word	0x20000c85

10007408 <___hw_endpoint_buffer_control_update32_veneer>:
10007408:	b401      	push	{r0}
1000740a:	4802      	ldr	r0, [pc, #8]	@ (10007414 <___hw_endpoint_buffer_control_update32_veneer+0xc>)
1000740c:	4684      	mov	ip, r0
1000740e:	bc01      	pop	{r0}
10007410:	4760      	bx	ip
10007412:	bf00      	nop
10007414:	20000c35 	.word	0x20000c35

10007418 <__pre_init_runtime_init_early_resets>:
10007418:	100017e1                                ....

1000741c <__pre_init_runtime_init_usb_power_down>:
1000741c:	1000180d 10001959 10002779 10001ffd     ....Y...y'......
1000742c:	100026e9                                .&..

10007430 <__pre_init_runtime_init_clocks>:
10007430:	10001881                                ....

10007434 <__pre_init_runtime_init_post_clock_resets>:
10007434:	10001829                                )...

10007438 <__pre_init_runtime_init_rp2040_gpio_ie_disable>:
10007438:	10001849                                I...

1000743c <__pre_init_runtime_init_spin_locks_reset>:
1000743c:	1000185d                                ]...

10007440 <__pre_init_runtime_init_mutex>:
10007440:	10000ab9                                ....

10007444 <__pre_init_runtime_init_install_ram_vector_table>:
10007444:	10001865                                e...

10007448 <__pre_init_runtime_init_default_alarm_pool>:
10007448:	10000e85                                ....

1000744c <__pre_init_first_per_core_initializer>:
1000744c:	100017a9                                ....

10007450 <__pre_init_runtime_init_per_core_irq_priorities>:
10007450:	100006ed                                ....

10007454 <__init_array_start>:
10007454:	10007339 	.word	0x10007339

10007458 <__frame_dummy_init_array_entry>:
10007458:	10000289 10004a75                       ....uJ..

Disassembly of section .data:

200000c0 <mutex_try_enter>:
200000c0:	0003      	movs	r3, r0
200000c2:	6800      	ldr	r0, [r0, #0]
200000c4:	f3ef 8c10 	mrs	ip, PRIMASK
200000c8:	b672      	cpsid	i
200000ca:	6802      	ldr	r2, [r0, #0]
200000cc:	2a00      	cmp	r2, #0
200000ce:	d0fc      	beq.n	200000ca <mutex_try_enter+0xa>
200000d0:	f3bf 8f5f 	dmb	sy
200000d4:	2204      	movs	r2, #4
200000d6:	569a      	ldrsb	r2, [r3, r2]
200000d8:	2a00      	cmp	r2, #0
200000da:	db0b      	blt.n	200000f4 <mutex_try_enter+0x34>
200000dc:	2900      	cmp	r1, #0
200000de:	d000      	beq.n	200000e2 <mutex_try_enter+0x22>
200000e0:	600a      	str	r2, [r1, #0]
200000e2:	2000      	movs	r0, #0
200000e4:	681b      	ldr	r3, [r3, #0]
200000e6:	f3bf 8f5f 	dmb	sy
200000ea:	2200      	movs	r2, #0
200000ec:	601a      	str	r2, [r3, #0]
200000ee:	f38c 8810 	msr	PRIMASK, ip
200000f2:	4770      	bx	lr
200000f4:	22d0      	movs	r2, #208	@ 0xd0
200000f6:	0612      	lsls	r2, r2, #24
200000f8:	6812      	ldr	r2, [r2, #0]
200000fa:	2001      	movs	r0, #1
200000fc:	711a      	strb	r2, [r3, #4]
200000fe:	e7f1      	b.n	200000e4 <mutex_try_enter+0x24>

20000100 <mutex_try_enter_block_until>:
20000100:	b5f0      	push	{r4, r5, r6, r7, lr}
20000102:	46c6      	mov	lr, r8
20000104:	0015      	movs	r5, r2
20000106:	b500      	push	{lr}
20000108:	0004      	movs	r4, r0
2000010a:	001e      	movs	r6, r3
2000010c:	6802      	ldr	r2, [r0, #0]
2000010e:	f3ef 8110 	mrs	r1, PRIMASK
20000112:	b672      	cpsid	i
20000114:	6813      	ldr	r3, [r2, #0]
20000116:	2b00      	cmp	r3, #0
20000118:	d0fc      	beq.n	20000114 <mutex_try_enter_block_until+0x14>
2000011a:	f3bf 8f5f 	dmb	sy
2000011e:	2304      	movs	r3, #4
20000120:	56e3      	ldrsb	r3, [r4, r3]
20000122:	6822      	ldr	r2, [r4, #0]
20000124:	2b00      	cmp	r3, #0
20000126:	db2b      	blt.n	20000180 <mutex_try_enter_block_until+0x80>
20000128:	f3bf 8f5f 	dmb	sy
2000012c:	2000      	movs	r0, #0
2000012e:	6010      	str	r0, [r2, #0]
20000130:	f381 8810 	msr	PRIMASK, r1
20000134:	22d0      	movs	r2, #208	@ 0xd0
20000136:	0612      	lsls	r2, r2, #24
20000138:	7812      	ldrb	r2, [r2, #0]
2000013a:	2700      	movs	r7, #0
2000013c:	b252      	sxtb	r2, r2
2000013e:	4690      	mov	r8, r2
20000140:	429a      	cmp	r2, r3
20000142:	d10e      	bne.n	20000162 <mutex_try_enter_block_until+0x62>
20000144:	2000      	movs	r0, #0
20000146:	bc80      	pop	{r7}
20000148:	46b8      	mov	r8, r7
2000014a:	bdf0      	pop	{r4, r5, r6, r7, pc}
2000014c:	f3bf 8f5f 	dmb	sy
20000150:	6017      	str	r7, [r2, #0]
20000152:	f381 8810 	msr	PRIMASK, r1
20000156:	0028      	movs	r0, r5
20000158:	0031      	movs	r1, r6
2000015a:	f000 fedd 	bl	20000f18 <__best_effort_wfe_or_timeout_veneer>
2000015e:	2800      	cmp	r0, #0
20000160:	d1f0      	bne.n	20000144 <mutex_try_enter_block_until+0x44>
20000162:	6822      	ldr	r2, [r4, #0]
20000164:	f3ef 8110 	mrs	r1, PRIMASK
20000168:	b672      	cpsid	i
2000016a:	6813      	ldr	r3, [r2, #0]
2000016c:	2b00      	cmp	r3, #0
2000016e:	d0fc      	beq.n	2000016a <mutex_try_enter_block_until+0x6a>
20000170:	f3bf 8f5f 	dmb	sy
20000174:	7923      	ldrb	r3, [r4, #4]
20000176:	6822      	ldr	r2, [r4, #0]
20000178:	2b7f      	cmp	r3, #127	@ 0x7f
2000017a:	d9e7      	bls.n	2000014c <mutex_try_enter_block_until+0x4c>
2000017c:	4643      	mov	r3, r8
2000017e:	e002      	b.n	20000186 <mutex_try_enter_block_until+0x86>
20000180:	23d0      	movs	r3, #208	@ 0xd0
20000182:	061b      	lsls	r3, r3, #24
20000184:	681b      	ldr	r3, [r3, #0]
20000186:	7123      	strb	r3, [r4, #4]
20000188:	f3bf 8f5f 	dmb	sy
2000018c:	2300      	movs	r3, #0
2000018e:	6013      	str	r3, [r2, #0]
20000190:	f381 8810 	msr	PRIMASK, r1
20000194:	2001      	movs	r0, #1
20000196:	e7d6      	b.n	20000146 <mutex_try_enter_block_until+0x46>

20000198 <mutex_enter_timeout_ms>:
20000198:	b5f0      	push	{r4, r5, r6, r7, lr}
2000019a:	46c6      	mov	lr, r8
2000019c:	b500      	push	{lr}
2000019e:	000d      	movs	r5, r1
200001a0:	0004      	movs	r4, r0
200001a2:	f000 fec9 	bl	20000f38 <__time_us_64_veneer>
200001a6:	22fa      	movs	r2, #250	@ 0xfa
200001a8:	0006      	movs	r6, r0
200001aa:	000f      	movs	r7, r1
200001ac:	2300      	movs	r3, #0
200001ae:	0028      	movs	r0, r5
200001b0:	2100      	movs	r1, #0
200001b2:	0092      	lsls	r2, r2, #2
200001b4:	f000 fec8 	bl	20000f48 <____wrap___aeabi_lmul_veneer>
200001b8:	1836      	adds	r6, r6, r0
200001ba:	414f      	adcs	r7, r1
200001bc:	2f00      	cmp	r7, #0
200001be:	da02      	bge.n	200001c6 <mutex_enter_timeout_ms+0x2e>
200001c0:	2601      	movs	r6, #1
200001c2:	4f17      	ldr	r7, [pc, #92]	@ (20000220 <mutex_enter_timeout_ms+0x88>)
200001c4:	4276      	negs	r6, r6
200001c6:	23d0      	movs	r3, #208	@ 0xd0
200001c8:	061b      	lsls	r3, r3, #24
200001ca:	681b      	ldr	r3, [r3, #0]
200001cc:	2500      	movs	r5, #0
200001ce:	4698      	mov	r8, r3
200001d0:	e00a      	b.n	200001e8 <mutex_enter_timeout_ms+0x50>
200001d2:	f3bf 8f5f 	dmb	sy
200001d6:	6015      	str	r5, [r2, #0]
200001d8:	f381 8810 	msr	PRIMASK, r1
200001dc:	0030      	movs	r0, r6
200001de:	0039      	movs	r1, r7
200001e0:	f000 fe9a 	bl	20000f18 <__best_effort_wfe_or_timeout_veneer>
200001e4:	2800      	cmp	r0, #0
200001e6:	d118      	bne.n	2000021a <mutex_enter_timeout_ms+0x82>
200001e8:	6822      	ldr	r2, [r4, #0]
200001ea:	f3ef 8110 	mrs	r1, PRIMASK
200001ee:	b672      	cpsid	i
200001f0:	6813      	ldr	r3, [r2, #0]
200001f2:	2b00      	cmp	r3, #0
200001f4:	d0fc      	beq.n	200001f0 <mutex_enter_timeout_ms+0x58>
200001f6:	f3bf 8f5f 	dmb	sy
200001fa:	7923      	ldrb	r3, [r4, #4]
200001fc:	6822      	ldr	r2, [r4, #0]
200001fe:	2b7f      	cmp	r3, #127	@ 0x7f
20000200:	d9e7      	bls.n	200001d2 <mutex_enter_timeout_ms+0x3a>
20000202:	4643      	mov	r3, r8
20000204:	7123      	strb	r3, [r4, #4]
20000206:	f3bf 8f5f 	dmb	sy
2000020a:	2300      	movs	r3, #0
2000020c:	6013      	str	r3, [r2, #0]
2000020e:	f381 8810 	msr	PRIMASK, r1
20000212:	2001      	movs	r0, #1
20000214:	bc80      	pop	{r7}
20000216:	46b8      	mov	r8, r7
20000218:	bdf0      	pop	{r4, r5, r6, r7, pc}
2000021a:	2000      	movs	r0, #0
2000021c:	e7fa      	b.n	20000214 <mutex_enter_timeout_ms+0x7c>
2000021e:	46c0      	nop			@ (mov r8, r8)
20000220:	7fffffff 	.word	0x7fffffff

20000224 <mutex_exit>:
20000224:	6802      	ldr	r2, [r0, #0]
20000226:	f3ef 8110 	mrs	r1, PRIMASK
2000022a:	b672      	cpsid	i
2000022c:	6813      	ldr	r3, [r2, #0]
2000022e:	2b00      	cmp	r3, #0
20000230:	d0fc      	beq.n	2000022c <mutex_exit+0x8>
20000232:	f3bf 8f5f 	dmb	sy
20000236:	23ff      	movs	r3, #255	@ 0xff
20000238:	7103      	strb	r3, [r0, #4]
2000023a:	6803      	ldr	r3, [r0, #0]
2000023c:	f3bf 8f5f 	dmb	sy
20000240:	2200      	movs	r2, #0
20000242:	601a      	str	r2, [r3, #0]
20000244:	f381 8810 	msr	PRIMASK, r1
20000248:	bf40      	sev
2000024a:	4770      	bx	lr

2000024c <flash_init_boot2_copyout>:
2000024c:	b510      	push	{r4, lr}
2000024e:	4c08      	ldr	r4, [pc, #32]	@ (20000270 <flash_init_boot2_copyout+0x24>)
20000250:	7823      	ldrb	r3, [r4, #0]
20000252:	2b00      	cmp	r3, #0
20000254:	d10a      	bne.n	2000026c <flash_init_boot2_copyout+0x20>
20000256:	2380      	movs	r3, #128	@ 0x80
20000258:	4806      	ldr	r0, [pc, #24]	@ (20000274 <flash_init_boot2_copyout+0x28>)
2000025a:	4907      	ldr	r1, [pc, #28]	@ (20000278 <flash_init_boot2_copyout+0x2c>)
2000025c:	055b      	lsls	r3, r3, #21
2000025e:	681a      	ldr	r2, [r3, #0]
20000260:	50c2      	str	r2, [r0, r3]
20000262:	3304      	adds	r3, #4
20000264:	428b      	cmp	r3, r1
20000266:	d1fa      	bne.n	2000025e <flash_init_boot2_copyout+0x12>
20000268:	2301      	movs	r3, #1
2000026a:	7023      	strb	r3, [r4, #0]
2000026c:	bd10      	pop	{r4, pc}
2000026e:	46c0      	nop			@ (mov r8, r8)
20000270:	2000213d 	.word	0x2000213d
20000274:	10001b68 	.word	0x10001b68
20000278:	10000100 	.word	0x10000100

2000027c <flash_enable_xip_via_boot2>:
2000027c:	b510      	push	{r4, lr}
2000027e:	4b01      	ldr	r3, [pc, #4]	@ (20000284 <flash_enable_xip_via_boot2+0x8>)
20000280:	4798      	blx	r3
20000282:	bd10      	pop	{r4, pc}
20000284:	20001b69 	.word	0x20001b69

20000288 <flash_cs_force.constprop.0>:
20000288:	4b03      	ldr	r3, [pc, #12]	@ (20000298 <flash_cs_force.constprop.0+0x10>)
2000028a:	681a      	ldr	r2, [r3, #0]
2000028c:	23c0      	movs	r3, #192	@ 0xc0
2000028e:	009b      	lsls	r3, r3, #2
20000290:	4393      	bics	r3, r2
20000292:	4a02      	ldr	r2, [pc, #8]	@ (2000029c <flash_cs_force.constprop.0+0x14>)
20000294:	6013      	str	r3, [r2, #0]
20000296:	4770      	bx	lr
20000298:	4001800c 	.word	0x4001800c
2000029c:	4001900c 	.word	0x4001900c

200002a0 <flash_cs_force.constprop.1>:
200002a0:	4b05      	ldr	r3, [pc, #20]	@ (200002b8 <flash_cs_force.constprop.1+0x18>)
200002a2:	681a      	ldr	r2, [r3, #0]
200002a4:	2380      	movs	r3, #128	@ 0x80
200002a6:	009b      	lsls	r3, r3, #2
200002a8:	4053      	eors	r3, r2
200002aa:	22c0      	movs	r2, #192	@ 0xc0
200002ac:	0092      	lsls	r2, r2, #2
200002ae:	4013      	ands	r3, r2
200002b0:	4a02      	ldr	r2, [pc, #8]	@ (200002bc <flash_cs_force.constprop.1+0x1c>)
200002b2:	6013      	str	r3, [r2, #0]
200002b4:	4770      	bx	lr
200002b6:	46c0      	nop			@ (mov r8, r8)
200002b8:	4001800c 	.word	0x4001800c
200002bc:	4001900c 	.word	0x4001900c

200002c0 <flash_do_cmd>:
200002c0:	2300      	movs	r3, #0
200002c2:	b5f0      	push	{r4, r5, r6, r7, lr}
200002c4:	46de      	mov	lr, fp
200002c6:	4657      	mov	r7, sl
200002c8:	464e      	mov	r6, r9
200002ca:	4645      	mov	r5, r8
200002cc:	469a      	mov	sl, r3
200002ce:	b5e0      	push	{r5, r6, r7, lr}
200002d0:	b083      	sub	sp, #12
200002d2:	9001      	str	r0, [sp, #4]
200002d4:	000e      	movs	r6, r1
200002d6:	8a98      	ldrh	r0, [r3, #20]
200002d8:	4942      	ldr	r1, [pc, #264]	@ (200003e4 <flash_do_cmd+0x124>)
200002da:	8b1b      	ldrh	r3, [r3, #24]
200002dc:	0014      	movs	r4, r2
200002de:	4798      	blx	r3
200002e0:	4653      	mov	r3, sl
200002e2:	4681      	mov	r9, r0
200002e4:	4940      	ldr	r1, [pc, #256]	@ (200003e8 <flash_do_cmd+0x128>)
200002e6:	8a98      	ldrh	r0, [r3, #20]
200002e8:	8b1b      	ldrh	r3, [r3, #24]
200002ea:	4798      	blx	r3
200002ec:	4653      	mov	r3, sl
200002ee:	493f      	ldr	r1, [pc, #252]	@ (200003ec <flash_do_cmd+0x12c>)
200002f0:	0005      	movs	r5, r0
200002f2:	8a98      	ldrh	r0, [r3, #20]
200002f4:	8b1b      	ldrh	r3, [r3, #24]
200002f6:	4798      	blx	r3
200002f8:	4680      	mov	r8, r0
200002fa:	f7ff ffa7 	bl	2000024c <flash_init_boot2_copyout>
200002fe:	47c8      	blx	r9
20000300:	47a8      	blx	r5
20000302:	f7ff ffcd 	bl	200002a0 <flash_cs_force.constprop.1>
20000306:	1e25      	subs	r5, r4, #0
20000308:	d022      	beq.n	20000350 <flash_do_cmd+0x90>
2000030a:	2308      	movs	r3, #8
2000030c:	21c0      	movs	r1, #192	@ 0xc0
2000030e:	469c      	mov	ip, r3
20000310:	2002      	movs	r0, #2
20000312:	0549      	lsls	r1, r1, #21
20000314:	4662      	mov	r2, ip
20000316:	6a8b      	ldr	r3, [r1, #40]	@ 0x28
20000318:	401a      	ands	r2, r3
2000031a:	4218      	tst	r0, r3
2000031c:	d03c      	beq.n	20000398 <flash_do_cmd+0xd8>
2000031e:	1b63      	subs	r3, r4, r5
20000320:	2d00      	cmp	r5, #0
20000322:	d12c      	bne.n	2000037e <flash_do_cmd+0xbe>
20000324:	2a00      	cmp	r2, #0
20000326:	d111      	bne.n	2000034c <flash_do_cmd+0x8c>
20000328:	2c00      	cmp	r4, #0
2000032a:	d011      	beq.n	20000350 <flash_do_cmd+0x90>
2000032c:	23c0      	movs	r3, #192	@ 0xc0
2000032e:	055b      	lsls	r3, r3, #21
20000330:	469b      	mov	fp, r3
20000332:	2302      	movs	r3, #2
20000334:	469a      	mov	sl, r3
20000336:	3306      	adds	r3, #6
20000338:	4699      	mov	r9, r3
2000033a:	465b      	mov	r3, fp
2000033c:	464a      	mov	r2, r9
2000033e:	4657      	mov	r7, sl
20000340:	6a9b      	ldr	r3, [r3, #40]	@ 0x28
20000342:	401a      	ands	r2, r3
20000344:	421f      	tst	r7, r3
20000346:	d03f      	beq.n	200003c8 <flash_do_cmd+0x108>
20000348:	2a00      	cmp	r2, #0
2000034a:	d0f6      	beq.n	2000033a <flash_do_cmd+0x7a>
2000034c:	2c00      	cmp	r4, #0
2000034e:	d12d      	bne.n	200003ac <flash_do_cmd+0xec>
20000350:	f7ff ff9a 	bl	20000288 <flash_cs_force.constprop.0>
20000354:	47c0      	blx	r8
20000356:	f7ff ff91 	bl	2000027c <flash_enable_xip_via_boot2>
2000035a:	b003      	add	sp, #12
2000035c:	bcf0      	pop	{r4, r5, r6, r7}
2000035e:	46bb      	mov	fp, r7
20000360:	46b2      	mov	sl, r6
20000362:	46a9      	mov	r9, r5
20000364:	46a0      	mov	r8, r4
20000366:	bdf0      	pop	{r4, r5, r6, r7, pc}
20000368:	2c00      	cmp	r4, #0
2000036a:	d12f      	bne.n	200003cc <flash_do_cmd+0x10c>
2000036c:	22c0      	movs	r2, #192	@ 0xc0
2000036e:	0552      	lsls	r2, r2, #21
20000370:	6a92      	ldr	r2, [r2, #40]	@ 0x28
20000372:	4691      	mov	r9, r2
20000374:	2208      	movs	r2, #8
20000376:	464f      	mov	r7, r9
20000378:	403a      	ands	r2, r7
2000037a:	07bf      	lsls	r7, r7, #30
2000037c:	d52d      	bpl.n	200003da <flash_do_cmd+0x11a>
2000037e:	2b0d      	cmp	r3, #13
20000380:	d91b      	bls.n	200003ba <flash_do_cmd+0xfa>
20000382:	2a00      	cmp	r2, #0
20000384:	d1f0      	bne.n	20000368 <flash_do_cmd+0xa8>
20000386:	22c0      	movs	r2, #192	@ 0xc0
20000388:	0552      	lsls	r2, r2, #21
2000038a:	6a92      	ldr	r2, [r2, #40]	@ 0x28
2000038c:	4691      	mov	r9, r2
2000038e:	2208      	movs	r2, #8
20000390:	464f      	mov	r7, r9
20000392:	403a      	ands	r2, r7
20000394:	07bf      	lsls	r7, r7, #30
20000396:	d4f2      	bmi.n	2000037e <flash_do_cmd+0xbe>
20000398:	2a00      	cmp	r2, #0
2000039a:	d104      	bne.n	200003a6 <flash_do_cmd+0xe6>
2000039c:	002b      	movs	r3, r5
2000039e:	4323      	orrs	r3, r4
200003a0:	2b00      	cmp	r3, #0
200003a2:	d1b7      	bne.n	20000314 <flash_do_cmd+0x54>
200003a4:	e7d4      	b.n	20000350 <flash_do_cmd+0x90>
200003a6:	002b      	movs	r3, r5
200003a8:	2c00      	cmp	r4, #0
200003aa:	d0f9      	beq.n	200003a0 <flash_do_cmd+0xe0>
200003ac:	6e0b      	ldr	r3, [r1, #96]	@ 0x60
200003ae:	3c01      	subs	r4, #1
200003b0:	7033      	strb	r3, [r6, #0]
200003b2:	0023      	movs	r3, r4
200003b4:	3601      	adds	r6, #1
200003b6:	432b      	orrs	r3, r5
200003b8:	e7f2      	b.n	200003a0 <flash_do_cmd+0xe0>
200003ba:	9f01      	ldr	r7, [sp, #4]
200003bc:	3d01      	subs	r5, #1
200003be:	783b      	ldrb	r3, [r7, #0]
200003c0:	3701      	adds	r7, #1
200003c2:	660b      	str	r3, [r1, #96]	@ 0x60
200003c4:	9701      	str	r7, [sp, #4]
200003c6:	e7e7      	b.n	20000398 <flash_do_cmd+0xd8>
200003c8:	2500      	movs	r5, #0
200003ca:	e7e5      	b.n	20000398 <flash_do_cmd+0xd8>
200003cc:	23c0      	movs	r3, #192	@ 0xc0
200003ce:	055b      	lsls	r3, r3, #21
200003d0:	6e1b      	ldr	r3, [r3, #96]	@ 0x60
200003d2:	3c01      	subs	r4, #1
200003d4:	7033      	strb	r3, [r6, #0]
200003d6:	3601      	adds	r6, #1
200003d8:	e79c      	b.n	20000314 <flash_do_cmd+0x54>
200003da:	002b      	movs	r3, r5
200003dc:	2a00      	cmp	r2, #0
200003de:	d1df      	bne.n	200003a0 <flash_do_cmd+0xe0>
200003e0:	e7dc      	b.n	2000039c <flash_do_cmd+0xdc>
200003e2:	46c0      	nop			@ (mov r8, r8)
200003e4:	00004649 	.word	0x00004649
200003e8:	00005845 	.word	0x00005845
200003ec:	00004346 	.word	0x00004346

200003f0 <reset_non_control_endpoints>:
200003f0:	2200      	movs	r2, #0
200003f2:	4b15      	ldr	r3, [pc, #84]	@ (20000448 <reset_non_control_endpoints+0x58>)
200003f4:	b510      	push	{r4, lr}
200003f6:	609a      	str	r2, [r3, #8]
200003f8:	60da      	str	r2, [r3, #12]
200003fa:	611a      	str	r2, [r3, #16]
200003fc:	615a      	str	r2, [r3, #20]
200003fe:	619a      	str	r2, [r3, #24]
20000400:	61da      	str	r2, [r3, #28]
20000402:	621a      	str	r2, [r3, #32]
20000404:	625a      	str	r2, [r3, #36]	@ 0x24
20000406:	629a      	str	r2, [r3, #40]	@ 0x28
20000408:	62da      	str	r2, [r3, #44]	@ 0x2c
2000040a:	631a      	str	r2, [r3, #48]	@ 0x30
2000040c:	635a      	str	r2, [r3, #52]	@ 0x34
2000040e:	639a      	str	r2, [r3, #56]	@ 0x38
20000410:	63da      	str	r2, [r3, #60]	@ 0x3c
20000412:	641a      	str	r2, [r3, #64]	@ 0x40
20000414:	645a      	str	r2, [r3, #68]	@ 0x44
20000416:	649a      	str	r2, [r3, #72]	@ 0x48
20000418:	64da      	str	r2, [r3, #76]	@ 0x4c
2000041a:	651a      	str	r2, [r3, #80]	@ 0x50
2000041c:	655a      	str	r2, [r3, #84]	@ 0x54
2000041e:	659a      	str	r2, [r3, #88]	@ 0x58
20000420:	65da      	str	r2, [r3, #92]	@ 0x5c
20000422:	661a      	str	r2, [r3, #96]	@ 0x60
20000424:	665a      	str	r2, [r3, #100]	@ 0x64
20000426:	669a      	str	r2, [r3, #104]	@ 0x68
20000428:	66da      	str	r2, [r3, #108]	@ 0x6c
2000042a:	671a      	str	r2, [r3, #112]	@ 0x70
2000042c:	675a      	str	r2, [r3, #116]	@ 0x74
2000042e:	679a      	str	r2, [r3, #120]	@ 0x78
20000430:	67da      	str	r2, [r3, #124]	@ 0x7c
20000432:	32f0      	adds	r2, #240	@ 0xf0
20000434:	0092      	lsls	r2, r2, #2
20000436:	2100      	movs	r1, #0
20000438:	4804      	ldr	r0, [pc, #16]	@ (2000044c <reset_non_control_endpoints+0x5c>)
2000043a:	f000 fda5 	bl	20000f88 <____wrap_memset_veneer>
2000043e:	4b04      	ldr	r3, [pc, #16]	@ (20000450 <reset_non_control_endpoints+0x60>)
20000440:	4a04      	ldr	r2, [pc, #16]	@ (20000454 <reset_non_control_endpoints+0x64>)
20000442:	601a      	str	r2, [r3, #0]
20000444:	bd10      	pop	{r4, pc}
20000446:	46c0      	nop			@ (mov r8, r8)
20000448:	50100000 	.word	0x50100000
2000044c:	20001d14 	.word	0x20001d14
20000450:	200020dc 	.word	0x200020dc
20000454:	50100180 	.word	0x50100180

20000458 <hw_handle_buff_status>:
20000458:	b5f0      	push	{r4, r5, r6, r7, lr}
2000045a:	464e      	mov	r6, r9
2000045c:	4645      	mov	r5, r8
2000045e:	46de      	mov	lr, fp
20000460:	4657      	mov	r7, sl
20000462:	b5e0      	push	{r5, r6, r7, lr}
20000464:	4b21      	ldr	r3, [pc, #132]	@ (200004ec <hw_handle_buff_status+0x94>)
20000466:	2400      	movs	r4, #0
20000468:	6d9e      	ldr	r6, [r3, #88]	@ 0x58
2000046a:	2501      	movs	r5, #1
2000046c:	b085      	sub	sp, #20
2000046e:	2e00      	cmp	r6, #0
20000470:	d022      	beq.n	200004b8 <hw_handle_buff_status+0x60>
20000472:	4b1f      	ldr	r3, [pc, #124]	@ (200004f0 <hw_handle_buff_status+0x98>)
20000474:	469a      	mov	sl, r3
20000476:	2301      	movs	r3, #1
20000478:	4699      	mov	r9, r3
2000047a:	4b1e      	ldr	r3, [pc, #120]	@ (200004f4 <hw_handle_buff_status+0x9c>)
2000047c:	4698      	mov	r8, r3
2000047e:	e001      	b.n	20000484 <hw_handle_buff_status+0x2c>
20000480:	2c20      	cmp	r4, #32
20000482:	d019      	beq.n	200004b8 <hw_handle_buff_status+0x60>
20000484:	002a      	movs	r2, r5
20000486:	0023      	movs	r3, r4
20000488:	3401      	adds	r4, #1
2000048a:	002f      	movs	r7, r5
2000048c:	4032      	ands	r2, r6
2000048e:	b2e4      	uxtb	r4, r4
20000490:	006d      	lsls	r5, r5, #1
20000492:	2a00      	cmp	r2, #0
20000494:	d0f4      	beq.n	20000480 <hw_handle_buff_status+0x28>
20000496:	4652      	mov	r2, sl
20000498:	6597      	str	r7, [r2, #88]	@ 0x58
2000049a:	464a      	mov	r2, r9
2000049c:	085b      	lsrs	r3, r3, #1
2000049e:	005b      	lsls	r3, r3, #1
200004a0:	4022      	ands	r2, r4
200004a2:	189b      	adds	r3, r3, r2
200004a4:	015b      	lsls	r3, r3, #5
200004a6:	4443      	add	r3, r8
200004a8:	0018      	movs	r0, r3
200004aa:	469b      	mov	fp, r3
200004ac:	f000 fc1e 	bl	20000cec <hw_endpoint_xfer_continue>
200004b0:	2800      	cmp	r0, #0
200004b2:	d108      	bne.n	200004c6 <hw_handle_buff_status+0x6e>
200004b4:	43be      	bics	r6, r7
200004b6:	d1e3      	bne.n	20000480 <hw_handle_buff_status+0x28>
200004b8:	b005      	add	sp, #20
200004ba:	bcf0      	pop	{r4, r5, r6, r7}
200004bc:	46bb      	mov	fp, r7
200004be:	46b2      	mov	sl, r6
200004c0:	46a9      	mov	r9, r5
200004c2:	46a0      	mov	r8, r4
200004c4:	bdf0      	pop	{r4, r5, r6, r7, pc}
200004c6:	465b      	mov	r3, fp
200004c8:	21e0      	movs	r1, #224	@ 0xe0
200004ca:	789a      	ldrb	r2, [r3, #2]
200004cc:	8adb      	ldrh	r3, [r3, #22]
200004ce:	a801      	add	r0, sp, #4
200004d0:	6083      	str	r3, [r0, #8]
200004d2:	2300      	movs	r3, #0
200004d4:	00c9      	lsls	r1, r1, #3
200004d6:	8001      	strh	r1, [r0, #0]
200004d8:	2101      	movs	r1, #1
200004da:	7102      	strb	r2, [r0, #4]
200004dc:	7143      	strb	r3, [r0, #5]
200004de:	f000 fc25 	bl	20000d2c <dcd_event_handler>
200004e2:	4658      	mov	r0, fp
200004e4:	f000 fba0 	bl	20000c28 <hw_endpoint_reset_transfer>
200004e8:	e7e4      	b.n	200004b4 <hw_handle_buff_status+0x5c>
200004ea:	46c0      	nop			@ (mov r8, r8)
200004ec:	50110000 	.word	0x50110000
200004f0:	50113000 	.word	0x50113000
200004f4:	20001cd4 	.word	0x20001cd4

200004f8 <dcd_rp2040_irq>:
200004f8:	2398      	movs	r3, #152	@ 0x98
200004fa:	b5f0      	push	{r4, r5, r6, r7, lr}
200004fc:	46c6      	mov	lr, r8
200004fe:	4ac8      	ldr	r2, [pc, #800]	@ (20000820 <dcd_rp2040_irq+0x328>)
20000500:	b500      	push	{lr}
20000502:	58d5      	ldr	r5, [r2, r3]
20000504:	2380      	movs	r3, #128	@ 0x80
20000506:	002e      	movs	r6, r5
20000508:	029b      	lsls	r3, r3, #10
2000050a:	2410      	movs	r4, #16
2000050c:	b084      	sub	sp, #16
2000050e:	401e      	ands	r6, r3
20000510:	421d      	tst	r5, r3
20000512:	d074      	beq.n	200005fe <dcd_rp2040_irq+0x106>
20000514:	4bc3      	ldr	r3, [pc, #780]	@ (20000824 <dcd_rp2040_irq+0x32c>)
20000516:	4cc4      	ldr	r4, [pc, #784]	@ (20000828 <dcd_rp2040_irq+0x330>)
20000518:	6a9a      	ldr	r2, [r3, #40]	@ 0x28
2000051a:	4bc4      	ldr	r3, [pc, #784]	@ (2000082c <dcd_rp2040_irq+0x334>)
2000051c:	2600      	movs	r6, #0
2000051e:	601a      	str	r2, [r3, #0]
20000520:	233b      	movs	r3, #59	@ 0x3b
20000522:	5ce3      	ldrb	r3, [r4, r3]
20000524:	2b02      	cmp	r3, #2
20000526:	d100      	bne.n	2000052a <dcd_rp2040_irq+0x32>
20000528:	e14f      	b.n	200007ca <dcd_rp2040_irq+0x2d2>
2000052a:	237b      	movs	r3, #123	@ 0x7b
2000052c:	5ce3      	ldrb	r3, [r4, r3]
2000052e:	2b02      	cmp	r3, #2
20000530:	d100      	bne.n	20000534 <dcd_rp2040_irq+0x3c>
20000532:	e0f3      	b.n	2000071c <dcd_rp2040_irq+0x224>
20000534:	23bb      	movs	r3, #187	@ 0xbb
20000536:	5ce3      	ldrb	r3, [r4, r3]
20000538:	2b02      	cmp	r3, #2
2000053a:	d100      	bne.n	2000053e <dcd_rp2040_irq+0x46>
2000053c:	e0fa      	b.n	20000734 <dcd_rp2040_irq+0x23c>
2000053e:	23fb      	movs	r3, #251	@ 0xfb
20000540:	5ce3      	ldrb	r3, [r4, r3]
20000542:	2b02      	cmp	r3, #2
20000544:	d100      	bne.n	20000548 <dcd_rp2040_irq+0x50>
20000546:	e101      	b.n	2000074c <dcd_rp2040_irq+0x254>
20000548:	233c      	movs	r3, #60	@ 0x3c
2000054a:	33ff      	adds	r3, #255	@ 0xff
2000054c:	5ce3      	ldrb	r3, [r4, r3]
2000054e:	2b02      	cmp	r3, #2
20000550:	d100      	bne.n	20000554 <dcd_rp2040_irq+0x5c>
20000552:	e12d      	b.n	200007b0 <dcd_rp2040_irq+0x2b8>
20000554:	237c      	movs	r3, #124	@ 0x7c
20000556:	33ff      	adds	r3, #255	@ 0xff
20000558:	5ce3      	ldrb	r3, [r4, r3]
2000055a:	2b02      	cmp	r3, #2
2000055c:	d100      	bne.n	20000560 <dcd_rp2040_irq+0x68>
2000055e:	e10e      	b.n	2000077e <dcd_rp2040_irq+0x286>
20000560:	23bc      	movs	r3, #188	@ 0xbc
20000562:	33ff      	adds	r3, #255	@ 0xff
20000564:	5ce3      	ldrb	r3, [r4, r3]
20000566:	2b02      	cmp	r3, #2
20000568:	d100      	bne.n	2000056c <dcd_rp2040_irq+0x74>
2000056a:	e13f      	b.n	200007ec <dcd_rp2040_irq+0x2f4>
2000056c:	23fc      	movs	r3, #252	@ 0xfc
2000056e:	33ff      	adds	r3, #255	@ 0xff
20000570:	5ce3      	ldrb	r3, [r4, r3]
20000572:	2b02      	cmp	r3, #2
20000574:	d100      	bne.n	20000578 <dcd_rp2040_irq+0x80>
20000576:	e0f5      	b.n	20000764 <dcd_rp2040_irq+0x26c>
20000578:	4bad      	ldr	r3, [pc, #692]	@ (20000830 <dcd_rp2040_irq+0x338>)
2000057a:	5ce3      	ldrb	r3, [r4, r3]
2000057c:	2b02      	cmp	r3, #2
2000057e:	d100      	bne.n	20000582 <dcd_rp2040_irq+0x8a>
20000580:	e174      	b.n	2000086c <dcd_rp2040_irq+0x374>
20000582:	4bac      	ldr	r3, [pc, #688]	@ (20000834 <dcd_rp2040_irq+0x33c>)
20000584:	5ce3      	ldrb	r3, [r4, r3]
20000586:	2b02      	cmp	r3, #2
20000588:	d100      	bne.n	2000058c <dcd_rp2040_irq+0x94>
2000058a:	e105      	b.n	20000798 <dcd_rp2040_irq+0x2a0>
2000058c:	4baa      	ldr	r3, [pc, #680]	@ (20000838 <dcd_rp2040_irq+0x340>)
2000058e:	5ce3      	ldrb	r3, [r4, r3]
20000590:	2b02      	cmp	r3, #2
20000592:	d100      	bne.n	20000596 <dcd_rp2040_irq+0x9e>
20000594:	e175      	b.n	20000882 <dcd_rp2040_irq+0x38a>
20000596:	4ba9      	ldr	r3, [pc, #676]	@ (2000083c <dcd_rp2040_irq+0x344>)
20000598:	5ce3      	ldrb	r3, [r4, r3]
2000059a:	2b02      	cmp	r3, #2
2000059c:	d100      	bne.n	200005a0 <dcd_rp2040_irq+0xa8>
2000059e:	e132      	b.n	20000806 <dcd_rp2040_irq+0x30e>
200005a0:	4ba7      	ldr	r3, [pc, #668]	@ (20000840 <dcd_rp2040_irq+0x348>)
200005a2:	5ce3      	ldrb	r3, [r4, r3]
200005a4:	2b02      	cmp	r3, #2
200005a6:	d100      	bne.n	200005aa <dcd_rp2040_irq+0xb2>
200005a8:	e1a0      	b.n	200008ec <dcd_rp2040_irq+0x3f4>
200005aa:	4ba6      	ldr	r3, [pc, #664]	@ (20000844 <dcd_rp2040_irq+0x34c>)
200005ac:	5ce3      	ldrb	r3, [r4, r3]
200005ae:	2b02      	cmp	r3, #2
200005b0:	d100      	bne.n	200005b4 <dcd_rp2040_irq+0xbc>
200005b2:	e171      	b.n	20000898 <dcd_rp2040_irq+0x3a0>
200005b4:	4ba4      	ldr	r3, [pc, #656]	@ (20000848 <dcd_rp2040_irq+0x350>)
200005b6:	5ce3      	ldrb	r3, [r4, r3]
200005b8:	2b02      	cmp	r3, #2
200005ba:	d100      	bne.n	200005be <dcd_rp2040_irq+0xc6>
200005bc:	e1a1      	b.n	20000902 <dcd_rp2040_irq+0x40a>
200005be:	4ba3      	ldr	r3, [pc, #652]	@ (2000084c <dcd_rp2040_irq+0x354>)
200005c0:	5ce3      	ldrb	r3, [r4, r3]
200005c2:	2b02      	cmp	r3, #2
200005c4:	d100      	bne.n	200005c8 <dcd_rp2040_irq+0xd0>
200005c6:	e17f      	b.n	200008c8 <dcd_rp2040_irq+0x3d0>
200005c8:	2e00      	cmp	r6, #0
200005ca:	d108      	bne.n	200005de <dcd_rp2040_irq+0xe6>
200005cc:	4ba0      	ldr	r3, [pc, #640]	@ (20000850 <dcd_rp2040_irq+0x358>)
200005ce:	781b      	ldrb	r3, [r3, #0]
200005d0:	2b00      	cmp	r3, #0
200005d2:	d104      	bne.n	200005de <dcd_rp2040_irq+0xe6>
200005d4:	2180      	movs	r1, #128	@ 0x80
200005d6:	4a9f      	ldr	r2, [pc, #636]	@ (20000854 <dcd_rp2040_irq+0x35c>)
200005d8:	3390      	adds	r3, #144	@ 0x90
200005da:	0289      	lsls	r1, r1, #10
200005dc:	50d1      	str	r1, [r2, r3]
200005de:	22c0      	movs	r2, #192	@ 0xc0
200005e0:	4669      	mov	r1, sp
200005e2:	4b8f      	ldr	r3, [pc, #572]	@ (20000820 <dcd_rp2040_irq+0x328>)
200005e4:	0092      	lsls	r2, r2, #2
200005e6:	6c9b      	ldr	r3, [r3, #72]	@ 0x48
200005e8:	2680      	movs	r6, #128	@ 0x80
200005ea:	055b      	lsls	r3, r3, #21
200005ec:	808a      	strh	r2, [r1, #4]
200005ee:	0d5b      	lsrs	r3, r3, #21
200005f0:	2101      	movs	r1, #1
200005f2:	a801      	add	r0, sp, #4
200005f4:	9302      	str	r3, [sp, #8]
200005f6:	f000 fb99 	bl	20000d2c <dcd_event_handler>
200005fa:	4c97      	ldr	r4, [pc, #604]	@ (20000858 <dcd_rp2040_irq+0x360>)
200005fc:	02b6      	lsls	r6, r6, #10
200005fe:	06eb      	lsls	r3, r5, #27
20000600:	d500      	bpl.n	20000604 <dcd_rp2040_irq+0x10c>
20000602:	e07f      	b.n	20000704 <dcd_rp2040_irq+0x20c>
20000604:	2380      	movs	r3, #128	@ 0x80
20000606:	025b      	lsls	r3, r3, #9
20000608:	421d      	tst	r5, r3
2000060a:	d031      	beq.n	20000670 <dcd_rp2040_irq+0x178>
2000060c:	431e      	orrs	r6, r3
2000060e:	2301      	movs	r3, #1
20000610:	2402      	movs	r4, #2
20000612:	4698      	mov	r8, r3
20000614:	4f84      	ldr	r7, [pc, #528]	@ (20000828 <dcd_rp2040_irq+0x330>)
20000616:	7ebb      	ldrb	r3, [r7, #26]
20000618:	2b00      	cmp	r3, #0
2000061a:	d014      	beq.n	20000646 <dcd_rp2040_irq+0x14e>
2000061c:	f000 fcac 	bl	20000f78 <__rp2040_chip_version_veneer>
20000620:	2801      	cmp	r0, #1
20000622:	d900      	bls.n	20000626 <dcd_rp2040_irq+0x12e>
20000624:	e072      	b.n	2000070c <dcd_rp2040_irq+0x214>
20000626:	22c0      	movs	r2, #192	@ 0xc0
20000628:	2100      	movs	r1, #0
2000062a:	0038      	movs	r0, r7
2000062c:	0192      	lsls	r2, r2, #6
2000062e:	f000 fb01 	bl	20000c34 <_hw_endpoint_buffer_control_update32>
20000632:	0038      	movs	r0, r7
20000634:	f000 faf8 	bl	20000c28 <hw_endpoint_reset_transfer>
20000638:	f000 fc9e 	bl	20000f78 <__rp2040_chip_version_veneer>
2000063c:	2801      	cmp	r0, #1
2000063e:	d902      	bls.n	20000646 <dcd_rp2040_irq+0x14e>
20000640:	4b84      	ldr	r3, [pc, #528]	@ (20000854 <dcd_rp2040_irq+0x35c>)
20000642:	665c      	str	r4, [r3, #100]	@ 0x64
20000644:	661c      	str	r4, [r3, #96]	@ 0x60
20000646:	4643      	mov	r3, r8
20000648:	70fb      	strb	r3, [r7, #3]
2000064a:	3720      	adds	r7, #32
2000064c:	2c01      	cmp	r4, #1
2000064e:	d122      	bne.n	20000696 <dcd_rp2040_irq+0x19e>
20000650:	23c0      	movs	r3, #192	@ 0xc0
20000652:	466a      	mov	r2, sp
20000654:	00db      	lsls	r3, r3, #3
20000656:	8093      	strh	r3, [r2, #4]
20000658:	4a80      	ldr	r2, [pc, #512]	@ (2000085c <dcd_rp2040_irq+0x364>)
2000065a:	ab02      	add	r3, sp, #8
2000065c:	ca03      	ldmia	r2!, {r0, r1}
2000065e:	c303      	stmia	r3!, {r0, r1}
20000660:	2101      	movs	r1, #1
20000662:	a801      	add	r0, sp, #4
20000664:	f000 fb62 	bl	20000d2c <dcd_event_handler>
20000668:	2280      	movs	r2, #128	@ 0x80
2000066a:	4b7a      	ldr	r3, [pc, #488]	@ (20000854 <dcd_rp2040_irq+0x35c>)
2000066c:	0292      	lsls	r2, r2, #10
2000066e:	651a      	str	r2, [r3, #80]	@ 0x50
20000670:	2380      	movs	r3, #128	@ 0x80
20000672:	015b      	lsls	r3, r3, #5
20000674:	421d      	tst	r5, r3
20000676:	d110      	bne.n	2000069a <dcd_rp2040_irq+0x1a2>
20000678:	2380      	movs	r3, #128	@ 0x80
2000067a:	01db      	lsls	r3, r3, #7
2000067c:	421d      	tst	r5, r3
2000067e:	d123      	bne.n	200006c8 <dcd_rp2040_irq+0x1d0>
20000680:	2380      	movs	r3, #128	@ 0x80
20000682:	021b      	lsls	r3, r3, #8
20000684:	421d      	tst	r5, r3
20000686:	d12f      	bne.n	200006e8 <dcd_rp2040_irq+0x1f0>
20000688:	42ae      	cmp	r6, r5
2000068a:	d000      	beq.n	2000068e <dcd_rp2040_irq+0x196>
2000068c:	e1c0      	b.n	20000a10 <dcd_rp2040_irq+0x518>
2000068e:	b004      	add	sp, #16
20000690:	bc80      	pop	{r7}
20000692:	46b8      	mov	r8, r7
20000694:	bdf0      	pop	{r4, r5, r6, r7, pc}
20000696:	2401      	movs	r4, #1
20000698:	e7bd      	b.n	20000616 <dcd_rp2040_irq+0x11e>
2000069a:	2400      	movs	r4, #0
2000069c:	431e      	orrs	r6, r3
2000069e:	4b60      	ldr	r3, [pc, #384]	@ (20000820 <dcd_rp2040_irq+0x328>)
200006a0:	601c      	str	r4, [r3, #0]
200006a2:	f7ff fea5 	bl	200003f0 <reset_non_control_endpoints>
200006a6:	2380      	movs	r3, #128	@ 0x80
200006a8:	466a      	mov	r2, sp
200006aa:	005b      	lsls	r3, r3, #1
200006ac:	8093      	strh	r3, [r2, #4]
200006ae:	7214      	strb	r4, [r2, #8]
200006b0:	2101      	movs	r1, #1
200006b2:	a801      	add	r0, sp, #4
200006b4:	f000 fb3a 	bl	20000d2c <dcd_event_handler>
200006b8:	2280      	movs	r2, #128	@ 0x80
200006ba:	4b66      	ldr	r3, [pc, #408]	@ (20000854 <dcd_rp2040_irq+0x35c>)
200006bc:	0312      	lsls	r2, r2, #12
200006be:	651a      	str	r2, [r3, #80]	@ 0x50
200006c0:	2380      	movs	r3, #128	@ 0x80
200006c2:	01db      	lsls	r3, r3, #7
200006c4:	421d      	tst	r5, r3
200006c6:	d0db      	beq.n	20000680 <dcd_rp2040_irq+0x188>
200006c8:	431e      	orrs	r6, r3
200006ca:	2380      	movs	r3, #128	@ 0x80
200006cc:	466a      	mov	r2, sp
200006ce:	00db      	lsls	r3, r3, #3
200006d0:	8093      	strh	r3, [r2, #4]
200006d2:	2101      	movs	r1, #1
200006d4:	a801      	add	r0, sp, #4
200006d6:	f000 fb29 	bl	20000d2c <dcd_event_handler>
200006da:	2210      	movs	r2, #16
200006dc:	4b5d      	ldr	r3, [pc, #372]	@ (20000854 <dcd_rp2040_irq+0x35c>)
200006de:	651a      	str	r2, [r3, #80]	@ 0x50
200006e0:	2380      	movs	r3, #128	@ 0x80
200006e2:	021b      	lsls	r3, r3, #8
200006e4:	421d      	tst	r5, r3
200006e6:	d0cf      	beq.n	20000688 <dcd_rp2040_irq+0x190>
200006e8:	431e      	orrs	r6, r3
200006ea:	23a0      	movs	r3, #160	@ 0xa0
200006ec:	466a      	mov	r2, sp
200006ee:	00db      	lsls	r3, r3, #3
200006f0:	8093      	strh	r3, [r2, #4]
200006f2:	2101      	movs	r1, #1
200006f4:	a801      	add	r0, sp, #4
200006f6:	f000 fb19 	bl	20000d2c <dcd_event_handler>
200006fa:	2280      	movs	r2, #128	@ 0x80
200006fc:	4b55      	ldr	r3, [pc, #340]	@ (20000854 <dcd_rp2040_irq+0x35c>)
200006fe:	0112      	lsls	r2, r2, #4
20000700:	651a      	str	r2, [r3, #80]	@ 0x50
20000702:	e7c1      	b.n	20000688 <dcd_rp2040_irq+0x190>
20000704:	f7ff fea8 	bl	20000458 <hw_handle_buff_status>
20000708:	0026      	movs	r6, r4
2000070a:	e77b      	b.n	20000604 <dcd_rp2040_irq+0x10c>
2000070c:	4b54      	ldr	r3, [pc, #336]	@ (20000860 <dcd_rp2040_irq+0x368>)
2000070e:	4a44      	ldr	r2, [pc, #272]	@ (20000820 <dcd_rp2040_irq+0x328>)
20000710:	661c      	str	r4, [r3, #96]	@ 0x60
20000712:	6e53      	ldr	r3, [r2, #100]	@ 0x64
20000714:	4023      	ands	r3, r4
20000716:	42a3      	cmp	r3, r4
20000718:	d1fb      	bne.n	20000712 <dcd_rp2040_irq+0x21a>
2000071a:	e784      	b.n	20000626 <dcd_rp2040_irq+0x12e>
2000071c:	3378      	adds	r3, #120	@ 0x78
2000071e:	5ce7      	ldrb	r7, [r4, r3]
20000720:	2f00      	cmp	r7, #0
20000722:	d100      	bne.n	20000726 <dcd_rp2040_irq+0x22e>
20000724:	e706      	b.n	20000534 <dcd_rp2040_irq+0x3c>
20000726:	3302      	adds	r3, #2
20000728:	5ce2      	ldrb	r2, [r4, r3]
2000072a:	2a00      	cmp	r2, #0
2000072c:	d000      	beq.n	20000730 <dcd_rp2040_irq+0x238>
2000072e:	e10d      	b.n	2000094c <dcd_rp2040_irq+0x454>
20000730:	003e      	movs	r6, r7
20000732:	e6ff      	b.n	20000534 <dcd_rp2040_irq+0x3c>
20000734:	33b8      	adds	r3, #184	@ 0xb8
20000736:	5ce7      	ldrb	r7, [r4, r3]
20000738:	2f00      	cmp	r7, #0
2000073a:	d100      	bne.n	2000073e <dcd_rp2040_irq+0x246>
2000073c:	e6ff      	b.n	2000053e <dcd_rp2040_irq+0x46>
2000073e:	3302      	adds	r3, #2
20000740:	5ce2      	ldrb	r2, [r4, r3]
20000742:	2a00      	cmp	r2, #0
20000744:	d000      	beq.n	20000748 <dcd_rp2040_irq+0x250>
20000746:	e0f9      	b.n	2000093c <dcd_rp2040_irq+0x444>
20000748:	003e      	movs	r6, r7
2000074a:	e6f8      	b.n	2000053e <dcd_rp2040_irq+0x46>
2000074c:	33f8      	adds	r3, #248	@ 0xf8
2000074e:	5ce7      	ldrb	r7, [r4, r3]
20000750:	2f00      	cmp	r7, #0
20000752:	d100      	bne.n	20000756 <dcd_rp2040_irq+0x25e>
20000754:	e6f8      	b.n	20000548 <dcd_rp2040_irq+0x50>
20000756:	3302      	adds	r3, #2
20000758:	5ce2      	ldrb	r2, [r4, r3]
2000075a:	2a00      	cmp	r2, #0
2000075c:	d000      	beq.n	20000760 <dcd_rp2040_irq+0x268>
2000075e:	e141      	b.n	200009e4 <dcd_rp2040_irq+0x4ec>
20000760:	003e      	movs	r6, r7
20000762:	e6f1      	b.n	20000548 <dcd_rp2040_irq+0x50>
20000764:	33f9      	adds	r3, #249	@ 0xf9
20000766:	33ff      	adds	r3, #255	@ 0xff
20000768:	5ce7      	ldrb	r7, [r4, r3]
2000076a:	2f00      	cmp	r7, #0
2000076c:	d100      	bne.n	20000770 <dcd_rp2040_irq+0x278>
2000076e:	e703      	b.n	20000578 <dcd_rp2040_irq+0x80>
20000770:	3302      	adds	r3, #2
20000772:	5ce2      	ldrb	r2, [r4, r3]
20000774:	2a00      	cmp	r2, #0
20000776:	d000      	beq.n	2000077a <dcd_rp2040_irq+0x282>
20000778:	e12b      	b.n	200009d2 <dcd_rp2040_irq+0x4da>
2000077a:	003e      	movs	r6, r7
2000077c:	e6fc      	b.n	20000578 <dcd_rp2040_irq+0x80>
2000077e:	3379      	adds	r3, #121	@ 0x79
20000780:	33ff      	adds	r3, #255	@ 0xff
20000782:	5ce7      	ldrb	r7, [r4, r3]
20000784:	2f00      	cmp	r7, #0
20000786:	d100      	bne.n	2000078a <dcd_rp2040_irq+0x292>
20000788:	e6ea      	b.n	20000560 <dcd_rp2040_irq+0x68>
2000078a:	3302      	adds	r3, #2
2000078c:	5ce2      	ldrb	r2, [r4, r3]
2000078e:	2a00      	cmp	r2, #0
20000790:	d000      	beq.n	20000794 <dcd_rp2040_irq+0x29c>
20000792:	e115      	b.n	200009c0 <dcd_rp2040_irq+0x4c8>
20000794:	003e      	movs	r6, r7
20000796:	e6e3      	b.n	20000560 <dcd_rp2040_irq+0x68>
20000798:	4b32      	ldr	r3, [pc, #200]	@ (20000864 <dcd_rp2040_irq+0x36c>)
2000079a:	5ce7      	ldrb	r7, [r4, r3]
2000079c:	2f00      	cmp	r7, #0
2000079e:	d100      	bne.n	200007a2 <dcd_rp2040_irq+0x2aa>
200007a0:	e6f4      	b.n	2000058c <dcd_rp2040_irq+0x94>
200007a2:	3302      	adds	r3, #2
200007a4:	5ce2      	ldrb	r2, [r4, r3]
200007a6:	2a00      	cmp	r2, #0
200007a8:	d000      	beq.n	200007ac <dcd_rp2040_irq+0x2b4>
200007aa:	e101      	b.n	200009b0 <dcd_rp2040_irq+0x4b8>
200007ac:	003e      	movs	r6, r7
200007ae:	e6ed      	b.n	2000058c <dcd_rp2040_irq+0x94>
200007b0:	3339      	adds	r3, #57	@ 0x39
200007b2:	33ff      	adds	r3, #255	@ 0xff
200007b4:	5ce7      	ldrb	r7, [r4, r3]
200007b6:	2f00      	cmp	r7, #0
200007b8:	d100      	bne.n	200007bc <dcd_rp2040_irq+0x2c4>
200007ba:	e6cb      	b.n	20000554 <dcd_rp2040_irq+0x5c>
200007bc:	3302      	adds	r3, #2
200007be:	5ce2      	ldrb	r2, [r4, r3]
200007c0:	2a00      	cmp	r2, #0
200007c2:	d000      	beq.n	200007c6 <dcd_rp2040_irq+0x2ce>
200007c4:	e0eb      	b.n	2000099e <dcd_rp2040_irq+0x4a6>
200007c6:	003e      	movs	r6, r7
200007c8:	e6c4      	b.n	20000554 <dcd_rp2040_irq+0x5c>
200007ca:	3338      	adds	r3, #56	@ 0x38
200007cc:	5ce6      	ldrb	r6, [r4, r3]
200007ce:	2e00      	cmp	r6, #0
200007d0:	d100      	bne.n	200007d4 <dcd_rp2040_irq+0x2dc>
200007d2:	e6aa      	b.n	2000052a <dcd_rp2040_irq+0x32>
200007d4:	3302      	adds	r3, #2
200007d6:	5ce2      	ldrb	r2, [r4, r3]
200007d8:	2a00      	cmp	r2, #0
200007da:	d100      	bne.n	200007de <dcd_rp2040_irq+0x2e6>
200007dc:	e6a5      	b.n	2000052a <dcd_rp2040_irq+0x32>
200007de:	0020      	movs	r0, r4
200007e0:	2200      	movs	r2, #0
200007e2:	3020      	adds	r0, #32
200007e4:	54e2      	strb	r2, [r4, r3]
200007e6:	f000 fa4d 	bl	20000c84 <hw_endpoint_start_next_buffer>
200007ea:	e69e      	b.n	2000052a <dcd_rp2040_irq+0x32>
200007ec:	33b9      	adds	r3, #185	@ 0xb9
200007ee:	33ff      	adds	r3, #255	@ 0xff
200007f0:	5ce7      	ldrb	r7, [r4, r3]
200007f2:	2f00      	cmp	r7, #0
200007f4:	d100      	bne.n	200007f8 <dcd_rp2040_irq+0x300>
200007f6:	e6b9      	b.n	2000056c <dcd_rp2040_irq+0x74>
200007f8:	3302      	adds	r3, #2
200007fa:	5ce2      	ldrb	r2, [r4, r3]
200007fc:	2a00      	cmp	r2, #0
200007fe:	d000      	beq.n	20000802 <dcd_rp2040_irq+0x30a>
20000800:	e0c4      	b.n	2000098c <dcd_rp2040_irq+0x494>
20000802:	003e      	movs	r6, r7
20000804:	e6b2      	b.n	2000056c <dcd_rp2040_irq+0x74>
20000806:	4b18      	ldr	r3, [pc, #96]	@ (20000868 <dcd_rp2040_irq+0x370>)
20000808:	5ce7      	ldrb	r7, [r4, r3]
2000080a:	2f00      	cmp	r7, #0
2000080c:	d100      	bne.n	20000810 <dcd_rp2040_irq+0x318>
2000080e:	e6c7      	b.n	200005a0 <dcd_rp2040_irq+0xa8>
20000810:	3302      	adds	r3, #2
20000812:	5ce2      	ldrb	r2, [r4, r3]
20000814:	2a00      	cmp	r2, #0
20000816:	d000      	beq.n	2000081a <dcd_rp2040_irq+0x322>
20000818:	e0b0      	b.n	2000097c <dcd_rp2040_irq+0x484>
2000081a:	003e      	movs	r6, r7
2000081c:	e6c0      	b.n	200005a0 <dcd_rp2040_irq+0xa8>
2000081e:	46c0      	nop			@ (mov r8, r8)
20000820:	50110000 	.word	0x50110000
20000824:	40054000 	.word	0x40054000
20000828:	20001cd4 	.word	0x20001cd4
2000082c:	20001ccc 	.word	0x20001ccc
20000830:	0000023b 	.word	0x0000023b
20000834:	0000027b 	.word	0x0000027b
20000838:	000002bb 	.word	0x000002bb
2000083c:	000002fb 	.word	0x000002fb
20000840:	0000033b 	.word	0x0000033b
20000844:	0000037b 	.word	0x0000037b
20000848:	000003bb 	.word	0x000003bb
2000084c:	000003fb 	.word	0x000003fb
20000850:	2000213b 	.word	0x2000213b
20000854:	50113000 	.word	0x50113000
20000858:	00020010 	.word	0x00020010
2000085c:	50100000 	.word	0x50100000
20000860:	50112000 	.word	0x50112000
20000864:	0000027a 	.word	0x0000027a
20000868:	000002fa 	.word	0x000002fa
2000086c:	4b6b      	ldr	r3, [pc, #428]	@ (20000a1c <dcd_rp2040_irq+0x524>)
2000086e:	5ce7      	ldrb	r7, [r4, r3]
20000870:	2f00      	cmp	r7, #0
20000872:	d100      	bne.n	20000876 <dcd_rp2040_irq+0x37e>
20000874:	e685      	b.n	20000582 <dcd_rp2040_irq+0x8a>
20000876:	3302      	adds	r3, #2
20000878:	5ce2      	ldrb	r2, [r4, r3]
2000087a:	2a00      	cmp	r2, #0
2000087c:	d176      	bne.n	2000096c <dcd_rp2040_irq+0x474>
2000087e:	003e      	movs	r6, r7
20000880:	e67f      	b.n	20000582 <dcd_rp2040_irq+0x8a>
20000882:	4b67      	ldr	r3, [pc, #412]	@ (20000a20 <dcd_rp2040_irq+0x528>)
20000884:	5ce7      	ldrb	r7, [r4, r3]
20000886:	2f00      	cmp	r7, #0
20000888:	d100      	bne.n	2000088c <dcd_rp2040_irq+0x394>
2000088a:	e684      	b.n	20000596 <dcd_rp2040_irq+0x9e>
2000088c:	3302      	adds	r3, #2
2000088e:	5ce2      	ldrb	r2, [r4, r3]
20000890:	2a00      	cmp	r2, #0
20000892:	d163      	bne.n	2000095c <dcd_rp2040_irq+0x464>
20000894:	003e      	movs	r6, r7
20000896:	e67e      	b.n	20000596 <dcd_rp2040_irq+0x9e>
20000898:	4b62      	ldr	r3, [pc, #392]	@ (20000a24 <dcd_rp2040_irq+0x52c>)
2000089a:	5ce7      	ldrb	r7, [r4, r3]
2000089c:	2f00      	cmp	r7, #0
2000089e:	d100      	bne.n	200008a2 <dcd_rp2040_irq+0x3aa>
200008a0:	e688      	b.n	200005b4 <dcd_rp2040_irq+0xbc>
200008a2:	3302      	adds	r3, #2
200008a4:	5ce2      	ldrb	r2, [r4, r3]
200008a6:	2a00      	cmp	r2, #0
200008a8:	d000      	beq.n	200008ac <dcd_rp2040_irq+0x3b4>
200008aa:	e0a3      	b.n	200009f4 <dcd_rp2040_irq+0x4fc>
200008ac:	4b5e      	ldr	r3, [pc, #376]	@ (20000a28 <dcd_rp2040_irq+0x530>)
200008ae:	5ce3      	ldrb	r3, [r4, r3]
200008b0:	2b02      	cmp	r3, #2
200008b2:	d130      	bne.n	20000916 <dcd_rp2040_irq+0x41e>
200008b4:	4b5d      	ldr	r3, [pc, #372]	@ (20000a2c <dcd_rp2040_irq+0x534>)
200008b6:	5ce3      	ldrb	r3, [r4, r3]
200008b8:	2b00      	cmp	r3, #0
200008ba:	d127      	bne.n	2000090c <dcd_rp2040_irq+0x414>
200008bc:	4b5c      	ldr	r3, [pc, #368]	@ (20000a30 <dcd_rp2040_irq+0x538>)
200008be:	5ce3      	ldrb	r3, [r4, r3]
200008c0:	2b02      	cmp	r3, #2
200008c2:	d000      	beq.n	200008c6 <dcd_rp2040_irq+0x3ce>
200008c4:	e68b      	b.n	200005de <dcd_rp2040_irq+0xe6>
200008c6:	003e      	movs	r6, r7
200008c8:	4b5a      	ldr	r3, [pc, #360]	@ (20000a34 <dcd_rp2040_irq+0x53c>)
200008ca:	5ce3      	ldrb	r3, [r4, r3]
200008cc:	2b00      	cmp	r3, #0
200008ce:	d100      	bne.n	200008d2 <dcd_rp2040_irq+0x3da>
200008d0:	e67a      	b.n	200005c8 <dcd_rp2040_irq+0xd0>
200008d2:	23ff      	movs	r3, #255	@ 0xff
200008d4:	009b      	lsls	r3, r3, #2
200008d6:	5ce2      	ldrb	r2, [r4, r3]
200008d8:	2a00      	cmp	r2, #0
200008da:	d100      	bne.n	200008de <dcd_rp2040_irq+0x3e6>
200008dc:	e67f      	b.n	200005de <dcd_rp2040_irq+0xe6>
200008de:	2200      	movs	r2, #0
200008e0:	54e2      	strb	r2, [r4, r3]
200008e2:	3b1c      	subs	r3, #28
200008e4:	18e0      	adds	r0, r4, r3
200008e6:	f000 f9cd 	bl	20000c84 <hw_endpoint_start_next_buffer>
200008ea:	e678      	b.n	200005de <dcd_rp2040_irq+0xe6>
200008ec:	4b52      	ldr	r3, [pc, #328]	@ (20000a38 <dcd_rp2040_irq+0x540>)
200008ee:	5ce7      	ldrb	r7, [r4, r3]
200008f0:	2f00      	cmp	r7, #0
200008f2:	d100      	bne.n	200008f6 <dcd_rp2040_irq+0x3fe>
200008f4:	e659      	b.n	200005aa <dcd_rp2040_irq+0xb2>
200008f6:	3302      	adds	r3, #2
200008f8:	5ce2      	ldrb	r2, [r4, r3]
200008fa:	2a00      	cmp	r2, #0
200008fc:	d116      	bne.n	2000092c <dcd_rp2040_irq+0x434>
200008fe:	003e      	movs	r6, r7
20000900:	e653      	b.n	200005aa <dcd_rp2040_irq+0xb2>
20000902:	4b4a      	ldr	r3, [pc, #296]	@ (20000a2c <dcd_rp2040_irq+0x534>)
20000904:	5ce3      	ldrb	r3, [r4, r3]
20000906:	2b00      	cmp	r3, #0
20000908:	d100      	bne.n	2000090c <dcd_rp2040_irq+0x414>
2000090a:	e658      	b.n	200005be <dcd_rp2040_irq+0xc6>
2000090c:	23ef      	movs	r3, #239	@ 0xef
2000090e:	009b      	lsls	r3, r3, #2
20000910:	5ce2      	ldrb	r2, [r4, r3]
20000912:	2a00      	cmp	r2, #0
20000914:	d175      	bne.n	20000a02 <dcd_rp2040_irq+0x50a>
20000916:	4b46      	ldr	r3, [pc, #280]	@ (20000a30 <dcd_rp2040_irq+0x538>)
20000918:	5ce3      	ldrb	r3, [r4, r3]
2000091a:	2b02      	cmp	r3, #2
2000091c:	d000      	beq.n	20000920 <dcd_rp2040_irq+0x428>
2000091e:	e65e      	b.n	200005de <dcd_rp2040_irq+0xe6>
20000920:	4b44      	ldr	r3, [pc, #272]	@ (20000a34 <dcd_rp2040_irq+0x53c>)
20000922:	5ce3      	ldrb	r3, [r4, r3]
20000924:	2b00      	cmp	r3, #0
20000926:	d100      	bne.n	2000092a <dcd_rp2040_irq+0x432>
20000928:	e659      	b.n	200005de <dcd_rp2040_irq+0xe6>
2000092a:	e7d2      	b.n	200008d2 <dcd_rp2040_irq+0x3da>
2000092c:	2200      	movs	r2, #0
2000092e:	54e2      	strb	r2, [r4, r3]
20000930:	3b1c      	subs	r3, #28
20000932:	18e0      	adds	r0, r4, r3
20000934:	f000 f9a6 	bl	20000c84 <hw_endpoint_start_next_buffer>
20000938:	003e      	movs	r6, r7
2000093a:	e636      	b.n	200005aa <dcd_rp2040_irq+0xb2>
2000093c:	0020      	movs	r0, r4
2000093e:	2200      	movs	r2, #0
20000940:	30a0      	adds	r0, #160	@ 0xa0
20000942:	54e2      	strb	r2, [r4, r3]
20000944:	003e      	movs	r6, r7
20000946:	f000 f99d 	bl	20000c84 <hw_endpoint_start_next_buffer>
2000094a:	e5f8      	b.n	2000053e <dcd_rp2040_irq+0x46>
2000094c:	0020      	movs	r0, r4
2000094e:	2200      	movs	r2, #0
20000950:	3060      	adds	r0, #96	@ 0x60
20000952:	54e2      	strb	r2, [r4, r3]
20000954:	003e      	movs	r6, r7
20000956:	f000 f995 	bl	20000c84 <hw_endpoint_start_next_buffer>
2000095a:	e5eb      	b.n	20000534 <dcd_rp2040_irq+0x3c>
2000095c:	2200      	movs	r2, #0
2000095e:	54e2      	strb	r2, [r4, r3]
20000960:	3b1c      	subs	r3, #28
20000962:	18e0      	adds	r0, r4, r3
20000964:	f000 f98e 	bl	20000c84 <hw_endpoint_start_next_buffer>
20000968:	003e      	movs	r6, r7
2000096a:	e614      	b.n	20000596 <dcd_rp2040_irq+0x9e>
2000096c:	2200      	movs	r2, #0
2000096e:	54e2      	strb	r2, [r4, r3]
20000970:	3b1c      	subs	r3, #28
20000972:	18e0      	adds	r0, r4, r3
20000974:	f000 f986 	bl	20000c84 <hw_endpoint_start_next_buffer>
20000978:	003e      	movs	r6, r7
2000097a:	e602      	b.n	20000582 <dcd_rp2040_irq+0x8a>
2000097c:	2200      	movs	r2, #0
2000097e:	54e2      	strb	r2, [r4, r3]
20000980:	3b1c      	subs	r3, #28
20000982:	18e0      	adds	r0, r4, r3
20000984:	f000 f97e 	bl	20000c84 <hw_endpoint_start_next_buffer>
20000988:	003e      	movs	r6, r7
2000098a:	e609      	b.n	200005a0 <dcd_rp2040_irq+0xa8>
2000098c:	0020      	movs	r0, r4
2000098e:	2200      	movs	r2, #0
20000990:	30a1      	adds	r0, #161	@ 0xa1
20000992:	30ff      	adds	r0, #255	@ 0xff
20000994:	54e2      	strb	r2, [r4, r3]
20000996:	003e      	movs	r6, r7
20000998:	f000 f974 	bl	20000c84 <hw_endpoint_start_next_buffer>
2000099c:	e5e6      	b.n	2000056c <dcd_rp2040_irq+0x74>
2000099e:	0020      	movs	r0, r4
200009a0:	2200      	movs	r2, #0
200009a2:	3021      	adds	r0, #33	@ 0x21
200009a4:	30ff      	adds	r0, #255	@ 0xff
200009a6:	54e2      	strb	r2, [r4, r3]
200009a8:	003e      	movs	r6, r7
200009aa:	f000 f96b 	bl	20000c84 <hw_endpoint_start_next_buffer>
200009ae:	e5d1      	b.n	20000554 <dcd_rp2040_irq+0x5c>
200009b0:	2200      	movs	r2, #0
200009b2:	54e2      	strb	r2, [r4, r3]
200009b4:	3b1c      	subs	r3, #28
200009b6:	18e0      	adds	r0, r4, r3
200009b8:	f000 f964 	bl	20000c84 <hw_endpoint_start_next_buffer>
200009bc:	003e      	movs	r6, r7
200009be:	e5e5      	b.n	2000058c <dcd_rp2040_irq+0x94>
200009c0:	0020      	movs	r0, r4
200009c2:	2200      	movs	r2, #0
200009c4:	3061      	adds	r0, #97	@ 0x61
200009c6:	30ff      	adds	r0, #255	@ 0xff
200009c8:	54e2      	strb	r2, [r4, r3]
200009ca:	003e      	movs	r6, r7
200009cc:	f000 f95a 	bl	20000c84 <hw_endpoint_start_next_buffer>
200009d0:	e5c6      	b.n	20000560 <dcd_rp2040_irq+0x68>
200009d2:	0020      	movs	r0, r4
200009d4:	2200      	movs	r2, #0
200009d6:	30e1      	adds	r0, #225	@ 0xe1
200009d8:	30ff      	adds	r0, #255	@ 0xff
200009da:	54e2      	strb	r2, [r4, r3]
200009dc:	003e      	movs	r6, r7
200009de:	f000 f951 	bl	20000c84 <hw_endpoint_start_next_buffer>
200009e2:	e5c9      	b.n	20000578 <dcd_rp2040_irq+0x80>
200009e4:	0020      	movs	r0, r4
200009e6:	2200      	movs	r2, #0
200009e8:	30e0      	adds	r0, #224	@ 0xe0
200009ea:	54e2      	strb	r2, [r4, r3]
200009ec:	003e      	movs	r6, r7
200009ee:	f000 f949 	bl	20000c84 <hw_endpoint_start_next_buffer>
200009f2:	e5a9      	b.n	20000548 <dcd_rp2040_irq+0x50>
200009f4:	2200      	movs	r2, #0
200009f6:	54e2      	strb	r2, [r4, r3]
200009f8:	3b1c      	subs	r3, #28
200009fa:	18e0      	adds	r0, r4, r3
200009fc:	f000 f942 	bl	20000c84 <hw_endpoint_start_next_buffer>
20000a00:	e754      	b.n	200008ac <dcd_rp2040_irq+0x3b4>
20000a02:	2200      	movs	r2, #0
20000a04:	54e2      	strb	r2, [r4, r3]
20000a06:	3b1c      	subs	r3, #28
20000a08:	18e0      	adds	r0, r4, r3
20000a0a:	f000 f93b 	bl	20000c84 <hw_endpoint_start_next_buffer>
20000a0e:	e782      	b.n	20000916 <dcd_rp2040_irq+0x41e>
20000a10:	0031      	movs	r1, r6
20000a12:	480a      	ldr	r0, [pc, #40]	@ (20000a3c <dcd_rp2040_irq+0x544>)
20000a14:	4069      	eors	r1, r5
20000a16:	f000 fa87 	bl	20000f28 <__panic_veneer>
20000a1a:	46c0      	nop			@ (mov r8, r8)
20000a1c:	0000023a 	.word	0x0000023a
20000a20:	000002ba 	.word	0x000002ba
20000a24:	0000037a 	.word	0x0000037a
20000a28:	000003bb 	.word	0x000003bb
20000a2c:	000003ba 	.word	0x000003ba
20000a30:	000003fb 	.word	0x000003fb
20000a34:	000003fa 	.word	0x000003fa
20000a38:	0000033a 	.word	0x0000033a
20000a3c:	100075cc 	.word	0x100075cc

20000a40 <prepare_ep_buffer>:
20000a40:	b5f0      	push	{r4, r5, r6, r7, lr}
20000a42:	46c6      	mov	lr, r8
20000a44:	b500      	push	{lr}
20000a46:	0002      	movs	r2, r0
20000a48:	8a83      	ldrh	r3, [r0, #20]
20000a4a:	8b00      	ldrh	r0, [r0, #24]
20000a4c:	468c      	mov	ip, r1
20000a4e:	1c01      	adds	r1, r0, #0
20000a50:	4298      	cmp	r0, r3
20000a52:	d900      	bls.n	20000a56 <prepare_ep_buffer+0x16>
20000a54:	1c19      	adds	r1, r3, #0
20000a56:	78d4      	ldrb	r4, [r2, #3]
20000a58:	2580      	movs	r5, #128	@ 0x80
20000a5a:	0020      	movs	r0, r4
20000a5c:	1e46      	subs	r6, r0, #1
20000a5e:	41b0      	sbcs	r0, r6
20000a60:	b289      	uxth	r1, r1
20000a62:	00ed      	lsls	r5, r5, #3
20000a64:	430d      	orrs	r5, r1
20000a66:	0340      	lsls	r0, r0, #13
20000a68:	4328      	orrs	r0, r5
20000a6a:	2501      	movs	r5, #1
20000a6c:	406c      	eors	r4, r5
20000a6e:	1a5b      	subs	r3, r3, r1
20000a70:	70d4      	strb	r4, [r2, #3]
20000a72:	7854      	ldrb	r4, [r2, #1]
20000a74:	b29b      	uxth	r3, r3
20000a76:	8293      	strh	r3, [r2, #20]
20000a78:	2c00      	cmp	r4, #0
20000a7a:	d131      	bne.n	20000ae0 <prepare_ep_buffer+0xa0>
20000a7c:	4664      	mov	r4, ip
20000a7e:	68d5      	ldr	r5, [r2, #12]
20000a80:	01a4      	lsls	r4, r4, #6
20000a82:	1e4e      	subs	r6, r1, #1
20000a84:	192d      	adds	r5, r5, r4
20000a86:	46b0      	mov	r8, r6
20000a88:	6914      	ldr	r4, [r2, #16]
20000a8a:	2900      	cmp	r1, #0
20000a8c:	d023      	beq.n	20000ad6 <prepare_ep_buffer+0x96>
20000a8e:	2e06      	cmp	r6, #6
20000a90:	d932      	bls.n	20000af8 <prepare_ep_buffer+0xb8>
20000a92:	002b      	movs	r3, r5
20000a94:	4323      	orrs	r3, r4
20000a96:	079b      	lsls	r3, r3, #30
20000a98:	d12e      	bne.n	20000af8 <prepare_ep_buffer+0xb8>
20000a9a:	1c63      	adds	r3, r4, #1
20000a9c:	1aeb      	subs	r3, r5, r3
20000a9e:	2b02      	cmp	r3, #2
20000aa0:	d92a      	bls.n	20000af8 <prepare_ep_buffer+0xb8>
20000aa2:	2300      	movs	r3, #0
20000aa4:	088f      	lsrs	r7, r1, #2
20000aa6:	00bf      	lsls	r7, r7, #2
20000aa8:	58e6      	ldr	r6, [r4, r3]
20000aaa:	50ee      	str	r6, [r5, r3]
20000aac:	3304      	adds	r3, #4
20000aae:	429f      	cmp	r7, r3
20000ab0:	d1fa      	bne.n	20000aa8 <prepare_ep_buffer+0x68>
20000ab2:	4643      	mov	r3, r8
20000ab4:	19ed      	adds	r5, r5, r7
20000ab6:	1bdb      	subs	r3, r3, r7
20000ab8:	19e4      	adds	r4, r4, r7
20000aba:	42b9      	cmp	r1, r7
20000abc:	d009      	beq.n	20000ad2 <prepare_ep_buffer+0x92>
20000abe:	7826      	ldrb	r6, [r4, #0]
20000ac0:	702e      	strb	r6, [r5, #0]
20000ac2:	2b00      	cmp	r3, #0
20000ac4:	d005      	beq.n	20000ad2 <prepare_ep_buffer+0x92>
20000ac6:	7866      	ldrb	r6, [r4, #1]
20000ac8:	706e      	strb	r6, [r5, #1]
20000aca:	2b01      	cmp	r3, #1
20000acc:	d001      	beq.n	20000ad2 <prepare_ep_buffer+0x92>
20000ace:	78a3      	ldrb	r3, [r4, #2]
20000ad0:	70ab      	strb	r3, [r5, #2]
20000ad2:	6914      	ldr	r4, [r2, #16]
20000ad4:	8a93      	ldrh	r3, [r2, #20]
20000ad6:	1864      	adds	r4, r4, r1
20000ad8:	6114      	str	r4, [r2, #16]
20000ada:	2280      	movs	r2, #128	@ 0x80
20000adc:	0212      	lsls	r2, r2, #8
20000ade:	4310      	orrs	r0, r2
20000ae0:	2b00      	cmp	r3, #0
20000ae2:	d102      	bne.n	20000aea <prepare_ep_buffer+0xaa>
20000ae4:	2380      	movs	r3, #128	@ 0x80
20000ae6:	01db      	lsls	r3, r3, #7
20000ae8:	4318      	orrs	r0, r3
20000aea:	4663      	mov	r3, ip
20000aec:	2b00      	cmp	r3, #0
20000aee:	d000      	beq.n	20000af2 <prepare_ep_buffer+0xb2>
20000af0:	0400      	lsls	r0, r0, #16
20000af2:	bc80      	pop	{r7}
20000af4:	46b8      	mov	r8, r7
20000af6:	bdf0      	pop	{r4, r5, r6, r7, pc}
20000af8:	2300      	movs	r3, #0
20000afa:	5ce6      	ldrb	r6, [r4, r3]
20000afc:	54ee      	strb	r6, [r5, r3]
20000afe:	3301      	adds	r3, #1
20000b00:	4299      	cmp	r1, r3
20000b02:	d1fa      	bne.n	20000afa <prepare_ep_buffer+0xba>
20000b04:	e7e5      	b.n	20000ad2 <prepare_ep_buffer+0x92>
20000b06:	46c0      	nop			@ (mov r8, r8)

20000b08 <sync_ep_buffer>:
20000b08:	6883      	ldr	r3, [r0, #8]
20000b0a:	b5f0      	push	{r4, r5, r6, r7, lr}
20000b0c:	681a      	ldr	r2, [r3, #0]
20000b0e:	0004      	movs	r4, r0
20000b10:	2900      	cmp	r1, #0
20000b12:	d000      	beq.n	20000b16 <sync_ep_buffer+0xe>
20000b14:	0c12      	lsrs	r2, r2, #16
20000b16:	7863      	ldrb	r3, [r4, #1]
20000b18:	0592      	lsls	r2, r2, #22
20000b1a:	0d90      	lsrs	r0, r2, #22
20000b1c:	2b00      	cmp	r3, #0
20000b1e:	d108      	bne.n	20000b32 <sync_ep_buffer+0x2a>
20000b20:	8ae3      	ldrh	r3, [r4, #22]
20000b22:	18c3      	adds	r3, r0, r3
20000b24:	82e3      	strh	r3, [r4, #22]
20000b26:	8b23      	ldrh	r3, [r4, #24]
20000b28:	4283      	cmp	r3, r0
20000b2a:	d901      	bls.n	20000b30 <sync_ep_buffer+0x28>
20000b2c:	2300      	movs	r3, #0
20000b2e:	82a3      	strh	r3, [r4, #20]
20000b30:	bdf0      	pop	{r4, r5, r6, r7, pc}
20000b32:	68e3      	ldr	r3, [r4, #12]
20000b34:	0189      	lsls	r1, r1, #6
20000b36:	6925      	ldr	r5, [r4, #16]
20000b38:	185e      	adds	r6, r3, r1
20000b3a:	1e47      	subs	r7, r0, #1
20000b3c:	2800      	cmp	r0, #0
20000b3e:	d022      	beq.n	20000b86 <sync_ep_buffer+0x7e>
20000b40:	2f06      	cmp	r7, #6
20000b42:	d926      	bls.n	20000b92 <sync_ep_buffer+0x8a>
20000b44:	3101      	adds	r1, #1
20000b46:	185b      	adds	r3, r3, r1
20000b48:	1aeb      	subs	r3, r5, r3
20000b4a:	2b02      	cmp	r3, #2
20000b4c:	d921      	bls.n	20000b92 <sync_ep_buffer+0x8a>
20000b4e:	002b      	movs	r3, r5
20000b50:	4333      	orrs	r3, r6
20000b52:	079b      	lsls	r3, r3, #30
20000b54:	d11d      	bne.n	20000b92 <sync_ep_buffer+0x8a>
20000b56:	2300      	movs	r3, #0
20000b58:	0e12      	lsrs	r2, r2, #24
20000b5a:	0092      	lsls	r2, r2, #2
20000b5c:	58f1      	ldr	r1, [r6, r3]
20000b5e:	50e9      	str	r1, [r5, r3]
20000b60:	3304      	adds	r3, #4
20000b62:	429a      	cmp	r2, r3
20000b64:	d1fa      	bne.n	20000b5c <sync_ep_buffer+0x54>
20000b66:	1abf      	subs	r7, r7, r2
20000b68:	18ad      	adds	r5, r5, r2
20000b6a:	18b6      	adds	r6, r6, r2
20000b6c:	4290      	cmp	r0, r2
20000b6e:	d009      	beq.n	20000b84 <sync_ep_buffer+0x7c>
20000b70:	7832      	ldrb	r2, [r6, #0]
20000b72:	702a      	strb	r2, [r5, #0]
20000b74:	2f00      	cmp	r7, #0
20000b76:	d005      	beq.n	20000b84 <sync_ep_buffer+0x7c>
20000b78:	7872      	ldrb	r2, [r6, #1]
20000b7a:	706a      	strb	r2, [r5, #1]
20000b7c:	2f01      	cmp	r7, #1
20000b7e:	d001      	beq.n	20000b84 <sync_ep_buffer+0x7c>
20000b80:	78b2      	ldrb	r2, [r6, #2]
20000b82:	70aa      	strb	r2, [r5, #2]
20000b84:	6925      	ldr	r5, [r4, #16]
20000b86:	8ae3      	ldrh	r3, [r4, #22]
20000b88:	182d      	adds	r5, r5, r0
20000b8a:	18c3      	adds	r3, r0, r3
20000b8c:	82e3      	strh	r3, [r4, #22]
20000b8e:	6125      	str	r5, [r4, #16]
20000b90:	e7c9      	b.n	20000b26 <sync_ep_buffer+0x1e>
20000b92:	2200      	movs	r2, #0
20000b94:	5cb3      	ldrb	r3, [r6, r2]
20000b96:	54ab      	strb	r3, [r5, r2]
20000b98:	3201      	adds	r2, #1
20000b9a:	4290      	cmp	r0, r2
20000b9c:	d1fa      	bne.n	20000b94 <sync_ep_buffer+0x8c>
20000b9e:	6925      	ldr	r5, [r4, #16]
20000ba0:	e7f1      	b.n	20000b86 <sync_ep_buffer+0x7e>
20000ba2:	46c0      	nop			@ (mov r8, r8)

20000ba4 <_hw_endpoint_xfer_sync>:
20000ba4:	b510      	push	{r4, lr}
20000ba6:	0004      	movs	r4, r0
20000ba8:	6883      	ldr	r3, [r0, #8]
20000baa:	2100      	movs	r1, #0
20000bac:	681b      	ldr	r3, [r3, #0]
20000bae:	f7ff ffab 	bl	20000b08 <sync_ep_buffer>
20000bb2:	6863      	ldr	r3, [r4, #4]
20000bb4:	681b      	ldr	r3, [r3, #0]
20000bb6:	005b      	lsls	r3, r3, #1
20000bb8:	d502      	bpl.n	20000bc0 <_hw_endpoint_xfer_sync+0x1c>
20000bba:	8b23      	ldrh	r3, [r4, #24]
20000bbc:	4283      	cmp	r3, r0
20000bbe:	d000      	beq.n	20000bc2 <_hw_endpoint_xfer_sync+0x1e>
20000bc0:	bd10      	pop	{r4, pc}
20000bc2:	2101      	movs	r1, #1
20000bc4:	0020      	movs	r0, r4
20000bc6:	f7ff ff9f 	bl	20000b08 <sync_ep_buffer>
20000bca:	e7f9      	b.n	20000bc0 <_hw_endpoint_xfer_sync+0x1c>

20000bcc <e15_is_bulkin_ep>:
20000bcc:	4a08      	ldr	r2, [pc, #32]	@ (20000bf0 <e15_is_bulkin_ep+0x24>)
20000bce:	0003      	movs	r3, r0
20000bd0:	6c12      	ldr	r2, [r2, #64]	@ 0x40
20000bd2:	2000      	movs	r0, #0
20000bd4:	0792      	lsls	r2, r2, #30
20000bd6:	d403      	bmi.n	20000be0 <e15_is_bulkin_ep+0x14>
20000bd8:	789a      	ldrb	r2, [r3, #2]
20000bda:	09d2      	lsrs	r2, r2, #7
20000bdc:	2a01      	cmp	r2, #1
20000bde:	d000      	beq.n	20000be2 <e15_is_bulkin_ep+0x16>
20000be0:	4770      	bx	lr
20000be2:	7ed8      	ldrb	r0, [r3, #27]
20000be4:	3802      	subs	r0, #2
20000be6:	4243      	negs	r3, r0
20000be8:	4158      	adcs	r0, r3
20000bea:	b2c0      	uxtb	r0, r0
20000bec:	e7f8      	b.n	20000be0 <e15_is_bulkin_ep+0x14>
20000bee:	46c0      	nop			@ (mov r8, r8)
20000bf0:	50110000 	.word	0x50110000

20000bf4 <e15_is_critical_frame_period>:
20000bf4:	b510      	push	{r4, lr}
20000bf6:	f7ff ffe9 	bl	20000bcc <e15_is_bulkin_ep>
20000bfa:	2800      	cmp	r0, #0
20000bfc:	d00c      	beq.n	20000c18 <e15_is_critical_frame_period+0x24>
20000bfe:	4907      	ldr	r1, [pc, #28]	@ (20000c1c <e15_is_critical_frame_period+0x28>)
20000c00:	4b07      	ldr	r3, [pc, #28]	@ (20000c20 <e15_is_critical_frame_period+0x2c>)
20000c02:	468c      	mov	ip, r1
20000c04:	4a07      	ldr	r2, [pc, #28]	@ (20000c24 <e15_is_critical_frame_period+0x30>)
20000c06:	6a9b      	ldr	r3, [r3, #40]	@ 0x28
20000c08:	6812      	ldr	r2, [r2, #0]
20000c0a:	4463      	add	r3, ip
20000c0c:	1a9b      	subs	r3, r3, r2
20000c0e:	2000      	movs	r0, #0
20000c10:	22c6      	movs	r2, #198	@ 0xc6
20000c12:	429a      	cmp	r2, r3
20000c14:	4140      	adcs	r0, r0
20000c16:	b2c0      	uxtb	r0, r0
20000c18:	bd10      	pop	{r4, pc}
20000c1a:	46c0      	nop			@ (mov r8, r8)
20000c1c:	fffffce0 	.word	0xfffffce0
20000c20:	40054000 	.word	0x40054000
20000c24:	20001ccc 	.word	0x20001ccc

20000c28 <hw_endpoint_reset_transfer>:
20000c28:	2300      	movs	r3, #0
20000c2a:	7683      	strb	r3, [r0, #26]
20000c2c:	6143      	str	r3, [r0, #20]
20000c2e:	6103      	str	r3, [r0, #16]
20000c30:	4770      	bx	lr
20000c32:	46c0      	nop			@ (mov r8, r8)

20000c34 <_hw_endpoint_buffer_control_update32>:
20000c34:	b510      	push	{r4, lr}
20000c36:	6883      	ldr	r3, [r0, #8]
20000c38:	2900      	cmp	r1, #0
20000c3a:	d001      	beq.n	20000c40 <_hw_endpoint_buffer_control_update32+0xc>
20000c3c:	681c      	ldr	r4, [r3, #0]
20000c3e:	4021      	ands	r1, r4
20000c40:	2a00      	cmp	r2, #0
20000c42:	d012      	beq.n	20000c6a <_hw_endpoint_buffer_control_update32+0x36>
20000c44:	2480      	movs	r4, #128	@ 0x80
20000c46:	00e4      	lsls	r4, r4, #3
20000c48:	4311      	orrs	r1, r2
20000c4a:	4222      	tst	r2, r4
20000c4c:	d00d      	beq.n	20000c6a <_hw_endpoint_buffer_control_update32+0x36>
20000c4e:	681a      	ldr	r2, [r3, #0]
20000c50:	4222      	tst	r2, r4
20000c52:	d10c      	bne.n	20000c6e <_hw_endpoint_buffer_control_update32+0x3a>
20000c54:	4a08      	ldr	r2, [pc, #32]	@ (20000c78 <_hw_endpoint_buffer_control_update32+0x44>)
20000c56:	400a      	ands	r2, r1
20000c58:	601a      	str	r2, [r3, #0]
20000c5a:	4a08      	ldr	r2, [pc, #32]	@ (20000c7c <_hw_endpoint_buffer_control_update32+0x48>)
20000c5c:	6c12      	ldr	r2, [r2, #64]	@ 0x40
20000c5e:	0792      	lsls	r2, r2, #30
20000c60:	d403      	bmi.n	20000c6a <_hw_endpoint_buffer_control_update32+0x36>
20000c62:	230c      	movs	r3, #12
20000c64:	3b03      	subs	r3, #3
20000c66:	d2fd      	bcs.n	20000c64 <_hw_endpoint_buffer_control_update32+0x30>
20000c68:	6883      	ldr	r3, [r0, #8]
20000c6a:	6019      	str	r1, [r3, #0]
20000c6c:	bd10      	pop	{r4, pc}
20000c6e:	7881      	ldrb	r1, [r0, #2]
20000c70:	4803      	ldr	r0, [pc, #12]	@ (20000c80 <_hw_endpoint_buffer_control_update32+0x4c>)
20000c72:	f000 f959 	bl	20000f28 <__panic_veneer>
20000c76:	46c0      	nop			@ (mov r8, r8)
20000c78:	fffffbff 	.word	0xfffffbff
20000c7c:	50110000 	.word	0x50110000
20000c80:	100075e0 	.word	0x100075e0

20000c84 <hw_endpoint_start_next_buffer>:
20000c84:	6843      	ldr	r3, [r0, #4]
20000c86:	b570      	push	{r4, r5, r6, lr}
20000c88:	2100      	movs	r1, #0
20000c8a:	2580      	movs	r5, #128	@ 0x80
20000c8c:	0004      	movs	r4, r0
20000c8e:	681e      	ldr	r6, [r3, #0]
20000c90:	f7ff fed6 	bl	20000a40 <prepare_ep_buffer>
20000c94:	4b12      	ldr	r3, [pc, #72]	@ (20000ce0 <hw_endpoint_start_next_buffer+0x5c>)
20000c96:	016d      	lsls	r5, r5, #5
20000c98:	6c1a      	ldr	r2, [r3, #64]	@ 0x40
20000c9a:	4305      	orrs	r5, r0
20000c9c:	78a3      	ldrb	r3, [r4, #2]
20000c9e:	0792      	lsls	r2, r2, #30
20000ca0:	d50e      	bpl.n	20000cc0 <hw_endpoint_start_next_buffer+0x3c>
20000ca2:	065b      	lsls	r3, r3, #25
20000ca4:	d00e      	beq.n	20000cc4 <hw_endpoint_start_next_buffer+0x40>
20000ca6:	4b0f      	ldr	r3, [pc, #60]	@ (20000ce4 <hw_endpoint_start_next_buffer+0x60>)
20000ca8:	401e      	ands	r6, r3
20000caa:	2380      	movs	r3, #128	@ 0x80
20000cac:	059b      	lsls	r3, r3, #22
20000cae:	4333      	orrs	r3, r6
20000cb0:	6862      	ldr	r2, [r4, #4]
20000cb2:	2100      	movs	r1, #0
20000cb4:	6013      	str	r3, [r2, #0]
20000cb6:	0020      	movs	r0, r4
20000cb8:	002a      	movs	r2, r5
20000cba:	f7ff ffbb 	bl	20000c34 <_hw_endpoint_buffer_control_update32>
20000cbe:	bd70      	pop	{r4, r5, r6, pc}
20000cc0:	09db      	lsrs	r3, r3, #7
20000cc2:	d0f0      	beq.n	20000ca6 <hw_endpoint_start_next_buffer+0x22>
20000cc4:	8aa3      	ldrh	r3, [r4, #20]
20000cc6:	2b00      	cmp	r3, #0
20000cc8:	d0ed      	beq.n	20000ca6 <hw_endpoint_start_next_buffer+0x22>
20000cca:	2101      	movs	r1, #1
20000ccc:	0020      	movs	r0, r4
20000cce:	f7ff feb7 	bl	20000a40 <prepare_ep_buffer>
20000cd2:	23a0      	movs	r3, #160	@ 0xa0
20000cd4:	4a04      	ldr	r2, [pc, #16]	@ (20000ce8 <hw_endpoint_start_next_buffer+0x64>)
20000cd6:	05db      	lsls	r3, r3, #23
20000cd8:	4032      	ands	r2, r6
20000cda:	4305      	orrs	r5, r0
20000cdc:	4313      	orrs	r3, r2
20000cde:	e7e7      	b.n	20000cb0 <hw_endpoint_start_next_buffer+0x2c>
20000ce0:	50110000 	.word	0x50110000
20000ce4:	afffffff 	.word	0xafffffff
20000ce8:	dfffffff 	.word	0xdfffffff

20000cec <hw_endpoint_xfer_continue>:
20000cec:	b570      	push	{r4, r5, r6, lr}
20000cee:	7e85      	ldrb	r5, [r0, #26]
20000cf0:	0004      	movs	r4, r0
20000cf2:	2d00      	cmp	r5, #0
20000cf4:	d014      	beq.n	20000d20 <hw_endpoint_xfer_continue+0x34>
20000cf6:	f7ff ff55 	bl	20000ba4 <_hw_endpoint_xfer_sync>
20000cfa:	8aa3      	ldrh	r3, [r4, #20]
20000cfc:	2b00      	cmp	r3, #0
20000cfe:	d101      	bne.n	20000d04 <hw_endpoint_xfer_continue+0x18>
20000d00:	0028      	movs	r0, r5
20000d02:	bd70      	pop	{r4, r5, r6, pc}
20000d04:	0020      	movs	r0, r4
20000d06:	f7ff ff75 	bl	20000bf4 <e15_is_critical_frame_period>
20000d0a:	2800      	cmp	r0, #0
20000d0c:	d003      	beq.n	20000d16 <hw_endpoint_xfer_continue+0x2a>
20000d0e:	2301      	movs	r3, #1
20000d10:	2500      	movs	r5, #0
20000d12:	7723      	strb	r3, [r4, #28]
20000d14:	e7f4      	b.n	20000d00 <hw_endpoint_xfer_continue+0x14>
20000d16:	0020      	movs	r0, r4
20000d18:	f7ff ffb4 	bl	20000c84 <hw_endpoint_start_next_buffer>
20000d1c:	2500      	movs	r5, #0
20000d1e:	e7ef      	b.n	20000d00 <hw_endpoint_xfer_continue+0x14>
20000d20:	7881      	ldrb	r1, [r0, #2]
20000d22:	4801      	ldr	r0, [pc, #4]	@ (20000d28 <hw_endpoint_xfer_continue+0x3c>)
20000d24:	f000 f900 	bl	20000f28 <__panic_veneer>
20000d28:	10007600 	.word	0x10007600

20000d2c <dcd_event_handler>:
20000d2c:	b5f0      	push	{r4, r5, r6, r7, lr}
20000d2e:	46ce      	mov	lr, r9
20000d30:	4647      	mov	r7, r8
20000d32:	b580      	push	{r7, lr}
20000d34:	7843      	ldrb	r3, [r0, #1]
20000d36:	0005      	movs	r5, r0
20000d38:	000e      	movs	r6, r1
20000d3a:	b085      	sub	sp, #20
20000d3c:	2b06      	cmp	r3, #6
20000d3e:	d808      	bhi.n	20000d52 <dcd_event_handler+0x26>
20000d40:	4a6c      	ldr	r2, [pc, #432]	@ (20000ef4 <dcd_event_handler+0x1c8>)
20000d42:	009b      	lsls	r3, r3, #2
20000d44:	58d3      	ldr	r3, [r2, r3]
20000d46:	469f      	mov	pc, r3
20000d48:	4a6b      	ldr	r2, [pc, #428]	@ (20000ef8 <dcd_event_handler+0x1cc>)
20000d4a:	7813      	ldrb	r3, [r2, #0]
20000d4c:	3301      	adds	r3, #1
20000d4e:	b2db      	uxtb	r3, r3
20000d50:	7013      	strb	r3, [r2, #0]
20000d52:	4b6a      	ldr	r3, [pc, #424]	@ (20000efc <dcd_event_handler+0x1d0>)
20000d54:	681c      	ldr	r4, [r3, #0]
20000d56:	6962      	ldr	r2, [r4, #20]
20000d58:	f3ef 8110 	mrs	r1, PRIMASK
20000d5c:	b672      	cpsid	i
20000d5e:	6813      	ldr	r3, [r2, #0]
20000d60:	2b00      	cmp	r3, #0
20000d62:	d0fc      	beq.n	20000d5e <dcd_event_handler+0x32>
20000d64:	f3bf 8f5f 	dmb	sy
20000d68:	61a1      	str	r1, [r4, #24]
20000d6a:	0020      	movs	r0, r4
20000d6c:	0029      	movs	r1, r5
20000d6e:	f000 f8fb 	bl	20000f68 <__tu_fifo_write_veneer>
20000d72:	6962      	ldr	r2, [r4, #20]
20000d74:	69a3      	ldr	r3, [r4, #24]
20000d76:	f3bf 8f5f 	dmb	sy
20000d7a:	2100      	movs	r1, #0
20000d7c:	6011      	str	r1, [r2, #0]
20000d7e:	f383 8810 	msr	PRIMASK, r3
20000d82:	2800      	cmp	r0, #0
20000d84:	d104      	bne.n	20000d90 <dcd_event_handler+0x64>
20000d86:	b005      	add	sp, #20
20000d88:	bcc0      	pop	{r6, r7}
20000d8a:	46b9      	mov	r9, r7
20000d8c:	46b0      	mov	r8, r6
20000d8e:	bdf0      	pop	{r4, r5, r6, r7, pc}
20000d90:	0032      	movs	r2, r6
20000d92:	7869      	ldrb	r1, [r5, #1]
20000d94:	7828      	ldrb	r0, [r5, #0]
20000d96:	f000 f8df 	bl	20000f58 <__tud_event_hook_cb_veneer>
20000d9a:	e7f4      	b.n	20000d86 <dcd_event_handler+0x5a>
20000d9c:	2101      	movs	r1, #1
20000d9e:	4b58      	ldr	r3, [pc, #352]	@ (20000f00 <dcd_event_handler+0x1d4>)
20000da0:	781a      	ldrb	r2, [r3, #0]
20000da2:	438a      	bics	r2, r1
20000da4:	701a      	strb	r2, [r3, #0]
20000da6:	781a      	ldrb	r2, [r3, #0]
20000da8:	3101      	adds	r1, #1
20000daa:	438a      	bics	r2, r1
20000dac:	701a      	strb	r2, [r3, #0]
20000dae:	2200      	movs	r2, #0
20000db0:	705a      	strb	r2, [r3, #1]
20000db2:	781a      	ldrb	r2, [r3, #0]
20000db4:	3102      	adds	r1, #2
20000db6:	438a      	bics	r2, r1
20000db8:	701a      	strb	r2, [r3, #0]
20000dba:	e7ca      	b.n	20000d52 <dcd_event_handler+0x26>
20000dbc:	4951      	ldr	r1, [pc, #324]	@ (20000f04 <dcd_event_handler+0x1d8>)
20000dbe:	4f52      	ldr	r7, [pc, #328]	@ (20000f08 <dcd_event_handler+0x1dc>)
20000dc0:	4689      	mov	r9, r1
20000dc2:	4952      	ldr	r1, [pc, #328]	@ (20000f0c <dcd_event_handler+0x1e0>)
20000dc4:	2400      	movs	r4, #0
20000dc6:	2300      	movs	r3, #0
20000dc8:	4688      	mov	r8, r1
20000dca:	783a      	ldrb	r2, [r7, #0]
20000dcc:	e012      	b.n	20000df4 <dcd_event_handler+0xc8>
20000dce:	4643      	mov	r3, r8
20000dd0:	681b      	ldr	r3, [r3, #0]
20000dd2:	0161      	lsls	r1, r4, #5
20000dd4:	185b      	adds	r3, r3, r1
20000dd6:	2b00      	cmp	r3, #0
20000dd8:	d006      	beq.n	20000de8 <dcd_event_handler+0xbc>
20000dda:	69db      	ldr	r3, [r3, #28]
20000ddc:	2b00      	cmp	r3, #0
20000dde:	d003      	beq.n	20000de8 <dcd_event_handler+0xbc>
20000de0:	6869      	ldr	r1, [r5, #4]
20000de2:	7828      	ldrb	r0, [r5, #0]
20000de4:	4798      	blx	r3
20000de6:	783a      	ldrb	r2, [r7, #0]
20000de8:	3401      	adds	r4, #1
20000dea:	b2e4      	uxtb	r4, r4
20000dec:	1c51      	adds	r1, r2, #1
20000dee:	0023      	movs	r3, r4
20000df0:	42a1      	cmp	r1, r4
20000df2:	db17      	blt.n	20000e24 <dcd_event_handler+0xf8>
20000df4:	42a2      	cmp	r2, r4
20000df6:	d8ea      	bhi.n	20000dce <dcd_event_handler+0xa2>
20000df8:	1a9b      	subs	r3, r3, r2
20000dfa:	015b      	lsls	r3, r3, #5
20000dfc:	444b      	add	r3, r9
20000dfe:	e7ec      	b.n	20000dda <dcd_event_handler+0xae>
20000e00:	4b3f      	ldr	r3, [pc, #252]	@ (20000f00 <dcd_event_handler+0x1d4>)
20000e02:	781a      	ldrb	r2, [r3, #0]
20000e04:	07d2      	lsls	r2, r2, #31
20000e06:	d5be      	bpl.n	20000d86 <dcd_event_handler+0x5a>
20000e08:	2104      	movs	r1, #4
20000e0a:	781a      	ldrb	r2, [r3, #0]
20000e0c:	430a      	orrs	r2, r1
20000e0e:	701a      	strb	r2, [r3, #0]
20000e10:	e79f      	b.n	20000d52 <dcd_event_handler+0x26>
20000e12:	4b3b      	ldr	r3, [pc, #236]	@ (20000f00 <dcd_event_handler+0x1d4>)
20000e14:	781a      	ldrb	r2, [r3, #0]
20000e16:	07d2      	lsls	r2, r2, #31
20000e18:	d5b5      	bpl.n	20000d86 <dcd_event_handler+0x5a>
20000e1a:	2104      	movs	r1, #4
20000e1c:	781a      	ldrb	r2, [r3, #0]
20000e1e:	438a      	bics	r2, r1
20000e20:	701a      	strb	r2, [r3, #0]
20000e22:	e796      	b.n	20000d52 <dcd_event_handler+0x26>
20000e24:	4f36      	ldr	r7, [pc, #216]	@ (20000f00 <dcd_event_handler+0x1d4>)
20000e26:	783b      	ldrb	r3, [r7, #0]
20000e28:	075b      	lsls	r3, r3, #29
20000e2a:	d52b      	bpl.n	20000e84 <dcd_event_handler+0x158>
20000e2c:	2204      	movs	r2, #4
20000e2e:	783b      	ldrb	r3, [r7, #0]
20000e30:	2100      	movs	r1, #0
20000e32:	4393      	bics	r3, r2
20000e34:	703b      	strb	r3, [r7, #0]
20000e36:	466b      	mov	r3, sp
20000e38:	3206      	adds	r2, #6
20000e3a:	1d98      	adds	r0, r3, #6
20000e3c:	f000 f8a4 	bl	20000f88 <____wrap_memset_veneer>
20000e40:	782b      	ldrb	r3, [r5, #0]
20000e42:	ac01      	add	r4, sp, #4
20000e44:	7023      	strb	r3, [r4, #0]
20000e46:	2305      	movs	r3, #5
20000e48:	7063      	strb	r3, [r4, #1]
20000e4a:	4b2c      	ldr	r3, [pc, #176]	@ (20000efc <dcd_event_handler+0x1d0>)
20000e4c:	681b      	ldr	r3, [r3, #0]
20000e4e:	4698      	mov	r8, r3
20000e50:	695a      	ldr	r2, [r3, #20]
20000e52:	f3ef 8110 	mrs	r1, PRIMASK
20000e56:	b672      	cpsid	i
20000e58:	6813      	ldr	r3, [r2, #0]
20000e5a:	2b00      	cmp	r3, #0
20000e5c:	d0fc      	beq.n	20000e58 <dcd_event_handler+0x12c>
20000e5e:	f3bf 8f5f 	dmb	sy
20000e62:	4643      	mov	r3, r8
20000e64:	4640      	mov	r0, r8
20000e66:	6199      	str	r1, [r3, #24]
20000e68:	0021      	movs	r1, r4
20000e6a:	f000 f87d 	bl	20000f68 <__tu_fifo_write_veneer>
20000e6e:	4643      	mov	r3, r8
20000e70:	695a      	ldr	r2, [r3, #20]
20000e72:	699b      	ldr	r3, [r3, #24]
20000e74:	f3bf 8f5f 	dmb	sy
20000e78:	2100      	movs	r1, #0
20000e7a:	6011      	str	r1, [r2, #0]
20000e7c:	f383 8810 	msr	PRIMASK, r3
20000e80:	2800      	cmp	r0, #0
20000e82:	d131      	bne.n	20000ee8 <dcd_event_handler+0x1bc>
20000e84:	78fb      	ldrb	r3, [r7, #3]
20000e86:	07db      	lsls	r3, r3, #31
20000e88:	d400      	bmi.n	20000e8c <dcd_event_handler+0x160>
20000e8a:	e77c      	b.n	20000d86 <dcd_event_handler+0x5a>
20000e8c:	466b      	mov	r3, sp
20000e8e:	220a      	movs	r2, #10
20000e90:	2100      	movs	r1, #0
20000e92:	1d98      	adds	r0, r3, #6
20000e94:	f000 f878 	bl	20000f88 <____wrap_memset_veneer>
20000e98:	782b      	ldrb	r3, [r5, #0]
20000e9a:	ac01      	add	r4, sp, #4
20000e9c:	7023      	strb	r3, [r4, #0]
20000e9e:	2303      	movs	r3, #3
20000ea0:	7063      	strb	r3, [r4, #1]
20000ea2:	686b      	ldr	r3, [r5, #4]
20000ea4:	6063      	str	r3, [r4, #4]
20000ea6:	4b15      	ldr	r3, [pc, #84]	@ (20000efc <dcd_event_handler+0x1d0>)
20000ea8:	681d      	ldr	r5, [r3, #0]
20000eaa:	696a      	ldr	r2, [r5, #20]
20000eac:	f3ef 8110 	mrs	r1, PRIMASK
20000eb0:	b672      	cpsid	i
20000eb2:	6813      	ldr	r3, [r2, #0]
20000eb4:	2b00      	cmp	r3, #0
20000eb6:	d0fc      	beq.n	20000eb2 <dcd_event_handler+0x186>
20000eb8:	f3bf 8f5f 	dmb	sy
20000ebc:	61a9      	str	r1, [r5, #24]
20000ebe:	0028      	movs	r0, r5
20000ec0:	0021      	movs	r1, r4
20000ec2:	f000 f851 	bl	20000f68 <__tu_fifo_write_veneer>
20000ec6:	696a      	ldr	r2, [r5, #20]
20000ec8:	69ab      	ldr	r3, [r5, #24]
20000eca:	f3bf 8f5f 	dmb	sy
20000ece:	2100      	movs	r1, #0
20000ed0:	6011      	str	r1, [r2, #0]
20000ed2:	f383 8810 	msr	PRIMASK, r3
20000ed6:	2800      	cmp	r0, #0
20000ed8:	d100      	bne.n	20000edc <dcd_event_handler+0x1b0>
20000eda:	e754      	b.n	20000d86 <dcd_event_handler+0x5a>
20000edc:	0032      	movs	r2, r6
20000ede:	7861      	ldrb	r1, [r4, #1]
20000ee0:	7820      	ldrb	r0, [r4, #0]
20000ee2:	f000 f839 	bl	20000f58 <__tud_event_hook_cb_veneer>
20000ee6:	e74e      	b.n	20000d86 <dcd_event_handler+0x5a>
20000ee8:	0032      	movs	r2, r6
20000eea:	7861      	ldrb	r1, [r4, #1]
20000eec:	7820      	ldrb	r0, [r4, #0]
20000eee:	f000 f833 	bl	20000f58 <__tud_event_hook_cb_veneer>
20000ef2:	e7c7      	b.n	20000e84 <dcd_event_handler+0x158>
20000ef4:	10007a98 	.word	0x10007a98
20000ef8:	2000213c 	.word	0x2000213c
20000efc:	200017d8 	.word	0x200017d8
20000f00:	20001780 	.word	0x20001780
20000f04:	10007ab4 	.word	0x10007ab4
20000f08:	2000213a 	.word	0x2000213a
20000f0c:	200015d0 	.word	0x200015d0

20000f10 <__aeabi_idiv0>:
20000f10:	4770      	bx	lr
20000f12:	46c0      	nop			@ (mov r8, r8)
20000f14:	0000      	movs	r0, r0
	...

20000f18 <__best_effort_wfe_or_timeout_veneer>:
20000f18:	b401      	push	{r0}
20000f1a:	4802      	ldr	r0, [pc, #8]	@ (20000f24 <__best_effort_wfe_or_timeout_veneer+0xc>)
20000f1c:	4684      	mov	ip, r0
20000f1e:	bc01      	pop	{r0}
20000f20:	4760      	bx	ip
20000f22:	bf00      	nop
20000f24:	1000125d 	.word	0x1000125d

20000f28 <__panic_veneer>:
20000f28:	b401      	push	{r0}
20000f2a:	4802      	ldr	r0, [pc, #8]	@ (20000f34 <__panic_veneer+0xc>)
20000f2c:	4684      	mov	ip, r0
20000f2e:	bc01      	pop	{r0}
20000f30:	4760      	bx	ip
20000f32:	bf00      	nop
20000f34:	10000599 	.word	0x10000599

20000f38 <__time_us_64_veneer>:
20000f38:	b401      	push	{r0}
20000f3a:	4802      	ldr	r0, [pc, #8]	@ (20000f44 <__time_us_64_veneer+0xc>)
20000f3c:	4684      	mov	ip, r0
20000f3e:	bc01      	pop	{r0}
20000f40:	4760      	bx	ip
20000f42:	bf00      	nop
20000f44:	1000138d 	.word	0x1000138d

20000f48 <____wrap___aeabi_lmul_veneer>:
20000f48:	b401      	push	{r0}
20000f4a:	4802      	ldr	r0, [pc, #8]	@ (20000f54 <____wrap___aeabi_lmul_veneer+0xc>)
20000f4c:	4684      	mov	ip, r0
20000f4e:	bc01      	pop	{r0}
20000f50:	4760      	bx	ip
20000f52:	bf00      	nop
20000f54:	100026b5 	.word	0x100026b5

20000f58 <__tud_event_hook_cb_veneer>:
20000f58:	b401      	push	{r0}
20000f5a:	4802      	ldr	r0, [pc, #8]	@ (20000f64 <__tud_event_hook_cb_veneer+0xc>)
20000f5c:	4684      	mov	ip, r0
20000f5e:	bc01      	pop	{r0}
20000f60:	4760      	bx	ip
20000f62:	bf00      	nop
20000f64:	10004f7d 	.word	0x10004f7d

20000f68 <__tu_fifo_write_veneer>:
20000f68:	b401      	push	{r0}
20000f6a:	4802      	ldr	r0, [pc, #8]	@ (20000f74 <__tu_fifo_write_veneer+0xc>)
20000f6c:	4684      	mov	ip, r0
20000f6e:	bc01      	pop	{r0}
20000f70:	4760      	bx	ip
20000f72:	bf00      	nop
20000f74:	100069dd 	.word	0x100069dd

20000f78 <__rp2040_chip_version_veneer>:
20000f78:	b401      	push	{r0}
20000f7a:	4802      	ldr	r0, [pc, #8]	@ (20000f84 <__rp2040_chip_version_veneer+0xc>)
20000f7c:	4684      	mov	ip, r0
20000f7e:	bc01      	pop	{r0}
20000f80:	4760      	bx	ip
20000f82:	bf00      	nop
20000f84:	1000058d 	.word	0x1000058d

20000f88 <____wrap_memset_veneer>:
20000f88:	b401      	push	{r0}
20000f8a:	4802      	ldr	r0, [pc, #8]	@ (20000f94 <____wrap_memset_veneer+0xc>)
20000f8c:	4684      	mov	ip, r0
20000f8e:	bc01      	pop	{r0}
20000f90:	4760      	bx	ip
20000f92:	bf00      	nop
20000f94:	10002789 	.word	0x10002789

20000f98 <striped_spin_lock_num>:
20000f98:	00000010                                ....

20000f9c <irq_handler_chain_slots>:
20000f9c:	00000000 	.word	0x00000000
20000fa0:	00010000 	.word	0x00010000
	...
20000fac:	00020000 	.word	0x00020000
	...
20000fb8:	00030000 	.word	0x00030000
	...
20000fc4:	00ff0000 	.word	0x00ff0000
20000fc8:	00000000 	.word	0x00000000

20000fcc <irq_handler_chain_first_slot>:
20000fcc:	b501      	push	{r0, lr}
20000fce:	6848      	ldr	r0, [r1, #4]
20000fd0:	3101      	adds	r1, #1
20000fd2:	468e      	mov	lr, r1
20000fd4:	4700      	bx	r0

20000fd6 <irq_handler_chain_remove_tail>:
20000fd6:	4670      	mov	r0, lr
20000fd8:	3809      	subs	r0, #9
20000fda:	4901      	ldr	r1, [pc, #4]	@ (20000fe0 <irq_handler_chain_remove_tail+0xa>)
20000fdc:	4788      	blx	r1
20000fde:	bd01      	pop	{r0, pc}
20000fe0:	100009c9 	.word	0x100009c9

20000fe4 <default_alarm_pool>:
	...
20000ff8:	200010b0 00000000                       ... ....

20001000 <aeabi_bits_funcs>:
20001000:	00003350 	.word	0x00003350
20001004:	0000334c 	.word	0x0000334c
20001008:	00003354 	.word	0x00003354
2000100c:	00003352 	.word	0x00003352

20001010 <aeabi_bits_funcs_end>:
20001010:	0000534d 	.word	0x0000534d
20001014:	0000434d 	.word	0x0000434d
20001018:	00003453 	.word	0x00003453
2000101c:	00003443 	.word	0x00003443

20001020 <stdio_usb>:
20001020:	1000473d 100046f1 10004665 100045dd     =G...F..eF...E..
20001030:	00000000 00000100                       ........

20001038 <_usbd_qdef>:
20001038:	200017dc 000c0010 00000000 00000000     ... ............
	...

20001054 <_usbd_rhport>:
20001054:	000000ff                                ....

20001058 <i2c0_inst>:
20001058:	40044000 00000000                       .@.@....

20001060 <MotorDir>:
20001060:	00000000 00000001 00000001 00000000     ................

20001070 <MotorPin>:
20001070:	00000000 00000001 00000002 00000003     ................
20001080:	00000004 00000005 00000006 00000007     ................
20001090:	00000008 00000009 0000000a 0000000b     ................

200010a0 <__atexit_recursive_mutex>:
200010a0:	200015cc                                ... 

200010a4 <print_mutex>:
	...
